SkuShort,Brand,Country,Year,Week,NumberWorkdays,AvgTemp,AvgRain,AvgSun,IsLockdown,PdtHl,PrevWeekPdtHl1,BgtHl,PrevWeekSalesHl1,PrevWeekSalesHl2,PrevYearSalesHl1,PrevYearSalesHl2,PredSalesHl_ML
01000,PILSNER URQUELL,CZ,2021,25,5,19.77,5.27,5.266,False,,,2518.0,2992.0,2802.0,2700.0,2946.0,3007.0
01000,PILSNER URQUELL,SK,2021,25,5,19.77,5.27,5.266,False,,,364.0,520.0,495.0,455.0,455.0,474.0
01002,PILSNER URQUELL,CZ,2021,25,5,19.77,5.27,5.266,False,,,688.5,1212.0,1302.0,931.0,854.0,1209.0
01002,PILSNER URQUELL,SK,2021,25,5,19.77,5.27,5.266,False,,,90.8,165.1,179.0,138.5,118.8,158.0
01003,PILSNER URQUELL,CZ,2021,25,5,19.77,5.27,5.266,False,,,3114.0,4476.0,4760.0,4048.0,3836.0,4352.0
01003,PILSNER URQUELL,SK,2021,25,5,19.77,5.27,5.266,False,,,533.0,875.0,857.5,708.5,716.0,845.0
01005,PILSNER URQUELL,CZ,2021,25,5,19.77,5.27,5.266,False,,,8520.0,12700.0,12790.0,11360.0,11256.0,11437.0
01005,PILSNER URQUELL,SK,2021,25,5,19.77,5.27,5.266,False,,,1211.0,2044.0,1895.0,1667.0,1557.0,1934.0
02003,GAMBRINUS,CZ,2021,25,5,19.77,5.27,5.266,False,,,199.6,112.8,72.9,113.4,189.2,126.0
02300,GAMBRINUS,CZ,2021,25,5,19.77,5.27,5.266,False,,,309.2,279.5,288.2,364.8,536.0,297.0
02302,GAMBRINUS,CZ,2021,25,5,19.77,5.27,5.266,False,,,,33.0,42.75,,,54.0
02303,GAMBRINUS,CZ,2021,25,5,19.77,5.27,5.266,False,,,422.0,372.5,405.5,472.0,499.0,422.0
02305,GAMBRINUS,CZ,2021,25,5,19.77,5.27,5.266,False,,,2650.0,2252.0,2190.0,2374.0,3128.0,2453.0
02500,GAMBRINUS,CZ,2021,25,5,19.77,5.27,5.266,False,,,223.9,239.2,284.0,282.0,391.0,265.0
02503,GAMBRINUS,CZ,2021,25,5,19.77,5.27,5.266,False,,,80.06,107.7,174.6,122.1,170.4,127.0
02503,GAMBRINUS,SK,2021,25,5,19.77,5.27,5.266,False,,,19.86,35.4,33.0,30.3,37.8,42.0
02505,GAMBRINUS,CZ,2021,25,5,19.77,5.27,5.266,False,,,686.5,847.0,961.0,1080.0,1326.0,998.0
02600,GAMBRINUS,CZ,2021,25,5,19.77,5.27,5.266,False,,,997.5,850.0,790.0,909.0,1115.0,903.0
02600,GAMBRINUS,SK,2021,25,5,19.77,5.27,5.266,False,,,109.1,140.0,145.0,155.0,205.0,140.0
02603,GAMBRINUS,CZ,2021,25,5,19.77,5.27,5.266,False,,,566.0,771.5,822.0,773.0,762.0,833.0
02603,GAMBRINUS,SK,2021,25,5,19.77,5.27,5.266,False,,,117.2,183.6,185.1,189.9,168.2,173.0
02605,GAMBRINUS,CZ,2021,25,5,19.77,5.27,5.266,False,,,6172.0,5856.0,5596.0,6180.0,9490.0,6026.0
02605,GAMBRINUS,SK,2021,25,5,19.77,5.27,5.266,False,,,972.0,1049.0,1118.0,1008.0,1256.0,1123.0
02803,EXCELENT,CZ,2021,25,5,19.77,5.27,5.266,False,,,56.12,282.5,326.8,305.8,260.0,184.0
02803,EXCELENT,SK,2021,25,5,19.77,5.27,5.266,False,,,39.72,65.4,62.1,60.3,84.9,63.0
02805,EXCELENT,CZ,2021,25,5,19.77,5.27,5.266,False,,,263.2,754.0,760.5,771.5,1058.0,483.0
04000,SARIS,SK,2021,25,5,19.77,5.27,5.266,False,,,221.6,159.6,188.2,184.6,207.0,194.0
04002,SARIS,SK,2021,25,5,19.77,5.27,5.266,False,,,,6.9,6.75,,,21.0
04003,SARIS,SK,2021,25,5,19.77,5.27,5.266,False,,,91.9,123.3,108.0,128.1,121.2,123.0
04005,SARIS,SK,2021,25,5,19.77,5.27,5.266,False,,,993.5,1052.0,990.0,1183.0,1298.0,1122.0
04203,SARIS,SK,2021,25,5,19.77,5.27,5.266,False,,,120.25,160.2,171.9,137.1,151.2,162.0
04205,SARIS,SK,2021,25,5,19.77,5.27,5.266,False,,,757.5,754.5,621.5,704.5,1136.0,835.0
04303,SARIS,SK,2021,25,5,19.77,5.27,5.266,False,,,48.94,42.6,44.7,45.0,59.7,58.0
04402,SARIS,SK,2021,25,5,19.77,5.27,5.266,False,,,2.432,,,,,26.0
04403,SARIS,SK,2021,25,5,19.77,5.27,5.266,False,,,75.56,,,5.7,25.5,22.0
05000,RADEGAST,CZ,2021,25,5,19.77,5.27,5.266,False,,,855.0,947.0,1010.0,914.5,1191.0,1030.0
05000,RADEGAST,SK,2021,25,5,19.77,5.27,5.266,False,,,23.36,30.0,40.0,40.0,25.0,48.0
05002,RADEGAST,CZ,2021,25,5,19.77,5.27,5.266,False,,,254.4,677.5,673.0,455.5,288.2,378.0
05002,RADEGAST,SK,2021,25,5,19.77,5.27,5.266,False,,,,11.1,17.4,,,34.0
05003,RADEGAST,CZ,2021,25,5,19.77,5.27,5.266,False,,,608.0,1166.0,1339.0,1056.0,930.0,1217.0
05003,RADEGAST,SK,2021,25,5,19.77,5.27,5.266,False,,,44.72,110.1,92.4,74.75,68.1,96.0
05005,RADEGAST,CZ,2021,25,5,19.77,5.27,5.266,False,,,3964.0,6200.0,6844.0,5896.0,5876.0,5988.0
05005,RADEGAST,SK,2021,25,5,19.77,5.27,5.266,False,,,436.0,570.0,687.5,646.5,659.5,642.0
05100,RADEGAST,CZ,2021,25,5,19.77,5.27,5.266,False,,,260.0,275.2,333.5,308.2,316.5,303.0
05100,RADEGAST,SK,2021,25,5,19.77,5.27,5.266,False,,,84.0,75.0,80.0,70.0,95.0,98.0
05103,RADEGAST,CZ,2021,25,5,19.77,5.27,5.266,False,,,684.0,1430.0,1375.0,1052.0,1055.0,1339.0
05103,RADEGAST,SK,2021,25,5,19.77,5.27,5.266,False,,,67.9,159.6,119.1,104.1,102.3,123.0
05105,RADEGAST,CZ,2021,25,5,19.77,5.27,5.266,False,,,6068.0,7748.0,7764.0,6760.0,9380.0,8191.0
05105,RADEGAST,SK,2021,25,5,19.77,5.27,5.266,False,,,1451.0,1732.0,1592.0,1465.0,1728.0,1688.0
05202,BIRELL,CZ,2021,25,5,19.77,5.27,5.266,False,,,96.8,73.8,79.6,78.9,131.5,93.0
05202,BIRELL,SK,2021,25,5,19.77,5.27,5.266,False,,,24.33,21.45,24.75,23.4,25.05,35.0
05203,BIRELL,CZ,2021,25,5,19.77,5.27,5.266,False,,,659.0,542.5,577.0,569.5,816.5,626.0
05203,BIRELL,SK,2021,25,5,19.77,5.27,5.266,False,,,90.56,64.2,78.0,64.8,114.3,82.0
05603,RADEGAST,CZ,2021,25,5,19.77,5.27,5.266,False,,,321.2,329.8,355.2,438.5,,398.0
05903,RADEGAST,CZ,2021,25,5,19.77,5.27,5.266,False,,,,145.2,193.8,,,148.0
06003,KOZEL,CZ,2021,25,5,19.77,5.27,5.266,False,,,32.3,33.0,21.3,51.9,23.7,41.0
06005,KOZEL,CZ,2021,25,5,19.77,5.27,5.266,False,,,250.5,94.5,86.5,150.0,165.0,129.0
06005,KOZEL,SK,2021,25,5,19.77,5.27,5.266,False,,,15.05,,,,11.0,16.0
06100,KOZEL,CZ,2021,25,5,19.77,5.27,5.266,False,,,25.72,,,28.53,56.38,16.0
06103,KOZEL,CZ,2021,25,5,19.77,5.27,5.266,False,,,178.4,303.0,309.2,287.0,322.8,282.0
06103,KOZEL,SK,2021,25,5,19.77,5.27,5.266,False,,,29.95,23.4,32.4,34.5,63.3,40.0
06105,KOZEL,CZ,2021,25,5,19.77,5.27,5.266,False,,,1072.0,1228.0,1231.0,1342.0,1932.0,1360.0
06105,KOZEL,SK,2021,25,5,19.77,5.27,5.266,False,,,277.2,220.5,199.0,222.0,425.5,236.0
06202,KOZEL,CZ,2021,25,5,19.77,5.27,5.266,False,,,46.94,43.5,49.66,49.06,64.94,58.0
06203,KOZEL,CZ,2021,25,5,19.77,5.27,5.266,False,,,493.5,370.0,369.2,410.8,664.0,416.0
06205,KOZEL,CZ,2021,25,5,19.77,5.27,5.266,False,,,31.95,18.0,11.0,23.5,36.0,25.0
06500,KOZEL,CZ,2021,25,5,19.77,5.27,5.266,False,,,623.0,654.0,748.5,698.5,841.5,779.0
06500,KOZEL,SK,2021,25,5,19.77,5.27,5.266,False,,,45.7,54.8,30.0,45.0,75.0,51.0
06502,KOZEL,CZ,2021,25,5,19.77,5.27,5.266,False,,,,147.2,119.9,,,116.0
06503,KOZEL,CZ,2021,25,5,19.77,5.27,5.266,False,,,870.0,1458.0,1539.0,1468.0,1078.0,1456.0
06503,KOZEL,SK,2021,25,5,19.77,5.27,5.266,False,,,31.23,27.0,44.4,43.2,45.9,43.0
06505,KOZEL,CZ,2021,25,5,19.77,5.27,5.266,False,,,7350.0,8670.0,8580.0,8776.0,10470.0,8901.0
06505,KOZEL,SK,2021,25,5,19.77,5.27,5.266,False,,,271.5,247.5,203.5,258.5,444.5,245.0
07005,TOPVAR,SK,2021,25,5,19.77,5.27,5.266,False,,,257.0,200.5,224.5,288.5,363.0,247.0
07105,TOPVAR,SK,2021,25,5,19.77,5.27,5.266,False,,,58.53,48.0,59.5,92.0,123.5,66.0
07205,TOPVAR,SK,2021,25,5,19.77,5.27,5.266,False,,,157.6,110.0,97.0,138.0,299.0,132.0
07303,TOPVAR,SK,2021,25,5,19.77,5.27,5.266,False,,,46.6,57.6,47.1,45.3,67.8,64.0
08202,MASTER,CZ,2021,25,5,19.77,5.27,5.266,False,,,22.62,21.0,25.95,25.05,37.06,38.0
08302,MASTER,CZ,2021,25,5,19.77,5.27,5.266,False,,,17.6,12.9,12.6,14.55,25.8,23.0
08302,MASTER,SK,2021,25,5,19.77,5.27,5.266,False,,,50.8,15.75,22.2,18.0,20.4,26.0
09303,MASTER,CZ,2021,25,5,19.77,5.27,5.266,False,,,17.92,,,,,25.0
11202,BIRELL,CZ,2021,25,5,19.77,5.27,5.266,False,,,171.8,212.9,249.9,164.4,159.8,224.0
11202,BIRELL,SK,2021,25,5,19.77,5.27,5.266,False,,,100.5,150.1,158.8,70.06,56.4,134.0
11203,BIRELL,CZ,2021,25,5,19.77,5.27,5.266,False,,,2668.0,1782.0,2208.0,1249.0,1852.0,2226.0
11203,BIRELL,SK,2021,25,5,19.77,5.27,5.266,False,,,760.0,737.5,714.5,489.5,1114.0,796.0
11205,BIRELL,CZ,2021,25,5,19.77,5.27,5.266,False,,,,814.0,751.5,284.5,,445.0
11205,BIRELL,SK,2021,25,5,19.77,5.27,5.266,False,,,220.0,305.5,189.5,127.0,233.0,245.0
15002,KINGSWOOD,CZ,2021,25,5,19.77,5.27,5.266,False,,,42.06,47.6,41.47,50.2,68.06,53.0
15003,KINGSWOOD,CZ,2021,25,5,19.77,5.27,5.266,False,,,212.1,187.8,165.0,115.5,214.2,187.0
15202,KINGSWOOD,CZ,2021,25,5,19.77,5.27,5.266,False,,,4.195,,,,,20.0
20105,SWIST,CZ,2021,25,5,19.77,5.27,5.266,False,,,204.2,169.5,179.0,179.5,299.0,203.0
20205,SWIST,CZ,2021,25,5,19.77,5.27,5.266,False,,,669.5,660.5,685.0,543.0,878.0,759.0
21005,SWIST,SK,2021,25,5,19.77,5.27,5.266,False,,,468.8,429.5,447.0,485.0,727.5,543.0
01000,PILSNER URQUELL,CZ,2021,26,5,22.25,3.514,10.77,False,,,2518.0,505.2,2992.0,2960.0,3430.0,2187.0
01000,PILSNER URQUELL,SK,2021,26,5,22.25,3.514,10.77,False,,,364.0,,520.0,475.0,410.0,555.0
01002,PILSNER URQUELL,CZ,2021,26,5,22.25,3.514,10.77,False,,,688.5,192.9,1212.0,970.5,981.0,983.0
01002,PILSNER URQUELL,SK,2021,26,5,22.25,3.514,10.77,False,,,90.8,37.06,165.1,117.44,107.7,142.0
01003,PILSNER URQUELL,CZ,2021,26,5,22.25,3.514,10.77,False,,,3114.0,877.0,4476.0,3868.0,3356.0,3297.0
01003,PILSNER URQUELL,SK,2021,26,5,22.25,3.514,10.77,False,,,533.0,137.1,875.0,606.0,738.5,656.0
01005,PILSNER URQUELL,CZ,2021,26,5,22.25,3.514,10.77,False,,,8520.0,2160.0,12700.0,11576.0,14300.0,10519.0
01005,PILSNER URQUELL,SK,2021,26,5,22.25,3.514,10.77,False,,,1211.0,314.5,2044.0,1331.0,1686.0,1454.0
02003,GAMBRINUS,CZ,2021,26,5,22.25,3.514,10.77,False,,,199.6,10.8,112.8,125.1,127.5,116.0
02300,GAMBRINUS,CZ,2021,26,5,22.25,3.514,10.77,False,,,309.2,58.3,279.5,279.5,403.5,220.0
02302,GAMBRINUS,CZ,2021,26,5,22.25,3.514,10.77,False,,,,22.5,33.0,,,56.0
02303,GAMBRINUS,CZ,2021,26,5,22.25,3.514,10.77,False,,,422.0,77.7,372.5,458.5,513.0,313.0
02305,GAMBRINUS,CZ,2021,26,5,22.25,3.514,10.77,False,,,2650.0,341.5,2252.0,2374.0,3438.0,1849.0
02500,GAMBRINUS,CZ,2021,26,5,22.25,3.514,10.77,False,,,223.9,53.3,239.2,325.5,361.5,198.0
02503,GAMBRINUS,CZ,2021,26,5,22.25,3.514,10.77,False,,,80.06,22.5,107.7,143.4,157.8,95.0
02503,GAMBRINUS,SK,2021,26,5,22.25,3.514,10.77,False,,,19.86,8.1,35.4,38.7,31.22,41.0
02505,GAMBRINUS,CZ,2021,26,5,22.25,3.514,10.77,False,,,686.5,155.0,847.0,1007.0,1794.0,769.0
02600,GAMBRINUS,CZ,2021,26,5,22.25,3.514,10.77,False,,,997.5,152.1,850.0,945.0,1328.0,776.0
02600,GAMBRINUS,SK,2021,26,5,22.25,3.514,10.77,False,,,109.1,5.0,140.0,150.0,155.0,107.0
02603,GAMBRINUS,CZ,2021,26,5,22.25,3.514,10.77,False,,,566.0,141.0,771.5,792.5,972.0,658.0
02603,GAMBRINUS,SK,2021,26,5,22.25,3.514,10.77,False,,,117.2,29.7,183.6,147.2,129.2,137.0
02605,GAMBRINUS,CZ,2021,26,5,22.25,3.514,10.77,False,,,6172.0,1026.0,5856.0,6600.0,10750.0,5121.0
02605,GAMBRINUS,SK,2021,26,5,22.25,3.514,10.77,False,,,972.0,249.5,1049.0,895.5,1410.0,816.0
02803,EXCELENT,CZ,2021,26,5,22.25,3.514,10.77,False,,,56.12,72.3,282.5,248.4,335.5,148.0
02803,EXCELENT,SK,2021,26,5,22.25,3.514,10.77,False,,,39.72,6.6,65.4,49.8,57.6,54.0
02805,EXCELENT,CZ,2021,26,5,22.25,3.514,10.77,False,,,263.2,105.5,754.0,686.5,1514.0,502.0
04000,SARIS,SK,2021,26,5,22.25,3.514,10.77,False,,,221.6,,159.6,170.2,260.5,354.0
04002,SARIS,SK,2021,26,5,22.25,3.514,10.77,False,,,,0.75,6.9,,,23.0
04003,SARIS,SK,2021,26,5,22.25,3.514,10.77,False,,,91.9,16.8,123.3,180.9,117.3,101.0
04005,SARIS,SK,2021,26,5,22.25,3.514,10.77,False,,,993.5,129.0,1052.0,1066.0,1520.0,810.0
04203,SARIS,SK,2021,26,5,22.25,3.514,10.77,False,,,120.25,33.9,160.2,154.8,177.2,133.0
04205,SARIS,SK,2021,26,5,22.25,3.514,10.77,False,,,757.5,106.0,754.5,641.0,1208.0,640.0
04303,SARIS,SK,2021,26,5,22.25,3.514,10.77,False,,,48.94,5.1,42.6,43.5,73.2,48.0
04402,SARIS,SK,2021,26,5,22.25,3.514,10.77,False,,,2.432,,,1.2,,27.0
04403,SARIS,SK,2021,26,5,22.25,3.514,10.77,False,,,75.56,,,4.8,54.0,33.0
05000,RADEGAST,CZ,2021,26,5,22.25,3.514,10.77,False,,,855.0,197.1,947.0,866.0,1102.0,826.0
05000,RADEGAST,SK,2021,26,5,22.25,3.514,10.77,False,,,23.36,15.0,30.0,15.0,10.0,45.0
05002,RADEGAST,CZ,2021,26,5,22.25,3.514,10.77,False,,,254.4,140.0,677.5,351.5,292.0,454.0
05002,RADEGAST,SK,2021,26,5,22.25,3.514,10.77,False,,,,2.55,11.1,,,32.0
05003,RADEGAST,CZ,2021,26,5,22.25,3.514,10.77,False,,,608.0,261.2,1166.0,975.5,752.5,918.0
05003,RADEGAST,SK,2021,26,5,22.25,3.514,10.77,False,,,44.72,7.2,110.1,77.4,62.4,82.0
05005,RADEGAST,CZ,2021,26,5,22.25,3.514,10.77,False,,,3964.0,1000.5,6200.0,4856.0,5468.0,4893.0
05005,RADEGAST,SK,2021,26,5,22.25,3.514,10.77,False,,,436.0,138.0,570.0,503.5,627.5,450.0
05100,RADEGAST,CZ,2021,26,5,22.25,3.514,10.77,False,,,260.0,71.94,275.2,276.8,389.0,262.0
05100,RADEGAST,SK,2021,26,5,22.25,3.514,10.77,False,,,84.0,10.0,75.0,90.0,90.0,82.0
05103,RADEGAST,CZ,2021,26,5,22.25,3.514,10.77,False,,,684.0,368.5,1430.0,941.0,869.5,1098.0
05103,RADEGAST,SK,2021,26,5,22.25,3.514,10.77,False,,,67.9,30.0,159.6,124.5,113.1,115.0
05105,RADEGAST,CZ,2021,26,5,22.25,3.514,10.77,False,,,6068.0,1556.0,7748.0,6276.0,8390.0,6447.0
05105,RADEGAST,SK,2021,26,5,22.25,3.514,10.77,False,,,1451.0,434.5,1732.0,1262.0,2276.0,1417.0
05202,BIRELL,CZ,2021,26,5,22.25,3.514,10.77,False,,,96.8,12.45,73.8,81.3,139.2,91.0
05202,BIRELL,SK,2021,26,5,22.25,3.514,10.77,False,,,24.33,3.15,21.45,21.16,37.94,29.0
05203,BIRELL,CZ,2021,26,5,22.25,3.514,10.77,False,,,659.0,127.5,542.5,549.5,950.5,463.0
05203,BIRELL,SK,2021,26,5,22.25,3.514,10.77,False,,,90.56,11.7,64.2,59.7,113.1,74.0
05603,RADEGAST,CZ,2021,26,5,22.25,3.514,10.77,False,,,321.2,50.7,329.8,235.5,,311.0
05903,RADEGAST,CZ,2021,26,5,22.25,3.514,10.77,False,,,,14.1,145.2,,,121.0
06003,KOZEL,CZ,2021,26,5,22.25,3.514,10.77,False,,,32.3,3.3,33.0,61.2,26.1,41.0
06005,KOZEL,CZ,2021,26,5,22.25,3.514,10.77,False,,,250.5,9.5,94.5,148.0,174.0,112.0
06005,KOZEL,SK,2021,26,5,22.25,3.514,10.77,False,,,15.05,,,,11.5,25.0
06100,KOZEL,CZ,2021,26,5,22.25,3.514,10.77,False,,,25.72,,,47.38,84.94,29.0
06103,KOZEL,CZ,2021,26,5,22.25,3.514,10.77,False,,,178.4,95.4,303.0,235.8,340.0,246.0
06103,KOZEL,SK,2021,26,5,22.25,3.514,10.77,False,,,29.95,4.8,23.4,45.6,47.7,28.0
06105,KOZEL,CZ,2021,26,5,22.25,3.514,10.77,False,,,1072.0,244.0,1228.0,1410.0,2116.0,1026.0
06105,KOZEL,SK,2021,26,5,22.25,3.514,10.77,False,,,277.2,50.5,220.5,198.0,451.0,199.0
06202,KOZEL,CZ,2021,26,5,22.25,3.514,10.77,False,,,46.94,7.95,43.5,41.56,72.75,53.0
06203,KOZEL,CZ,2021,26,5,22.25,3.514,10.77,False,,,493.5,73.8,370.0,362.5,725.0,323.0
06205,KOZEL,CZ,2021,26,5,22.25,3.514,10.77,False,,,31.95,3.0,18.0,21.0,38.0,34.0
06500,KOZEL,CZ,2021,26,5,22.25,3.514,10.77,False,,,623.0,150.4,654.0,702.5,979.5,536.0
06500,KOZEL,SK,2021,26,5,22.25,3.514,10.77,False,,,45.7,,54.8,65.0,60.0,112.0
06502,KOZEL,CZ,2021,26,5,22.25,3.514,10.77,False,,,,61.2,147.2,,,124.0
06503,KOZEL,CZ,2021,26,5,22.25,3.514,10.77,False,,,870.0,269.0,1458.0,1213.0,1140.0,1053.0
06503,KOZEL,SK,2021,26,5,22.25,3.514,10.77,False,,,31.23,4.2,27.0,55.5,41.7,31.0
06505,KOZEL,CZ,2021,26,5,22.25,3.514,10.77,False,,,7350.0,1430.0,8670.0,7870.0,11150.0,7129.0
06505,KOZEL,SK,2021,26,5,22.25,3.514,10.77,False,,,271.5,39.5,247.5,252.0,448.5,204.0
07005,TOPVAR,SK,2021,26,5,22.25,3.514,10.77,False,,,257.0,27.0,200.5,252.0,483.0,194.0
07105,TOPVAR,SK,2021,26,5,22.25,3.514,10.77,False,,,58.53,8.5,48.0,54.5,133.0,56.0
07205,TOPVAR,SK,2021,26,5,22.25,3.514,10.77,False,,,157.6,22.0,110.0,142.0,274.0,116.0
07303,TOPVAR,SK,2021,26,5,22.25,3.514,10.77,False,,,46.6,9.0,57.6,22.2,73.8,60.0
08202,MASTER,CZ,2021,26,5,22.25,3.514,10.77,False,,,22.62,3.0,21.0,23.84,36.9,34.0
08302,MASTER,CZ,2021,26,5,22.25,3.514,10.77,False,,,17.6,2.25,12.9,15.75,25.5,33.0
08302,MASTER,SK,2021,26,5,22.25,3.514,10.77,False,,,50.8,3.0,15.75,18.3,18.6,20.0
09303,MASTER,CZ,2021,26,5,22.25,3.514,10.77,False,,,17.92,,,,,38.0
11202,BIRELL,CZ,2021,26,5,22.25,3.514,10.77,False,,,171.8,33.16,212.9,119.9,164.9,176.0
11202,BIRELL,SK,2021,26,5,22.25,3.514,10.77,False,,,100.5,9.75,150.1,90.44,61.94,116.0
11203,BIRELL,CZ,2021,26,5,22.25,3.514,10.77,False,,,2668.0,330.2,1782.0,980.5,2232.0,1741.0
11203,BIRELL,SK,2021,26,5,22.25,3.514,10.77,False,,,760.0,120.9,737.5,436.0,956.5,626.0
11205,BIRELL,CZ,2021,26,5,22.25,3.514,10.77,False,,,,132.5,814.0,280.5,,462.0
11205,BIRELL,SK,2021,26,5,22.25,3.514,10.77,False,,,220.0,41.0,305.5,121.0,378.8,264.0
15002,KINGSWOOD,CZ,2021,26,5,22.25,3.514,10.77,False,,,42.06,10.25,47.6,45.75,71.1,56.0
15003,KINGSWOOD,CZ,2021,26,5,22.25,3.514,10.77,False,,,212.1,36.6,187.8,141.6,356.0,181.0
15202,KINGSWOOD,CZ,2021,26,5,22.25,3.514,10.77,False,,,4.195,,,,17.44,36.0
20105,SWIST,CZ,2021,26,5,22.25,3.514,10.77,False,,,204.2,18.0,169.5,162.0,259.0,173.0
20205,SWIST,CZ,2021,26,5,22.25,3.514,10.77,False,,,669.5,140.0,660.5,473.5,925.5,560.0
21005,SWIST,SK,2021,26,5,22.25,3.514,10.77,False,,,468.8,73.5,429.5,418.5,607.0,405.0
01000,PILSNER URQUELL,CZ,2021,27,3,20.72,1.786,8.88,False,,,2974.0,,505.2,2886.0,2494.0,1200.0
01000,PILSNER URQUELL,SK,2021,27,4,20.72,1.786,8.88,False,,,443.0,,,485.0,420.0,410.0
01002,PILSNER URQUELL,CZ,2021,27,3,20.72,1.786,8.88,False,,,1003.5,,192.9,1133.0,908.0,543.0
01002,PILSNER URQUELL,SK,2021,27,4,20.72,1.786,8.88,False,,,115.6,,37.06,162.8,101.4,185.0
01003,PILSNER URQUELL,CZ,2021,27,3,20.72,1.786,8.88,False,,,3272.0,,877.0,4436.0,1750.0,1138.0
01003,PILSNER URQUELL,SK,2021,27,4,20.72,1.786,8.88,False,,,623.5,,137.1,830.0,621.5,459.0
01005,PILSNER URQUELL,CZ,2021,27,3,20.72,1.786,8.88,False,,,10710.0,,2160.0,13860.0,11220.0,2950.0
01005,PILSNER URQUELL,SK,2021,27,4,20.72,1.786,8.88,False,,,1596.0,,314.5,2012.0,1486.0,909.0
02003,GAMBRINUS,CZ,2021,27,3,20.72,1.786,8.88,False,,,244.1,,10.8,129.0,147.9,186.0
02300,GAMBRINUS,CZ,2021,27,3,20.72,1.786,8.88,False,,,363.2,,58.3,357.5,337.0,320.0
02302,GAMBRINUS,CZ,2021,27,3,20.72,1.786,8.88,False,,,,,22.5,,,136.0
02303,GAMBRINUS,CZ,2021,27,3,20.72,1.786,8.88,False,,,468.0,,77.7,480.0,352.0,343.0
02305,GAMBRINUS,CZ,2021,27,3,20.72,1.786,8.88,False,,,3240.0,,341.5,2784.0,2130.0,1166.0
02500,GAMBRINUS,CZ,2021,27,3,20.72,1.786,8.88,False,,,285.5,,53.3,360.8,276.5,299.0
02503,GAMBRINUS,CZ,2021,27,3,20.72,1.786,8.88,False,,,101.1,,22.5,145.2,132.2,122.0
02503,GAMBRINUS,SK,2021,27,4,20.72,1.786,8.88,False,,,26.53,,8.1,33.3,36.6,33.0
02505,GAMBRINUS,CZ,2021,27,3,20.72,1.786,8.88,False,,,717.0,,155.0,1122.0,959.0,494.0
02600,GAMBRINUS,CZ,2021,27,3,20.72,1.786,8.88,False,,,1122.0,,152.1,986.5,1051.0,496.0
02600,GAMBRINUS,SK,2021,27,4,20.72,1.786,8.88,False,,,135.2,,5.0,145.0,175.0,139.0
02603,GAMBRINUS,CZ,2021,27,3,20.72,1.786,8.88,False,,,749.5,,141.0,834.5,861.5,430.0
02603,GAMBRINUS,SK,2021,27,4,20.72,1.786,8.88,False,,,183.8,,29.7,198.0,192.0,240.0
02605,GAMBRINUS,CZ,2021,27,3,20.72,1.786,8.88,False,,,7000.0,,1026.0,7708.0,6330.0,1743.0
02605,GAMBRINUS,SK,2021,27,4,20.72,1.786,8.88,False,,,1166.0,,249.5,1192.0,1050.0,602.0
02803,EXCELENT,CZ,2021,27,3,20.72,1.786,8.88,False,,,77.44,,72.3,313.5,220.2,155.0
02803,EXCELENT,SK,2021,27,4,20.72,1.786,8.88,False,,,45.12,,6.6,62.4,45.0,32.0
02805,EXCELENT,CZ,2021,27,3,20.72,1.786,8.88,False,,,322.8,,105.5,1116.0,1445.0,433.0
04000,SARIS,SK,2021,27,4,20.72,1.786,8.88,False,,,228.0,,,204.4,219.8,44.0
04002,SARIS,SK,2021,27,4,20.72,1.786,8.88,False,,,,,0.75,,,41.0
04003,SARIS,SK,2021,27,4,20.72,1.786,8.88,False,,,106.2,,16.8,133.8,124.2,121.0
04005,SARIS,SK,2021,27,4,20.72,1.786,8.88,False,,,1207.0,,129.0,1171.0,1272.0,566.0
04203,SARIS,SK,2021,27,4,20.72,1.786,8.88,False,,,140.6,,33.9,159.2,153.6,201.0
04205,SARIS,SK,2021,27,4,20.72,1.786,8.88,False,,,965.5,,106.0,808.0,1142.0,519.0
04303,SARIS,SK,2021,27,4,20.72,1.786,8.88,False,,,66.8,,5.1,58.8,80.1,44.0
04402,SARIS,SK,2021,27,4,20.72,1.786,8.88,False,,,1.734,,,2.7,,8.0
04403,SARIS,SK,2021,27,4,20.72,1.786,8.88,False,,,53.9,,,6.0,42.9,7.0
05000,RADEGAST,CZ,2021,27,3,20.72,1.786,8.88,False,,,1187.0,,197.1,993.0,1116.0,547.0
05000,RADEGAST,SK,2021,27,4,20.72,1.786,8.88,False,,,35.22,,15.0,30.0,20.0,53.0
05002,RADEGAST,CZ,2021,27,3,20.72,1.786,8.88,False,,,366.8,,140.0,473.5,306.0,387.0
05002,RADEGAST,SK,2021,27,4,20.72,1.786,8.88,False,,,,,2.55,,,51.0
05003,RADEGAST,CZ,2021,27,3,20.72,1.786,8.88,False,,,785.0,,261.2,1200.0,730.0,560.0
05003,RADEGAST,SK,2021,27,4,20.72,1.786,8.88,False,,,58.22,,7.2,85.5,61.5,50.0
05005,RADEGAST,CZ,2021,27,3,20.72,1.786,8.88,False,,,5364.0,,1000.5,6920.0,5236.0,1390.0
05005,RADEGAST,SK,2021,27,4,20.72,1.786,8.88,False,,,540.5,,138.0,538.5,458.5,437.0
05100,RADEGAST,CZ,2021,27,3,20.72,1.786,8.88,False,,,659.5,,71.94,297.5,393.0,401.0
05100,RADEGAST,SK,2021,27,4,20.72,1.786,8.88,False,,,120.1,,10.0,100.0,100.0,142.0
05103,RADEGAST,CZ,2021,27,3,20.72,1.786,8.88,False,,,911.0,,368.5,1292.0,863.5,609.0
05103,RADEGAST,SK,2021,27,4,20.72,1.786,8.88,False,,,91.4,,30.0,98.4,105.3,149.0
05105,RADEGAST,CZ,2021,27,3,20.72,1.786,8.88,False,,,7548.0,,1556.0,8460.0,6884.0,2150.0
05105,RADEGAST,SK,2021,27,4,20.72,1.786,8.88,False,,,1652.0,,434.5,1540.0,1407.0,976.0
05202,BIRELL,CZ,2021,27,3,20.72,1.786,8.88,False,,,105.1,,12.45,95.1,108.44,106.0
05202,BIRELL,SK,2021,27,4,20.72,1.786,8.88,False,,,30.83,,3.15,25.2,29.4,35.0
05203,BIRELL,CZ,2021,27,3,20.72,1.786,8.88,False,,,803.5,,127.5,744.5,837.5,460.0
05203,BIRELL,SK,2021,27,4,20.72,1.786,8.88,False,,,102.0,,11.7,88.5,98.4,105.0
05603,RADEGAST,CZ,2021,27,3,20.72,1.786,8.88,False,,,400.8,,50.7,466.0,,401.0
05903,RADEGAST,CZ,2021,27,3,20.72,1.786,8.88,False,,,,,14.1,,,96.0
06003,KOZEL,CZ,2021,27,3,20.72,1.786,8.88,False,,,43.44,,3.3,44.4,18.6,33.0
06005,KOZEL,CZ,2021,27,3,20.72,1.786,8.88,False,,,305.5,,9.5,152.0,144.5,251.0
06005,KOZEL,SK,2021,27,4,20.72,1.786,8.88,False,,,18.14,,,,11.0,6.0
06100,KOZEL,CZ,2021,27,3,20.72,1.786,8.88,False,,,32.6,,,18.98,37.84,0.0
06103,KOZEL,CZ,2021,27,3,20.72,1.786,8.88,False,,,241.9,,95.4,368.0,290.8,295.0
06103,KOZEL,SK,2021,27,4,20.72,1.786,8.88,False,,,42.78,,4.8,29.4,52.8,33.0
06105,KOZEL,CZ,2021,27,3,20.72,1.786,8.88,False,,,1486.0,,244.0,1671.0,1834.0,729.0
06105,KOZEL,SK,2021,27,4,20.72,1.786,8.88,False,,,330.8,,50.5,251.5,349.0,327.0
06202,KOZEL,CZ,2021,27,3,20.72,1.786,8.88,False,,,60.66,,7.95,54.16,54.6,38.0
06203,KOZEL,CZ,2021,27,3,20.72,1.786,8.88,False,,,624.0,,73.8,496.8,622.5,368.0
06205,KOZEL,CZ,2021,27,3,20.72,1.786,8.88,False,,,45.44,,3.0,21.5,40.5,33.0
06500,KOZEL,CZ,2021,27,3,20.72,1.786,8.88,False,,,787.0,,150.4,785.5,867.0,448.0
06500,KOZEL,SK,2021,27,4,20.72,1.786,8.88,False,,,61.9,,,65.0,45.0,5.0
06502,KOZEL,CZ,2021,27,3,20.72,1.786,8.88,False,,,,,61.2,,,156.0
06503,KOZEL,CZ,2021,27,3,20.72,1.786,8.88,False,,,1072.0,,269.0,1541.0,914.5,572.0
06503,KOZEL,SK,2021,27,4,20.72,1.786,8.88,False,,,37.72,,4.2,65.7,29.7,33.0
06505,KOZEL,CZ,2021,27,3,20.72,1.786,8.88,False,,,8570.0,,1430.0,10744.0,8456.0,2051.0
06505,KOZEL,SK,2021,27,4,20.72,1.786,8.88,False,,,362.5,,39.5,289.0,387.5,339.0
07005,TOPVAR,SK,2021,27,4,20.72,1.786,8.88,False,,,290.0,,27.0,250.0,257.0,303.0
07105,TOPVAR,SK,2021,27,4,20.72,1.786,8.88,False,,,62.7,,8.5,94.5,75.5,46.0
07205,TOPVAR,SK,2021,27,4,20.72,1.786,8.88,False,,,171.6,,22.0,152.0,209.0,238.0
07303,TOPVAR,SK,2021,27,4,20.72,1.786,8.88,False,,,53.94,,9.0,56.1,39.6,43.0
08202,MASTER,CZ,2021,27,3,20.72,1.786,8.88,False,,,31.72,,3.0,36.75,31.2,41.0
08302,MASTER,CZ,2021,27,3,20.72,1.786,8.88,False,,,22.56,,2.25,18.75,18.75,41.0
08302,MASTER,SK,2021,27,4,20.72,1.786,8.88,False,,,69.8,,3.0,19.66,13.8,41.0
09303,MASTER,CZ,2021,27,3,20.72,1.786,8.88,False,,,13.664,,,,,7.0
11202,BIRELL,CZ,2021,27,3,20.72,1.786,8.88,False,,,230.4,,33.16,181.4,145.5,253.0
11202,BIRELL,SK,2021,27,4,20.72,1.786,8.88,False,,,82.7,,9.75,95.56,48.9,81.0
11203,BIRELL,CZ,2021,27,3,20.72,1.786,8.88,False,,,3014.0,,330.2,1652.0,1766.0,1180.0
11203,BIRELL,SK,2021,27,4,20.72,1.786,8.88,False,,,882.5,,120.9,794.0,901.5,517.0
11205,BIRELL,CZ,2021,27,3,20.72,1.786,8.88,False,,,879.0,,132.5,680.0,175.0,479.0
11205,BIRELL,SK,2021,27,4,20.72,1.786,8.88,False,,,337.8,,41.0,274.0,422.0,381.0
15002,KINGSWOOD,CZ,2021,27,3,20.72,1.786,8.88,False,,,60.7,,10.25,58.75,110.2,39.0
15003,KINGSWOOD,CZ,2021,27,3,20.72,1.786,8.88,False,,,314.2,,36.6,266.8,398.0,307.0
15202,KINGSWOOD,CZ,2021,27,3,20.72,1.786,8.88,False,,,23.95,,,,61.34,9.0
20105,SWIST,CZ,2021,27,3,20.72,1.786,8.88,False,,,255.2,,18.0,258.0,256.5,268.0
20205,SWIST,CZ,2021,27,3,20.72,1.786,8.88,False,,,534.5,,140.0,836.5,828.0,474.0
21005,SWIST,SK,2021,27,4,20.72,1.786,8.88,False,,,,,73.5,535.0,688.5,371.0
01000,PILSNER URQUELL,CZ,2021,28,5,17.38,2.24,5.02,False,,,2974.0,,,2402.0,2710.0,1352.0
01000,PILSNER URQUELL,SK,2021,28,5,17.38,2.24,5.02,False,,,443.0,,,545.0,395.0,415.0
01002,PILSNER URQUELL,CZ,2021,28,5,17.38,2.24,5.02,False,,,1003.5,,,850.0,845.5,663.0
01002,PILSNER URQUELL,SK,2021,28,5,17.38,2.24,5.02,False,,,115.6,,,134.4,106.94,23.0
01003,PILSNER URQUELL,CZ,2021,28,5,17.38,2.24,5.02,False,,,3272.0,,,3720.0,2782.0,1258.0
01003,PILSNER URQUELL,SK,2021,28,5,17.38,2.24,5.02,False,,,623.5,,,796.0,636.5,603.0
01005,PILSNER URQUELL,CZ,2021,28,5,17.38,2.24,5.02,False,,,10710.0,,,11580.0,10070.0,3121.0
01005,PILSNER URQUELL,SK,2021,28,5,17.38,2.24,5.02,False,,,1596.0,,,2132.0,1468.0,982.0
02003,GAMBRINUS,CZ,2021,28,5,17.38,2.24,5.02,False,,,244.1,,,124.2,140.8,28.0
02300,GAMBRINUS,CZ,2021,28,5,17.38,2.24,5.02,False,,,363.2,,,275.8,355.8,224.0
02302,GAMBRINUS,CZ,2021,28,5,17.38,2.24,5.02,False,,,,,,,,16.0
02303,GAMBRINUS,CZ,2021,28,5,17.38,2.24,5.02,False,,,468.0,,,376.2,319.8,354.0
02305,GAMBRINUS,CZ,2021,28,5,17.38,2.24,5.02,False,,,3240.0,,,2230.0,2630.0,1384.0
02500,GAMBRINUS,CZ,2021,28,5,17.38,2.24,5.02,False,,,285.5,,,235.6,384.8,89.0
02503,GAMBRINUS,CZ,2021,28,5,17.38,2.24,5.02,False,,,101.1,,,111.0,121.2,15.0
02503,GAMBRINUS,SK,2021,28,5,17.38,2.24,5.02,False,,,26.53,,,35.1,24.9,3.0
02505,GAMBRINUS,CZ,2021,28,5,17.38,2.24,5.02,False,,,717.0,,,912.5,940.5,602.0
02600,GAMBRINUS,CZ,2021,28,5,17.38,2.24,5.02,False,,,1122.0,,,854.0,1122.0,635.0
02600,GAMBRINUS,SK,2021,28,5,17.38,2.24,5.02,False,,,135.2,,,150.0,155.0,15.0
02603,GAMBRINUS,CZ,2021,28,5,17.38,2.24,5.02,False,,,749.5,,,731.5,662.0,594.0
02603,GAMBRINUS,SK,2021,28,5,17.38,2.24,5.02,False,,,183.8,,,166.5,182.1,32.0
02605,GAMBRINUS,CZ,2021,28,5,17.38,2.24,5.02,False,,,7000.0,,,6468.0,8060.0,2413.0
02605,GAMBRINUS,SK,2021,28,5,17.38,2.24,5.02,False,,,1166.0,,,1164.0,1092.0,665.0
02803,EXCELENT,CZ,2021,28,5,17.38,2.24,5.02,False,,,77.44,,,257.8,214.5,14.0
02803,EXCELENT,SK,2021,28,5,17.38,2.24,5.02,False,,,45.12,,,65.4,36.6,4.0
02805,EXCELENT,CZ,2021,28,5,17.38,2.24,5.02,False,,,322.8,,,766.0,705.0,251.0
04000,SARIS,SK,2021,28,5,17.38,2.24,5.02,False,,,228.0,,,182.0,169.8,41.0
04002,SARIS,SK,2021,28,5,17.38,2.24,5.02,False,,,,,,,,15.0
04003,SARIS,SK,2021,28,5,17.38,2.24,5.02,False,,,106.2,,,125.1,95.7,15.0
04005,SARIS,SK,2021,28,5,17.38,2.24,5.02,False,,,1207.0,,,1400.0,1218.0,705.0
04203,SARIS,SK,2021,28,5,17.38,2.24,5.02,False,,,140.6,,,176.8,141.0,12.0
04205,SARIS,SK,2021,28,5,17.38,2.24,5.02,False,,,965.5,,,966.5,1036.0,640.0
04303,SARIS,SK,2021,28,5,17.38,2.24,5.02,False,,,66.8,,,56.1,70.5,9.0
04402,SARIS,SK,2021,28,5,17.38,2.24,5.02,False,,,1.734,,,3.0,,8.0
04403,SARIS,SK,2021,28,5,17.38,2.24,5.02,False,,,53.9,,,4.2,22.8,5.0
05000,RADEGAST,CZ,2021,28,5,17.38,2.24,5.02,False,,,1187.0,,,883.0,1057.0,678.0
05000,RADEGAST,SK,2021,28,5,17.38,2.24,5.02,False,,,35.22,,,30.0,15.0,9.0
05002,RADEGAST,CZ,2021,28,5,17.38,2.24,5.02,False,,,366.8,,,423.2,267.0,261.0
05002,RADEGAST,SK,2021,28,5,17.38,2.24,5.02,False,,,,,,,,23.0
05003,RADEGAST,CZ,2021,28,5,17.38,2.24,5.02,False,,,785.0,,,974.5,711.5,646.0
05003,RADEGAST,SK,2021,28,5,17.38,2.24,5.02,False,,,58.22,,,99.0,49.8,16.0
05005,RADEGAST,CZ,2021,28,5,17.38,2.24,5.02,False,,,5364.0,,,5430.0,4610.0,1794.0
05005,RADEGAST,SK,2021,28,5,17.38,2.24,5.02,False,,,540.5,,,600.0,534.0,547.0
05100,RADEGAST,CZ,2021,28,5,17.38,2.24,5.02,False,,,659.5,,,252.4,906.0,574.0
05100,RADEGAST,SK,2021,28,5,17.38,2.24,5.02,False,,,120.1,,,95.0,80.0,20.0
05103,RADEGAST,CZ,2021,28,5,17.38,2.24,5.02,False,,,911.0,,,1306.0,752.0,675.0
05103,RADEGAST,SK,2021,28,5,17.38,2.24,5.02,False,,,91.4,,,177.9,98.1,21.0
05105,RADEGAST,CZ,2021,28,5,17.38,2.24,5.02,False,,,7548.0,,,8450.0,6948.0,2666.0
05105,RADEGAST,SK,2021,28,5,17.38,2.24,5.02,False,,,1652.0,,,1839.0,1426.0,995.0
05202,BIRELL,CZ,2021,28,5,17.38,2.24,5.02,False,,,105.1,,,76.94,104.9,20.0
05202,BIRELL,SK,2021,28,5,17.38,2.24,5.02,False,,,30.83,,,31.2,29.4,4.0
05203,BIRELL,CZ,2021,28,5,17.38,2.24,5.02,False,,,803.5,,,608.5,759.0,580.0
05203,BIRELL,SK,2021,28,5,17.38,2.24,5.02,False,,,102.0,,,78.9,116.1,14.0
05603,RADEGAST,CZ,2021,28,5,17.38,2.24,5.02,False,,,400.8,,,333.5,,424.0
05903,RADEGAST,CZ,2021,28,5,17.38,2.24,5.02,False,,,,,,,,46.0
06003,KOZEL,CZ,2021,28,5,17.38,2.24,5.02,False,,,43.44,,,26.1,22.8,8.0
06005,KOZEL,CZ,2021,28,5,17.38,2.24,5.02,False,,,305.5,,,128.5,157.5,133.0
06005,KOZEL,SK,2021,28,5,17.38,2.24,5.02,False,,,18.14,,,,8.0,7.0
06100,KOZEL,CZ,2021,28,5,17.38,2.24,5.02,False,,,32.6,,,47.22,46.78,8.0
06103,KOZEL,CZ,2021,28,5,17.38,2.24,5.02,False,,,241.9,,,265.5,265.5,58.0
06103,KOZEL,SK,2021,28,5,17.38,2.24,5.02,False,,,42.78,,,41.1,54.0,3.0
06105,KOZEL,CZ,2021,28,5,17.38,2.24,5.02,False,,,1486.0,,,1348.0,1782.0,877.0
06105,KOZEL,SK,2021,28,5,17.38,2.24,5.02,False,,,330.8,,,259.5,332.5,149.0
06202,KOZEL,CZ,2021,28,5,17.38,2.24,5.02,False,,,60.66,,,40.5,64.5,10.0
06203,KOZEL,CZ,2021,28,5,17.38,2.24,5.02,False,,,624.0,,,411.5,571.0,529.0
06205,KOZEL,CZ,2021,28,5,17.38,2.24,5.02,False,,,45.44,,,21.0,45.5,9.0
06500,KOZEL,CZ,2021,28,5,17.38,2.24,5.02,False,,,787.0,,,652.5,785.0,607.0
06500,KOZEL,SK,2021,28,5,17.38,2.24,5.02,False,,,61.9,,,55.0,75.0,6.0
06502,KOZEL,CZ,2021,28,5,17.38,2.24,5.02,False,,,,,,,,17.0
06503,KOZEL,CZ,2021,28,5,17.38,2.24,5.02,False,,,1072.0,,,1233.0,977.5,662.0
06503,KOZEL,SK,2021,28,5,17.38,2.24,5.02,False,,,37.72,,,59.7,37.5,3.0
06505,KOZEL,CZ,2021,28,5,17.38,2.24,5.02,False,,,8570.0,,,8300.0,7868.0,2571.0
06505,KOZEL,SK,2021,28,5,17.38,2.24,5.02,False,,,362.5,,,345.5,357.5,247.0
07005,TOPVAR,SK,2021,28,5,17.38,2.24,5.02,False,,,290.0,,,240.0,296.5,114.0
07105,TOPVAR,SK,2021,28,5,17.38,2.24,5.02,False,,,62.7,,,90.5,132.5,12.0
07205,TOPVAR,SK,2021,28,5,17.38,2.24,5.02,False,,,171.6,,,171.5,139.5,42.0
07303,TOPVAR,SK,2021,28,5,17.38,2.24,5.02,False,,,53.94,,,66.3,56.4,11.0
08202,MASTER,CZ,2021,28,5,17.38,2.24,5.02,False,,,31.72,,,25.8,37.06,9.0
08302,MASTER,CZ,2021,28,5,17.38,2.24,5.02,False,,,22.56,,,14.7,23.84,9.0
08302,MASTER,SK,2021,28,5,17.38,2.24,5.02,False,,,69.8,,,22.66,23.1,7.0
09303,MASTER,CZ,2021,28,5,17.38,2.24,5.02,False,,,13.664,,,,,16.0
11202,BIRELL,CZ,2021,28,5,17.38,2.24,5.02,False,,,230.4,,,150.0,172.8,65.0
11202,BIRELL,SK,2021,28,5,17.38,2.24,5.02,False,,,82.7,,,102.0,52.5,10.0
11203,BIRELL,CZ,2021,28,5,17.38,2.24,5.02,False,,,3014.0,,,1530.0,1210.0,1361.0
11203,BIRELL,SK,2021,28,5,17.38,2.24,5.02,False,,,882.5,,,902.0,807.5,608.0
11205,BIRELL,CZ,2021,28,5,17.38,2.24,5.02,False,,,879.0,,,583.5,550.0,589.0
11205,BIRELL,SK,2021,28,5,17.38,2.24,5.02,False,,,337.8,,,320.0,300.5,225.0
15002,KINGSWOOD,CZ,2021,28,5,17.38,2.24,5.02,False,,,60.7,,,38.1,51.56,7.0
15003,KINGSWOOD,CZ,2021,28,5,17.38,2.24,5.02,False,,,314.2,,,136.8,267.5,156.0
15202,KINGSWOOD,CZ,2021,28,5,17.38,2.24,5.02,False,,,23.95,,,,17.44,9.0
20105,SWIST,CZ,2021,28,5,17.38,2.24,5.02,False,,,255.2,,,171.0,257.5,100.0
20205,SWIST,CZ,2021,28,5,17.38,2.24,5.02,False,,,534.5,,,629.5,789.5,601.0
21005,SWIST,SK,2021,28,5,17.38,2.24,5.02,False,,,,,,621.5,590.0,296.0
01000,PILSNER URQUELL,CZ,2021,29,5,18.42,3.15,6.934,False,,,2974.0,,,2644.0,2878.0,1318.0
01000,PILSNER URQUELL,SK,2021,29,5,18.42,3.15,6.934,False,,,443.0,,,440.0,360.0,358.0
01002,PILSNER URQUELL,CZ,2021,29,5,18.42,3.15,6.934,False,,,1003.5,,,939.5,658.5,658.0
01002,PILSNER URQUELL,SK,2021,29,5,18.42,3.15,6.934,False,,,115.6,,,121.8,103.5,22.0
01003,PILSNER URQUELL,CZ,2021,29,5,18.42,3.15,6.934,False,,,3272.0,,,3694.0,3202.0,1383.0
01003,PILSNER URQUELL,SK,2021,29,5,18.42,3.15,6.934,False,,,623.5,,,689.0,458.0,552.0
01005,PILSNER URQUELL,CZ,2021,29,5,18.42,3.15,6.934,False,,,10710.0,,,11090.0,8890.0,2851.0
01005,PILSNER URQUELL,SK,2021,29,5,18.42,3.15,6.934,False,,,1596.0,,,1664.0,1151.0,981.0
02003,GAMBRINUS,CZ,2021,29,5,18.42,3.15,6.934,False,,,244.1,,,117.9,113.7,30.0
02300,GAMBRINUS,CZ,2021,29,5,18.42,3.15,6.934,False,,,363.2,,,293.5,311.0,228.0
02302,GAMBRINUS,CZ,2021,29,5,18.42,3.15,6.934,False,,,,,,,,22.0
02303,GAMBRINUS,CZ,2021,29,5,18.42,3.15,6.934,False,,,468.0,,,382.5,319.0,356.0
02305,GAMBRINUS,CZ,2021,29,5,18.42,3.15,6.934,False,,,3240.0,,,2360.0,2332.0,1423.0
02500,GAMBRINUS,CZ,2021,29,5,18.42,3.15,6.934,False,,,285.5,,,369.5,294.2,98.0
02503,GAMBRINUS,CZ,2021,29,5,18.42,3.15,6.934,False,,,101.1,,,120.3,125.7,16.0
02503,GAMBRINUS,SK,2021,29,5,18.42,3.15,6.934,False,,,26.53,,,27.9,21.3,2.0
02505,GAMBRINUS,CZ,2021,29,5,18.42,3.15,6.934,False,,,717.0,,,1111.0,932.0,606.0
02600,GAMBRINUS,CZ,2021,29,5,18.42,3.15,6.934,False,,,1122.0,,,987.0,1316.0,640.0
02600,GAMBRINUS,SK,2021,29,5,18.42,3.15,6.934,False,,,135.2,,,145.0,125.0,13.0
02603,GAMBRINUS,CZ,2021,29,5,18.42,3.15,6.934,False,,,749.5,,,704.5,737.0,595.0
02603,GAMBRINUS,SK,2021,29,5,18.42,3.15,6.934,False,,,183.8,,,175.8,141.6,34.0
02605,GAMBRINUS,CZ,2021,29,5,18.42,3.15,6.934,False,,,7000.0,,,6070.0,6760.0,2302.0
02605,GAMBRINUS,SK,2021,29,5,18.42,3.15,6.934,False,,,1166.0,,,1027.0,911.0,640.0
02803,EXCELENT,CZ,2021,29,5,18.42,3.15,6.934,False,,,77.44,,,284.5,255.2,14.0
02803,EXCELENT,SK,2021,29,5,18.42,3.15,6.934,False,,,45.12,,,68.1,37.5,3.0
02805,EXCELENT,CZ,2021,29,5,18.42,3.15,6.934,False,,,322.8,,,785.0,764.0,270.0
04000,SARIS,SK,2021,29,5,18.42,3.15,6.934,False,,,228.0,,,189.2,249.0,44.0
04002,SARIS,SK,2021,29,5,18.42,3.15,6.934,False,,,,,,,,19.0
04003,SARIS,SK,2021,29,5,18.42,3.15,6.934,False,,,106.2,,,93.3,93.6,16.0
04005,SARIS,SK,2021,29,5,18.42,3.15,6.934,False,,,1207.0,,,1086.0,1196.0,700.0
04203,SARIS,SK,2021,29,5,18.42,3.15,6.934,False,,,140.6,,,137.4,114.6,9.0
04205,SARIS,SK,2021,29,5,18.42,3.15,6.934,False,,,965.5,,,768.0,896.0,628.0
04303,SARIS,SK,2021,29,5,18.42,3.15,6.934,False,,,66.8,,,50.1,49.8,8.0
04402,SARIS,SK,2021,29,5,18.42,3.15,6.934,False,,,1.734,,,2.55,,7.0
04403,SARIS,SK,2021,29,5,18.42,3.15,6.934,False,,,53.9,,,3.9,31.5,6.0
05000,RADEGAST,CZ,2021,29,5,18.42,3.15,6.934,False,,,1187.0,,,918.0,1199.0,673.0
05000,RADEGAST,SK,2021,29,5,18.42,3.15,6.934,False,,,35.22,,,20.0,20.0,8.0
05002,RADEGAST,CZ,2021,29,5,18.42,3.15,6.934,False,,,366.8,,,347.0,198.1,254.0
05002,RADEGAST,SK,2021,29,5,18.42,3.15,6.934,False,,,,,,,,28.0
05003,RADEGAST,CZ,2021,29,5,18.42,3.15,6.934,False,,,785.0,,,1079.0,594.0,632.0
05003,RADEGAST,SK,2021,29,5,18.42,3.15,6.934,False,,,58.22,,,81.0,46.2,14.0
05005,RADEGAST,CZ,2021,29,5,18.42,3.15,6.934,False,,,5364.0,,,5656.0,4656.0,1852.0
05005,RADEGAST,SK,2021,29,5,18.42,3.15,6.934,False,,,540.5,,,488.5,437.5,529.0
05100,RADEGAST,CZ,2021,29,5,18.42,3.15,6.934,False,,,659.5,,,348.0,751.0,560.0
05100,RADEGAST,SK,2021,29,5,18.42,3.15,6.934,False,,,120.1,,,90.0,95.0,21.0
05103,RADEGAST,CZ,2021,29,5,18.42,3.15,6.934,False,,,911.0,,,1347.0,591.5,651.0
05103,RADEGAST,SK,2021,29,5,18.42,3.15,6.934,False,,,91.4,,,91.5,69.6,20.0
05105,RADEGAST,CZ,2021,29,5,18.42,3.15,6.934,False,,,7548.0,,,7544.0,6170.0,2559.0
05105,RADEGAST,SK,2021,29,5,18.42,3.15,6.934,False,,,1652.0,,,1504.0,1390.0,1001.0
05202,BIRELL,CZ,2021,29,5,18.42,3.15,6.934,False,,,105.1,,,75.3,87.6,23.0
05202,BIRELL,SK,2021,29,5,18.42,3.15,6.934,False,,,30.83,,,26.7,22.66,6.0
05203,BIRELL,CZ,2021,29,5,18.42,3.15,6.934,False,,,803.5,,,611.5,635.0,567.0
05203,BIRELL,SK,2021,29,5,18.42,3.15,6.934,False,,,102.0,,,64.2,71.1,17.0
05603,RADEGAST,CZ,2021,29,5,18.42,3.15,6.934,False,,,400.8,,,344.8,,421.0
05903,RADEGAST,CZ,2021,29,5,18.42,3.15,6.934,False,,,,,,,,53.0
06003,KOZEL,CZ,2021,29,5,18.42,3.15,6.934,False,,,43.44,,,37.2,18.0,8.0
06005,KOZEL,CZ,2021,29,5,18.42,3.15,6.934,False,,,305.5,,,139.5,163.5,141.0
06005,KOZEL,SK,2021,29,5,18.42,3.15,6.934,False,,,18.14,,,,7.5,7.0
06100,KOZEL,CZ,2021,29,5,18.42,3.15,6.934,False,,,32.6,,,28.47,75.25,8.0
06103,KOZEL,CZ,2021,29,5,18.42,3.15,6.934,False,,,241.9,,,258.0,260.0,57.0
06103,KOZEL,SK,2021,29,5,18.42,3.15,6.934,False,,,42.78,,,31.8,31.8,4.0
06105,KOZEL,CZ,2021,29,5,18.42,3.15,6.934,False,,,1486.0,,,1358.0,1404.0,869.0
06105,KOZEL,SK,2021,29,5,18.42,3.15,6.934,False,,,330.8,,,220.5,248.0,149.0
06202,KOZEL,CZ,2021,29,5,18.42,3.15,6.934,False,,,60.66,,,50.56,51.6,10.0
06203,KOZEL,CZ,2021,29,5,18.42,3.15,6.934,False,,,624.0,,,423.2,583.0,523.0
06205,KOZEL,CZ,2021,29,5,18.42,3.15,6.934,False,,,45.44,,,24.5,37.5,8.0
06500,KOZEL,CZ,2021,29,5,18.42,3.15,6.934,False,,,787.0,,,723.5,677.0,589.0
06500,KOZEL,SK,2021,29,5,18.42,3.15,6.934,False,,,61.9,,,55.0,55.0,6.0
06502,KOZEL,CZ,2021,29,5,18.42,3.15,6.934,False,,,,,,,,22.0
06503,KOZEL,CZ,2021,29,5,18.42,3.15,6.934,False,,,1072.0,,,1364.0,829.0,644.0
06503,KOZEL,SK,2021,29,5,18.42,3.15,6.934,False,,,37.72,,,27.6,26.7,4.0
06505,KOZEL,CZ,2021,29,5,18.42,3.15,6.934,False,,,8570.0,,,9700.0,7270.0,2469.0
06505,KOZEL,SK,2021,29,5,18.42,3.15,6.934,False,,,362.5,,,277.5,269.0,244.0
07005,TOPVAR,SK,2021,29,5,18.42,3.15,6.934,False,,,290.0,,,221.5,309.0,122.0
07105,TOPVAR,SK,2021,29,5,18.42,3.15,6.934,False,,,62.7,,,66.5,57.5,11.0
07205,TOPVAR,SK,2021,29,5,18.42,3.15,6.934,False,,,171.6,,,123.5,172.0,41.0
07303,TOPVAR,SK,2021,29,5,18.42,3.15,6.934,False,,,53.94,,,44.7,44.7,10.0
08202,MASTER,CZ,2021,29,5,18.42,3.15,6.934,False,,,31.72,,,22.95,32.84,7.0
08302,MASTER,CZ,2021,29,5,18.42,3.15,6.934,False,,,22.56,,,17.84,24.0,7.0
08302,MASTER,SK,2021,29,5,18.42,3.15,6.934,False,,,69.8,,,19.34,21.0,8.0
09303,MASTER,CZ,2021,29,5,18.42,3.15,6.934,False,,,13.664,,,,,12.0
11202,BIRELL,CZ,2021,29,5,18.42,3.15,6.934,False,,,230.4,,,158.2,77.56,63.0
11202,BIRELL,SK,2021,29,5,18.42,3.15,6.934,False,,,82.7,,,82.5,41.25,12.0
11203,BIRELL,CZ,2021,29,5,18.42,3.15,6.934,False,,,3014.0,,,1324.0,965.0,1427.0
11203,BIRELL,SK,2021,29,5,18.42,3.15,6.934,False,,,882.5,,,558.0,575.0,563.0
11205,BIRELL,CZ,2021,29,5,18.42,3.15,6.934,False,,,879.0,,,582.5,408.5,586.0
11205,BIRELL,SK,2021,29,5,18.42,3.15,6.934,False,,,337.8,,,225.5,281.5,228.0
15002,KINGSWOOD,CZ,2021,29,5,18.42,3.15,6.934,False,,,60.7,,,45.75,45.6,7.0
15003,KINGSWOOD,CZ,2021,29,5,18.42,3.15,6.934,False,,,314.2,,,126.3,404.0,166.0
15202,KINGSWOOD,CZ,2021,29,5,18.42,3.15,6.934,False,,,23.95,,,,50.5,7.0
20105,SWIST,CZ,2021,29,5,18.42,3.15,6.934,False,,,255.2,,,220.5,226.5,102.0
20205,SWIST,CZ,2021,29,5,18.42,3.15,6.934,False,,,534.5,,,643.0,573.5,575.0
21005,SWIST,SK,2021,29,5,18.42,3.15,6.934,False,,,,,,497.5,528.0,287.0
01000,PILSNER URQUELL,CZ,2021,30,5,22.0,1.125,8.695,False,,,2974.0,,,2784.0,3026.0,1297.0
01000,PILSNER URQUELL,SK,2021,30,5,22.0,1.125,8.695,False,,,443.0,,,475.0,420.0,419.0
01002,PILSNER URQUELL,CZ,2021,30,5,22.0,1.125,8.695,False,,,1003.5,,,898.5,814.0,690.0
01002,PILSNER URQUELL,SK,2021,30,5,22.0,1.125,8.695,False,,,115.6,,,111.44,108.9,28.0
01003,PILSNER URQUELL,CZ,2021,30,5,22.0,1.125,8.695,False,,,3272.0,,,3694.0,3372.0,1404.0
01003,PILSNER URQUELL,SK,2021,30,5,22.0,1.125,8.695,False,,,623.5,,,692.5,609.0,601.0
01005,PILSNER URQUELL,CZ,2021,30,5,22.0,1.125,8.695,False,,,10710.0,,,11144.0,10850.0,3171.0
01005,PILSNER URQUELL,SK,2021,30,5,22.0,1.125,8.695,False,,,1596.0,,,1684.0,1548.0,999.0
02003,GAMBRINUS,CZ,2021,30,5,22.0,1.125,8.695,False,,,244.1,,,113.7,134.8,32.0
02300,GAMBRINUS,CZ,2021,30,5,22.0,1.125,8.695,False,,,363.2,,,331.8,395.5,253.0
02302,GAMBRINUS,CZ,2021,30,5,22.0,1.125,8.695,False,,,,,,,,21.0
02303,GAMBRINUS,CZ,2021,30,5,22.0,1.125,8.695,False,,,468.0,,,383.5,336.5,382.0
02305,GAMBRINUS,CZ,2021,30,5,22.0,1.125,8.695,False,,,3240.0,,,2276.0,2530.0,1451.0
02500,GAMBRINUS,CZ,2021,30,5,22.0,1.125,8.695,False,,,285.5,,,297.0,365.5,103.0
02503,GAMBRINUS,CZ,2021,30,5,22.0,1.125,8.695,False,,,101.1,,,122.1,137.8,20.0
02503,GAMBRINUS,SK,2021,30,5,22.0,1.125,8.695,False,,,26.53,,,34.5,39.9,7.0
02505,GAMBRINUS,CZ,2021,30,5,22.0,1.125,8.695,False,,,717.0,,,898.0,1026.0,626.0
02600,GAMBRINUS,CZ,2021,30,5,22.0,1.125,8.695,False,,,1122.0,,,769.0,1209.0,651.0
02600,GAMBRINUS,SK,2021,30,5,22.0,1.125,8.695,False,,,135.2,,,150.0,170.0,22.0
02603,GAMBRINUS,CZ,2021,30,5,22.0,1.125,8.695,False,,,749.5,,,688.0,728.0,612.0
02603,GAMBRINUS,SK,2021,30,5,22.0,1.125,8.695,False,,,183.8,,,215.8,148.8,38.0
02605,GAMBRINUS,CZ,2021,30,5,22.0,1.125,8.695,False,,,7000.0,,,6244.0,7508.0,2320.0
02605,GAMBRINUS,SK,2021,30,5,22.0,1.125,8.695,False,,,1166.0,,,1106.0,1147.0,687.0
02803,EXCELENT,CZ,2021,30,5,22.0,1.125,8.695,False,,,77.44,,,257.0,233.4,18.0
02803,EXCELENT,SK,2021,30,5,22.0,1.125,8.695,False,,,45.12,,,74.7,86.1,8.0
02805,EXCELENT,CZ,2021,30,5,22.0,1.125,8.695,False,,,322.8,,,650.0,812.0,269.0
04000,SARIS,SK,2021,30,5,22.0,1.125,8.695,False,,,228.0,,,150.2,209.6,47.0
04002,SARIS,SK,2021,30,5,22.0,1.125,8.695,False,,,,,,,,23.0
04003,SARIS,SK,2021,30,5,22.0,1.125,8.695,False,,,106.2,,,118.2,109.8,21.0
04005,SARIS,SK,2021,30,5,22.0,1.125,8.695,False,,,1207.0,,,1030.0,1136.0,721.0
04203,SARIS,SK,2021,30,5,22.0,1.125,8.695,False,,,140.6,,,155.4,142.8,14.0
04205,SARIS,SK,2021,30,5,22.0,1.125,8.695,False,,,965.5,,,718.5,897.0,650.0
04303,SARIS,SK,2021,30,5,22.0,1.125,8.695,False,,,66.8,,,56.4,56.1,12.0
04402,SARIS,SK,2021,30,5,22.0,1.125,8.695,False,,,1.734,,,9.3,,11.0
04403,SARIS,SK,2021,30,5,22.0,1.125,8.695,False,,,53.9,,,,23.4,14.0
05000,RADEGAST,CZ,2021,30,5,22.0,1.125,8.695,False,,,1187.0,,,918.5,1029.0,686.0
05000,RADEGAST,SK,2021,30,5,22.0,1.125,8.695,False,,,35.22,,,30.0,10.0,12.0
05002,RADEGAST,CZ,2021,30,5,22.0,1.125,8.695,False,,,366.8,,,388.8,274.2,283.0
05002,RADEGAST,SK,2021,30,5,22.0,1.125,8.695,False,,,,,,,,33.0
05003,RADEGAST,CZ,2021,30,5,22.0,1.125,8.695,False,,,785.0,,,829.0,715.0,646.0
05003,RADEGAST,SK,2021,30,5,22.0,1.125,8.695,False,,,58.22,,,76.2,62.7,17.0
05005,RADEGAST,CZ,2021,30,5,22.0,1.125,8.695,False,,,5364.0,,,5200.0,5400.0,1881.0
05005,RADEGAST,SK,2021,30,5,22.0,1.125,8.695,False,,,540.5,,,567.5,487.5,557.0
05100,RADEGAST,CZ,2021,30,5,22.0,1.125,8.695,False,,,659.5,,,272.2,485.5,545.0
05100,RADEGAST,SK,2021,30,5,22.0,1.125,8.695,False,,,120.1,,,75.0,105.0,25.0
05103,RADEGAST,CZ,2021,30,5,22.0,1.125,8.695,False,,,911.0,,,843.5,791.0,645.0
05103,RADEGAST,SK,2021,30,5,22.0,1.125,8.695,False,,,91.4,,,104.4,99.9,24.0
05105,RADEGAST,CZ,2021,30,5,22.0,1.125,8.695,False,,,7548.0,,,6324.0,7360.0,2571.0
05105,RADEGAST,SK,2021,30,5,22.0,1.125,8.695,False,,,1652.0,,,1409.0,1618.0,1026.0
05202,BIRELL,CZ,2021,30,5,22.0,1.125,8.695,False,,,105.1,,,67.06,91.5,28.0
05202,BIRELL,SK,2021,30,5,22.0,1.125,8.695,False,,,30.83,,,24.45,24.75,11.0
05203,BIRELL,CZ,2021,30,5,22.0,1.125,8.695,False,,,803.5,,,578.5,724.5,603.0
05203,BIRELL,SK,2021,30,5,22.0,1.125,8.695,False,,,102.0,,,75.9,86.1,23.0
05603,RADEGAST,CZ,2021,30,5,22.0,1.125,8.695,False,,,400.8,,,397.0,,453.0
05903,RADEGAST,CZ,2021,30,5,22.0,1.125,8.695,False,,,,,,,,56.0
06003,KOZEL,CZ,2021,30,5,22.0,1.125,8.695,False,,,43.44,,,29.1,32.7,9.0
06005,KOZEL,CZ,2021,30,5,22.0,1.125,8.695,False,,,305.5,,,152.0,166.0,149.0
06005,KOZEL,SK,2021,30,5,22.0,1.125,8.695,False,,,18.14,,,,7.0,10.0
06100,KOZEL,CZ,2021,30,5,22.0,1.125,8.695,False,,,32.6,,,19.06,47.1,9.0
06103,KOZEL,CZ,2021,30,5,22.0,1.125,8.695,False,,,241.9,,,252.0,298.8,61.0
06103,KOZEL,SK,2021,30,5,22.0,1.125,8.695,False,,,42.78,,,31.5,63.9,6.0
06105,KOZEL,CZ,2021,30,5,22.0,1.125,8.695,False,,,1486.0,,,1402.0,1914.0,874.0
06105,KOZEL,SK,2021,30,5,22.0,1.125,8.695,False,,,330.8,,,200.0,350.5,159.0
06202,KOZEL,CZ,2021,30,5,22.0,1.125,8.695,False,,,60.66,,,51.0,67.06,12.0
06203,KOZEL,CZ,2021,30,5,22.0,1.125,8.695,False,,,624.0,,,450.2,662.0,561.0
06205,KOZEL,CZ,2021,30,5,22.0,1.125,8.695,False,,,45.44,,,22.0,41.5,10.0
06500,KOZEL,CZ,2021,30,5,22.0,1.125,8.695,False,,,787.0,,,682.5,857.5,626.0
06500,KOZEL,SK,2021,30,5,22.0,1.125,8.695,False,,,61.9,,,55.0,45.0,9.0
06502,KOZEL,CZ,2021,30,5,22.0,1.125,8.695,False,,,,,,,,21.0
06503,KOZEL,CZ,2021,30,5,22.0,1.125,8.695,False,,,1072.0,,,1072.0,1082.0,664.0
06503,KOZEL,SK,2021,30,5,22.0,1.125,8.695,False,,,37.72,,,35.1,33.6,6.0
06505,KOZEL,CZ,2021,30,5,22.0,1.125,8.695,False,,,8570.0,,,7800.0,9200.0,2542.0
06505,KOZEL,SK,2021,30,5,22.0,1.125,8.695,False,,,362.5,,,300.0,372.5,273.0
07005,TOPVAR,SK,2021,30,5,22.0,1.125,8.695,False,,,290.0,,,250.0,300.5,129.0
07105,TOPVAR,SK,2021,30,5,22.0,1.125,8.695,False,,,62.7,,,80.0,116.5,15.0
07205,TOPVAR,SK,2021,30,5,22.0,1.125,8.695,False,,,171.6,,,96.5,242.5,49.0
07303,TOPVAR,SK,2021,30,5,22.0,1.125,8.695,False,,,53.94,,,47.1,59.4,14.0
08202,MASTER,CZ,2021,30,5,22.0,1.125,8.695,False,,,31.72,,,31.05,42.3,9.0
08302,MASTER,CZ,2021,30,5,22.0,1.125,8.695,False,,,22.56,,,19.34,31.05,9.0
08302,MASTER,SK,2021,30,5,22.0,1.125,8.695,False,,,69.8,,,23.1,20.55,11.0
09303,MASTER,CZ,2021,30,5,22.0,1.125,8.695,False,,,13.664,,,,,15.0
11202,BIRELL,CZ,2021,30,5,22.0,1.125,8.695,False,,,230.4,,,118.2,108.0,66.0
11202,BIRELL,SK,2021,30,5,22.0,1.125,8.695,False,,,82.7,,,84.44,40.5,17.0
11203,BIRELL,CZ,2021,30,5,22.0,1.125,8.695,False,,,3014.0,,,1124.0,1370.0,1480.0
11203,BIRELL,SK,2021,30,5,22.0,1.125,8.695,False,,,882.5,,,595.5,674.5,633.0
11205,BIRELL,CZ,2021,30,5,22.0,1.125,8.695,False,,,879.0,,,610.0,562.0,659.0
11205,BIRELL,SK,2021,30,5,22.0,1.125,8.695,False,,,337.8,,,200.5,259.5,269.0
15002,KINGSWOOD,CZ,2021,30,5,22.0,1.125,8.695,False,,,60.7,,,37.03,54.62,13.0
15003,KINGSWOOD,CZ,2021,30,5,22.0,1.125,8.695,False,,,314.2,,,152.8,313.5,184.0
15202,KINGSWOOD,CZ,2021,30,5,22.0,1.125,8.695,False,,,23.95,,,,13.31,16.0
20105,SWIST,CZ,2021,30,5,22.0,1.125,8.695,False,,,255.2,,,194.0,277.0,120.0
20205,SWIST,CZ,2021,30,5,22.0,1.125,8.695,False,,,534.5,,,617.0,881.5,630.0
21005,SWIST,SK,2021,30,5,22.0,1.125,8.695,False,,,,,,408.5,653.5,313.0
