SkuShort,Brand,Country,Year,Week,NumberWorkdays,PrevNumberWorkdays,NextNumberWorkdays,AvgTemp,AvgRain,AvgSun,IsLockdown,PdtHl,PrevWeekPdtHl1,BgtHl,PrevWeekSalesHl1,PrevWeekSalesHl2,PrevYearSalesHl1,PrevYearSalesHl2,TrueSalesHl,PredSalesHl_Classic,PredSalesHl_ML
01015,PILSNER URQUELL,CZ,2021,15,5,4.0,,3.277,1.754,1.525,True,3740.0,6110.0,7068.0,4690.0,12776.0,13530.0,21440.0,5222.9,7840.0,7102.0
01015,PILSNER URQUELL,SK,2021,15,5,4.0,,3.277,1.754,1.525,True,3814.0,2394.0,1937.0,2660.0,2038.0,2588.0,2100.0,3376.0,3310.0,3061.0
01016,PILSNER URQUELL,CZ,2021,15,5,4.0,,3.277,1.754,1.525,True,28.58,100.0,198.2,49.9,400.2,75.6,391.8,82.1304,75.1,134.0
01016,PILSNER URQUELL,SK,2021,15,5,4.0,,3.277,1.754,1.525,True,9.69,27.34,36.3,46.88,49.5,17.58,44.75,23.1264,23.95,36.0
01027,PILSNER URQUELL,CZ,2021,15,5,4.0,,3.277,1.754,1.525,True,,,11.17,7.207,13.625,10.055,11.805,8.316,10.11,7.0
01041,PILSNER URQUELL,CZ,2021,15,5,4.0,,3.277,1.754,1.525,True,21.42,,426.5,237.0,444.8,387.0,418.8,290.36,196.5,344.0
01041,PILSNER URQUELL,SK,2021,15,5,4.0,,3.277,1.754,1.525,True,,765.0,280.0,,,806.5,,0.0,0.0,110.0
01042,PILSNER URQUELL,CZ,2021,15,5,4.0,,3.277,1.754,1.525,True,,,1125.0,,,,90.0,0.0,0.0,193.0
01044,PILSNER URQUELL,SK,2021,15,5,4.0,,3.277,1.754,1.525,True,,,150.0,,,,,0.0,0.0,52.0
01058,PILSNER URQUELL,CZ,2021,15,5,4.0,,3.277,1.754,1.525,True,,,1500.0,,,,,0.0,0.0,156.0
01070,PILSNER URQUELL,CZ,2021,15,5,4.0,,3.277,1.754,1.525,True,106.44,12.86,190.2,64.8,146.5,77.3,185.8,142.7184,146.6,142.0
01070,PILSNER URQUELL,SK,2021,15,5,4.0,,3.277,1.754,1.525,True,19.4,1.552,17.36,23.77,8.79,15.76,9.34,8.712,4.03,24.0
01071,PILSNER URQUELL,CZ,2021,15,5,4.0,,3.277,1.754,1.525,True,1702.0,940.0,1335.0,2868.0,1099.0,2374.0,729.5,1208.28,1474.0,2108.0
01075,PILSNER URQUELL,CZ,2021,15,5,4.0,,3.277,1.754,1.525,True,,,250.0,,,1043.0,,1168.2792,1251.0,201.0
01076,PILSNER URQUELL,CZ,2021,15,5,4.0,,3.277,1.754,1.525,True,,,5.277,3.0,,,6.84,0.0,2.271,66.0
01076,PILSNER URQUELL,SK,2021,15,5,4.0,,3.277,1.754,1.525,True,1536.0,,,1535.0,,959.5,266.0,0.24,0.0,454.0
01077,PILSNER URQUELL,CZ,2021,15,5,4.0,,3.277,1.754,1.525,True,182.9,137.1,2066.0,666.0,1174.0,1162.0,755.5,5298.0,4700.0,1373.0
01077,PILSNER URQUELL,SK,2021,15,5,4.0,,3.277,1.754,1.525,True,454.0,1409.0,2790.0,3418.0,2720.0,3300.0,1818.0,2009.76,2009.0,2490.0
01078,PILSNER URQUELL,CZ,2021,15,5,4.0,,3.277,1.754,1.525,True,,,48.7,37.72,22.23,29.97,,34.2,9.9,37.0
01095,PILSNER URQUELL,CZ,2021,15,5,4.0,,3.277,1.754,1.525,True,,,0.6406,,,,,0.0,0.0,21.0
01096,PILSNER URQUELL,CZ,2021,15,5,4.0,,3.277,1.754,1.525,True,,,1.895,3.4,0.6,1.24,6.12,1.8,1.4795,14.0
01125,ASAHI,CZ,2021,15,5,4.0,,3.277,1.754,1.525,True,,2.0,0.982,3.8,2.217,0.554,0.475,1.5048,0.871,9.0
01125,ASAHI,SK,2021,15,5,4.0,,3.277,1.754,1.525,True,,,0.10986,0.396,1.268,0.1584,0.1584,0.2376,0.2128,7.0
02015,GAMBRINUS,CZ,2021,15,5,4.0,,3.277,1.754,1.525,True,2130.0,730.5,1287.0,3076.0,1182.0,801.5,624.0,1046.2,1147.0,1598.0
02015,GAMBRINUS,SK,2021,15,5,4.0,,3.277,1.754,1.525,True,11.29,10.43,,29.8,60.6,,,103.0,18.56,42.0
02071,GAMBRINUS,CZ,2021,15,5,4.0,,3.277,1.754,1.525,True,864.0,186.8,748.5,304.2,820.0,853.0,611.0,987.24,1380.0,909.0
02077,GAMBRINUS,SK,2021,15,5,4.0,,3.277,1.754,1.525,True,297.2,354.8,429.8,530.0,414.0,855.5,381.2,1731.0,1523.0,593.0
02115,GAMBRINUS,CZ,2021,15,5,4.0,,3.277,1.754,1.525,True,4664.0,5428.0,12590.0,3562.0,9976.0,12880.0,7504.0,7917.8,6530.0,8452.0
02115,GAMBRINUS,SK,2021,15,5,4.0,,3.277,1.754,1.525,True,599.0,538.0,664.5,963.5,977.0,480.5,76.3,604.8,506.5,850.0
02141,GAMBRINUS,CZ,2021,15,5,4.0,,3.277,1.754,1.525,True,,,200.8,41.56,40.9,123.5,181.4,66.8,53.97,86.0
02141,GAMBRINUS,SK,2021,15,5,4.0,,3.277,1.754,1.525,True,,,15.0,,,,,0.0,0.0,14.0
02170,GAMBRINUS,CZ,2021,15,5,4.0,,3.277,1.754,1.525,True,20.47,15.1,120.56,26.61,44.03,26.84,103.75,31.7592,31.75,55.0
02171,GAMBRINUS,CZ,2021,15,5,4.0,,3.277,1.754,1.525,True,1639.0,597.5,1835.0,1194.0,2142.0,1348.0,2618.0,2018.88,2320.0,2145.0
02177,GAMBRINUS,CZ,2021,15,5,4.0,,3.277,1.754,1.525,True,1666.0,3780.0,1819.0,1400.0,3180.0,2392.0,501.2,1198.32,1589.0,1747.0
02177,GAMBRINUS,SK,2021,15,5,4.0,,3.277,1.754,1.525,True,1482.0,1421.0,1543.0,1640.0,1717.0,2568.0,2254.0,1079.88,1809.0,2032.0
02181,GAMBRINUS,CZ,2021,15,5,4.0,,3.277,1.754,1.525,True,,,5.0,,,,,0.0,0.0,12.0
02184,GAMBRINUS,CZ,2021,15,5,4.0,,3.277,1.754,1.525,True,,,657.5,,,1405.0,1896.0,0.0,0.0,514.0
02184,GAMBRINUS,SK,2021,15,5,4.0,,3.277,1.754,1.525,True,,,428.0,,83.2,532.0,3086.0,0.0,88.0,459.0
02215,GAMBRINUS,CZ,2021,15,5,4.0,,3.277,1.754,1.525,True,,21.42,305.5,260.8,321.2,242.4,255.2,229.3,234.6,265.0
02815,EXCELENT,CZ,2021,15,5,4.0,,3.277,1.754,1.525,True,841.5,2009.0,3072.0,898.5,2508.0,1660.0,460.5,1618.4,1230.0,1546.0
02838,EXCELENT,CZ,2021,15,5,4.0,,3.277,1.754,1.525,True,,,0.7915,,,5.266,12.0,0.0,0.0,0.0
02838,EXCELENT,SK,2021,15,5,4.0,,3.277,1.754,1.525,True,,,1.854,,,,5.15,0.0,0.0,6.0
02841,EXCELENT,CZ,2021,15,5,4.0,,3.277,1.754,1.525,True,,,143.5,,0.56,128.1,89.0,294.28,128.0,49.0
02871,EXCELENT,CZ,2021,15,5,4.0,,3.277,1.754,1.525,True,314.0,217.0,481.0,422.0,444.0,322.5,194.1,519.0,448.2,482.0
02877,EXCELENT,CZ,2021,15,5,4.0,,3.277,1.754,1.525,True,,,171.4,32.4,73.94,79.94,89.75,34.8,47.0,73.0
03015,PRIMUS,CZ,2021,15,5,4.0,,3.277,1.754,1.525,True,97.5,69.6,1014.5,446.5,705.0,830.5,799.0,746.7,745.0,685.0
03092,PRIMUS,CZ,2021,15,5,4.0,,3.277,1.754,1.525,True,580.5,462.0,841.0,699.5,524.0,937.5,1145.0,776.76,938.0,904.0
03115,KLASIK,CZ,2021,15,5,4.0,,3.277,1.754,1.525,True,151.2,290.8,1301.0,768.5,1296.0,916.5,1019.0,810.7,1113.0,991.0
03515,GAMBRINUS,CZ,2021,15,5,4.0,,3.277,1.754,1.525,True,57.16,,44.47,4.6,6.0,59.6,75.0,47.8,79.5,41.0
04015,SARIS,SK,2021,15,5,4.0,,3.277,1.754,1.525,True,443.0,610.5,582.0,424.0,486.8,700.5,359.8,253.2,399.2,572.0
04077,SARIS,SK,2021,15,5,4.0,,3.277,1.754,1.525,True,304.2,267.2,356.2,208.2,196.2,335.8,677.5,286.68,258.2,333.0
04215,SARIS,SK,2021,15,5,4.0,,3.277,1.754,1.525,True,2244.0,2256.0,1990.0,2324.0,2314.0,1945.0,1332.0,1935.7,1755.0,2493.0
04242,SARIS,SK,2021,15,5,4.0,,3.277,1.754,1.525,True,,,,,,,,0.0,50.0,162.0
04271,SARIS,SK,2021,15,5,4.0,,3.277,1.754,1.525,True,550.0,624.5,190.6,126.0,93.94,238.0,204.4,130.2,78.75,197.0
04277,SARIS,SK,2021,15,5,4.0,,3.277,1.754,1.525,True,156.4,383.0,689.0,962.0,910.5,698.5,660.5,1072.44,807.5,855.0
04315,SARIS,SK,2021,15,5,4.0,,3.277,1.754,1.525,True,3.373,3.543,56.53,30.6,40.6,38.7,56.6,28.8,36.4,36.0
04347,SARIS,SK,2021,15,5,4.0,,3.277,1.754,1.525,True,,,0.0833,,,,,0.0,0.0,26.0
04377,SARIS,SK,2021,15,5,4.0,,3.277,1.754,1.525,True,4.49,4.49,34.6,35.28,35.4,49.44,30.36,11.16,23.27,36.0
04476,SARIS,SK,2021,15,5,4.0,,3.277,1.754,1.525,True,109.4,92.94,93.4,55.2,11.88,80.6,169.2,66.84,48.0,81.0
04515,SMADNY MNICH,SK,2021,15,5,4.0,,3.277,1.754,1.525,True,1029.0,660.0,1058.0,630.5,612.5,1056.0,1164.0,1306.3,1012.0,985.0
04585,SMADNY MNICH,SK,2021,15,5,4.0,,3.277,1.754,1.525,True,2482.0,948.5,1188.0,1472.0,1030.0,1408.0,860.5,3231.096,2650.0,1736.0
04590,SMADNY MNICH,SK,2021,15,5,4.0,,3.277,1.754,1.525,True,719.0,422.0,863.5,369.8,819.0,1316.0,1116.0,418.14,701.0,1008.0
04976,SARIS,SK,2021,15,5,4.0,,3.277,1.754,1.525,True,124.25,107.8,133.9,89.2,54.38,95.2,,102.84,55.62,111.0
05015,RADEGAST,CZ,2021,15,5,4.0,,3.277,1.754,1.525,True,3638.0,4064.0,5380.0,4074.0,5400.0,7228.0,2686.0,7962.0,7708.0,5961.0
05015,RADEGAST,SK,2021,15,5,4.0,,3.277,1.754,1.525,True,46.62,43.47,,33.6,23.9,,,70.3,20.58,66.0
05071,RADEGAST,CZ,2021,15,5,4.0,,3.277,1.754,1.525,True,2320.0,493.0,2016.0,1890.0,1936.0,1812.0,1332.0,3572.64,3546.0,2674.0
05077,RADEGAST,SK,2021,15,5,4.0,,3.277,1.754,1.525,True,134.2,124.8,185.5,103.94,49.9,,,204.0,213.5,157.0
05115,RADEGAST,CZ,2021,15,5,4.0,,3.277,1.754,1.525,True,15750.0,8610.0,13090.0,12190.0,8630.0,14200.0,5228.0,13330.5,12740.0,11937.0
05141,RADEGAST,CZ,2021,15,5,4.0,,3.277,1.754,1.525,True,,,135.5,120.7,127.44,120.75,115.1,94.72,120.56,123.0
05171,RADEGAST,CZ,2021,15,5,4.0,,3.277,1.754,1.525,True,403.0,615.0,884.0,633.5,1450.0,904.5,807.5,1021.08,909.5,904.0
05172,RADEGAST,CZ,2021,15,5,4.0,,3.277,1.754,1.525,True,,,1.59,,,,,0.0,0.0,12.0
05177,RADEGAST,CZ,2021,15,5,4.0,,3.277,1.754,1.525,True,269.5,744.5,423.5,477.8,1152.0,568.5,168.5,371.76,362.0,566.0
05181,RADEGAST,CZ,2021,15,5,4.0,,3.277,1.754,1.525,True,,,1.59,,,,,0.0,0.0,11.0
05184,RADEGAST,CZ,2021,15,5,4.0,,3.277,1.754,1.525,True,,,167.1,,,390.8,91.5,0.0,0.0,49.0
05215,BIRELL,CZ,2021,15,5,4.0,,3.277,1.754,1.525,True,906.0,941.5,3098.0,1096.0,1269.0,4580.0,3004.0,2361.9,2022.0,2117.0
05215,BIRELL,SK,2021,15,5,4.0,,3.277,1.754,1.525,True,86.2,148.0,214.4,42.8,74.3,81.5,215.2,71.1,56.4,109.0
05216,BIRELL,CZ,2021,15,5,4.0,,3.277,1.754,1.525,True,25.0,,107.1,16.0,9.9,0.792,114.8,10.1376,10.11,30.0
05225,BIRELL,SK,2021,15,5,4.0,,3.277,1.754,1.525,True,1.3,1.3,0.1782,,,0.1584,17.11,0.0,0.0,0.0
05241,BIRELL,CZ,2021,15,5,4.0,,3.277,1.754,1.525,True,,,184.6,32.97,44.7,36.9,93.06,45.56,34.72,59.0
05270,BIRELL,CZ,2021,15,5,4.0,,3.277,1.754,1.525,True,22.89,20.31,111.56,64.0,60.03,23.77,132.4,67.5576,45.88,61.0
05270,BIRELL,SK,2021,15,5,4.0,,3.277,1.754,1.525,True,,,,,,,,0.0,24.0,40.0
05276,BIRELL,CZ,2021,15,5,4.0,,3.277,1.754,1.525,True,516.0,739.5,1505.0,1155.0,1028.0,1018.5,789.5,893.76,845.0,1130.0
05276,BIRELL,SK,2021,15,5,4.0,,3.277,1.754,1.525,True,1148.0,1270.0,585.5,257.5,470.5,540.0,425.2,490.2,321.0,514.0
05315,BIRELL,CZ,2021,15,5,4.0,,3.277,1.754,1.525,True,67.56,52.4,180.8,81.9,140.2,143.2,198.4,374.5,377.2,128.0
05337,BIRELL,CZ,2021,15,5,4.0,,3.277,1.754,1.525,True,,,122.7,,,,,0.0,0.0,11.0
05376,BIRELL,CZ,2021,15,5,4.0,,3.277,1.754,1.525,True,73.25,88.6,104.1,83.6,90.8,74.9,90.94,117.24,76.2,91.0
05376,BIRELL,SK,2021,15,5,4.0,,3.277,1.754,1.525,True,698.5,902.5,42.72,26.52,49.1,38.28,36.0,13.92,32.94,67.0
05415,BIRELL,CZ,2021,15,5,4.0,,3.277,1.754,1.525,True,30.58,1.429,62.8,45.7,46.1,45.8,17.8,54.3,58.2,40.0
05515,BIRELL,CZ,2021,15,5,4.0,,3.277,1.754,1.525,True,299.5,310.5,904.0,360.5,499.5,497.5,910.0,920.6,897.0,596.0
05516,BIRELL,CZ,2021,15,5,4.0,,3.277,1.754,1.525,True,3.572,,40.3,0.871,3.168,0.713,51.62,3.6432,2.268,4.0
05576,BIRELL,CZ,2021,15,5,4.0,,3.277,1.754,1.525,True,105.06,132.6,165.2,124.3,160.0,99.0,116.75,196.2,136.8,135.0
05576,BIRELL,SK,2021,15,5,4.0,,3.277,1.754,1.525,True,704.0,906.5,58.62,31.2,32.62,39.84,30.48,26.04,23.22,66.0
05615,RADEGAST,CZ,2021,15,5,4.0,,3.277,1.754,1.525,True,1037.0,1612.0,729.0,380.2,2162.0,583.5,,929.8,924.5,643.0
05677,RADEGAST,CZ,2021,15,5,4.0,,3.277,1.754,1.525,True,218.6,160.1,67.6,194.4,378.0,,,357.12,371.2,231.0
05715,RADEGAST,CZ,2021,15,5,4.0,,3.277,1.754,1.525,True,214.2,,260.8,33.1,25.2,208.5,334.8,173.5,208.5,228.0
05915,RADEGAST,CZ,2021,15,5,4.0,,3.277,1.754,1.525,True,,11.43,,13.1,29.5,,,10.6,60.0,18.0
06015,KOZEL,CZ,2021,15,5,4.0,,3.277,1.754,1.525,True,542.0,1206.0,766.5,308.5,1744.0,780.5,511.2,312.4,585.5,643.0
06071,KOZEL,CZ,2021,15,5,4.0,,3.277,1.754,1.525,True,,,58.97,,,,,0.0,0.0,10.0
06077,KOZEL,CZ,2021,15,5,4.0,,3.277,1.754,1.525,True,228.6,62.56,146.1,153.1,268.2,351.2,,332.52,364.0,237.0
06077,KOZEL,SK,2021,15,5,4.0,,3.277,1.754,1.525,True,116.6,122.4,212.5,173.8,92.6,79.56,63.84,937.2,1254.0,175.0
06115,KOZEL,CZ,2021,15,5,4.0,,3.277,1.754,1.525,True,4332.0,6350.0,4324.0,6268.0,6950.0,4964.0,7724.0,4523.9,5990.0,5343.0
06115,KOZEL,SK,2021,15,5,4.0,,3.277,1.754,1.525,True,106.56,254.4,406.8,258.2,397.0,240.2,188.4,693.0,319.2,326.0
06141,KOZEL,CZ,2021,15,5,4.0,,3.277,1.754,1.525,True,,1.846,146.6,130.5,118.4,112.4,175.1,86.24,87.4,123.0
06171,KOZEL,CZ,2021,15,5,4.0,,3.277,1.754,1.525,True,1390.0,372.2,1215.0,1645.0,662.5,3220.0,3578.0,1463.64,1493.0,1717.0
06177,KOZEL,CZ,2021,15,5,4.0,,3.277,1.754,1.525,True,403.8,444.0,1314.0,650.5,1739.0,1103.0,712.0,701.4,1083.0,1165.0
06177,KOZEL,SK,2021,15,5,4.0,,3.277,1.754,1.525,True,1439.0,1228.0,2562.0,3106.0,2718.0,2108.0,1383.0,2515.8,3328.0,2499.0
06184,KOZEL,CZ,2021,15,5,4.0,,3.277,1.754,1.525,True,,,499.8,166.2,398.8,1023.0,402.5,210.276,237.6,446.0
06185,KOZEL,SK,2021,15,5,4.0,,3.277,1.754,1.525,True,,,640.5,174.6,33.25,307.8,,232.848,180.0,305.0
06190,KOZEL,CZ,2021,15,5,4.0,,3.277,1.754,1.525,True,142.0,120.7,372.2,654.0,725.0,839.0,748.5,780.84,835.0,563.0
06190,KOZEL,SK,2021,15,5,4.0,,3.277,1.754,1.525,True,1838.0,1183.0,1090.0,1159.0,723.0,570.5,1096.0,1225.44,1196.0,1326.0
06215,KOZEL,CZ,2021,15,5,4.0,,3.277,1.754,1.525,True,233.8,112.2,518.0,241.8,241.5,336.2,693.5,352.6,418.2,382.0
06271,KOZEL,CZ,2021,15,5,4.0,,3.277,1.754,1.525,True,71.8,175.8,305.8,157.5,257.5,146.5,171.6,136.32,127.2,224.0
06276,KOZEL,SK,2021,15,5,4.0,,3.277,1.754,1.525,True,36.78,29.62,56.1,184.5,71.06,59.53,66.94,62.28,52.56,97.0
06315,KOZEL,CZ,2021,15,5,4.0,,3.277,1.754,1.525,True,275.0,,207.5,122.3,53.7,121.9,28.8,232.2,300.0,252.0
06415,KOZEL,CZ,2021,15,5,4.0,,3.277,1.754,1.525,True,,,191.8,,,,,0.0,0.0,39.0
06515,KOZEL,CZ,2021,15,5,4.0,,3.277,1.754,1.525,True,6024.0,4476.0,4772.0,7250.0,4136.0,10180.0,8210.0,6653.2,6856.0,7230.0
06515,KOZEL,SK,2021,15,5,4.0,,3.277,1.754,1.525,True,1.787,1.787,15.97,8.5,6.4,15.9,15.5,7.3,13.0,19.0
06541,KOZEL,CZ,2021,15,5,4.0,,3.277,1.754,1.525,True,,,72.7,79.1,66.9,77.75,71.8,86.04,77.4,86.0
06571,KOZEL,CZ,2021,15,5,4.0,,3.277,1.754,1.525,True,719.5,1301.0,1148.0,1483.0,3062.0,1342.0,856.0,1162.08,1192.0,1342.0
06571,KOZEL,SK,2021,15,5,4.0,,3.277,1.754,1.525,True,3.482,3.482,36.62,23.16,81.25,59.53,52.2,20.04,37.53,42.0
06577,KOZEL,CZ,2021,15,5,4.0,,3.277,1.754,1.525,True,771.5,2700.0,520.5,1955.0,2238.0,1810.0,88.8,1278.48,478.0,1355.0
06577,KOZEL,SK,2021,15,5,4.0,,3.277,1.754,1.525,True,158.6,115.75,275.0,185.0,187.9,154.5,81.8,69.0,307.5,260.0
06615,KOZEL,CZ,2021,15,5,4.0,,3.277,1.754,1.525,True,546.5,61.03,315.0,782.5,132.1,232.8,445.8,357.8,367.8,424.0
06677,KOZEL,SK,2021,15,5,4.0,,3.277,1.754,1.525,True,78.94,57.5,221.0,126.4,32.28,76.8,30.48,18.24,36.47,159.0
06871,KOZEL,CZ,2021,15,5,4.0,,3.277,1.754,1.525,True,,,345.5,,,1486.0,207.4,0.0,0.0,258.0
06892,KOZEL,CZ,2021,15,5,4.0,,3.277,1.754,1.525,True,,,2312.0,,,,33.6,0.0,0.0,368.0
07015,TOPVAR,SK,2021,15,5,4.0,,3.277,1.754,1.525,True,38.38,58.16,83.9,59.8,92.9,73.9,97.0,57.0,46.6,72.0
07082,TOPVAR,SK,2021,15,5,4.0,,3.277,1.754,1.525,True,15.32,15.32,15.75,8.52,7.8,30.6,29.52,19.44,15.0,14.0
07215,TOPVAR,SK,2021,15,5,4.0,,3.277,1.754,1.525,True,106.0,148.5,209.1,141.5,188.9,177.6,146.2,154.5,147.2,183.0
07282,TOPVAR,SK,2021,15,5,4.0,,3.277,1.754,1.525,True,11.49,11.49,67.56,8.52,8.64,29.77,37.2,20.88,29.77,17.0
11070,BIRELL,SK,2021,15,5,4.0,,3.277,1.754,1.525,True,,,,,,,,0.0,18.0,26.0
11076,BIRELL,CZ,2021,15,5,4.0,,3.277,1.754,1.525,True,688.5,419.8,1866.0,794.5,965.0,1043.0,908.5,900.48,945.5,1480.0
11076,BIRELL,SK,2021,15,5,4.0,,3.277,1.754,1.525,True,1744.0,2164.0,322.2,110.25,155.1,183.1,212.2,138.48,145.1,383.0
11215,BIRELL,SK,2021,15,5,4.0,,3.277,1.754,1.525,True,43.66,50.8,242.6,18.5,33.4,15.5,223.0,37.5,68.4,65.0
11216,BIRELL,CZ,2021,15,5,4.0,,3.277,1.754,1.525,True,1.866,1.866,8.32,1.108,1.98,0.396,,8.3952,0.5547,2.0
11238,BIRELL,CZ,2021,15,5,4.0,,3.277,1.754,1.525,True,,,4.23,,,,22.45,0.0,0.0,0.0
11238,BIRELL,SK,2021,15,5,4.0,,3.277,1.754,1.525,True,,,2.05,0.2375,0.2375,,4.832,0.0792,2.0,0.0
11269,BIRELL,CZ,2021,15,5,4.0,,3.277,1.754,1.525,True,,,11.805,,,,,0.0,0.0,0.0
11270,BIRELL,SK,2021,15,5,4.0,,3.277,1.754,1.525,True,,,,,,,,0.0,30.0,26.0
11276,BIRELL,CZ,2021,15,5,4.0,,3.277,1.754,1.525,True,708.5,450.0,2128.0,1070.0,1314.0,1413.0,949.5,1244.28,1202.0,1767.0
11276,BIRELL,SK,2021,15,5,4.0,,3.277,1.754,1.525,True,1614.0,1758.0,1030.0,508.0,733.5,1055.0,738.0,792.0,667.0,1011.0
11293,BIRELL,CZ,2021,15,5,4.0,,3.277,1.754,1.525,True,,,60.1,,,36.8,261.5,0.0,0.0,0.0
11376,BIRELL,CZ,2021,15,5,4.0,,3.277,1.754,1.525,True,390.8,242.5,814.0,298.2,337.2,490.2,1.32,367.32,361.5,570.0
11376,BIRELL,SK,2021,15,5,4.0,,3.277,1.754,1.525,True,831.0,1046.0,170.6,50.03,88.44,99.1,297.0,84.96,98.56,94.0
11393,BIRELL,CZ,2021,15,5,4.0,,3.277,1.754,1.525,True,,,61.44,,,17.72,233.2,0.0,0.0,0.0
11476,BIRELL,CZ,2021,15,5,4.0,,3.277,1.754,1.525,True,288.8,140.5,786.5,141.0,84.75,331.2,,118.08,311.2,363.0
11476,BIRELL,SK,2021,15,5,4.0,,3.277,1.754,1.525,True,681.5,887.0,135.2,20.77,40.8,50.28,,33.6,21.0,60.0
11493,BIRELL,CZ,2021,15,5,4.0,,3.277,1.754,1.525,True,,,34.22,,,20.45,,0.0,0.0,0.0
11576,BIRELL,CZ,2021,15,5,4.0,,3.277,1.754,1.525,True,503.0,285.8,1206.0,424.0,494.0,773.0,,461.76,486.2,816.0
11576,BIRELL,SK,2021,15,5,4.0,,3.277,1.754,1.525,True,797.0,974.0,134.0,114.94,93.8,157.9,,99.36,93.2,111.0
11676,BIRELL,CZ,2021,15,5,4.0,,3.277,1.754,1.525,True,225.8,120.6,544.5,152.6,76.44,160.0,,200.4,211.2,273.0
11676,BIRELL,SK,2021,15,5,4.0,,3.277,1.754,1.525,True,1333.0,1763.0,196.8,23.4,44.88,63.12,,31.8,33.56,86.0
11767,BIRELL,SK,2021,15,5,4.0,,3.277,1.754,1.525,True,,,,,,,,0.144,0.0,27.0
11776,BIRELL,CZ,2021,15,5,4.0,,3.277,1.754,1.525,True,232.4,133.8,569.5,135.9,101.25,178.9,,175.92,192.8,280.0
11776,BIRELL,SK,2021,15,5,4.0,,3.277,1.754,1.525,True,717.0,927.5,226.8,33.84,45.0,111.6,,40.44,46.53,100.0
11876,BIRELL,CZ,2021,15,5,4.0,,3.277,1.754,1.525,True,191.5,106.44,539.0,111.6,47.28,167.8,,166.56,144.9,267.0
11876,BIRELL,SK,2021,15,5,4.0,,3.277,1.754,1.525,True,713.0,921.0,211.8,13.92,31.44,77.4,,24.96,32.16,84.0
11893,BIRELL,CZ,2021,15,5,4.0,,3.277,1.754,1.525,True,,,24.1,,,12.38,,0.0,0.0,0.0
12570,BIRELL,SK,2021,15,5,4.0,,3.277,1.754,1.525,True,,,,,,,,0.0,18.0,28.0
12576,BIRELL,CZ,2021,15,5,4.0,,3.277,1.754,1.525,True,641.5,411.2,1588.0,718.5,961.5,1008.0,768.0,850.8,801.0,1402.0
12576,BIRELL,SK,2021,15,5,4.0,,3.277,1.754,1.525,True,819.5,1013.5,275.2,78.75,125.4,227.1,192.5,137.28,106.06,163.0
12815,BIRELL,CZ,2021,15,5,4.0,,3.277,1.754,1.525,True,148.6,156.0,,91.7,249.2,,,102.3,146.0,136.0
12815,BIRELL,SK,2021,15,5,4.0,,3.277,1.754,1.525,True,,,,0.2,0.1,,,0.1,0.0,0.0
12876,BIRELL,CZ,2021,15,5,4.0,,3.277,1.754,1.525,True,,,,28.69,72.5,,,18.24,0.0,32.0
12876,BIRELL,SK,2021,15,5,4.0,,3.277,1.754,1.525,True,12.53,12.53,,26.77,24.48,,,34.56,51.0,18.0
12915,BIRELL,CZ,2021,15,5,4.0,,3.277,1.754,1.525,True,153.6,159.6,,88.8,259.2,,,156.8,145.9,138.0
12915,BIRELL,SK,2021,15,5,4.0,,3.277,1.754,1.525,True,,,,0.2,0.1,,,0.2,0.0,0.0
12976,BIRELL,CZ,2021,15,5,4.0,,3.277,1.754,1.525,True,,,,4.44,21.6,,,11.4,0.0,6.0
12976,BIRELL,SK,2021,15,5,4.0,,3.277,1.754,1.525,True,12.914,12.914,,26.77,24.23,,,28.8,24.7,18.0
13038,FRISCO,SK,2021,15,5,4.0,,3.277,1.754,1.525,True,,,1.207,0.396,0.4355,0.317,2.217,0.2376,0.277,2.0
13074,FRISCO,SK,2021,15,5,4.0,,3.277,1.754,1.525,True,,,10.055,8.0,8.48,,,13.2264,2.793,7.0
13138,FRISCO,SK,2021,15,5,4.0,,3.277,1.754,1.525,True,,,1.122,0.2375,0.3564,0.317,1.307,0.1584,0.3164,2.0
13174,FRISCO,SK,2021,15,5,4.0,,3.277,1.754,1.525,True,,,9.5,7.6,0.475,,,3.0888,1.871,2.0
13338,FRISCO,CZ,2021,15,5,4.0,,3.277,1.754,1.525,True,162.6,68.75,243.4,212.2,77.6,164.6,115.56,74.646,75.5,185.0
13362,FRISCO,CZ,2021,15,5,4.0,,3.277,1.754,1.525,True,,,28.77,,,48.2,,0.0,0.0,0.0
13374,FRISCO,CZ,2021,15,5,4.0,,3.277,1.754,1.525,True,30.92,40.44,56.88,29.7,52.34,,,7.92,21.77,33.0
13438,FRISCO,CZ,2021,15,5,4.0,,3.277,1.754,1.525,True,149.5,86.3,378.0,362.2,137.9,229.9,230.9,113.5332,119.9,315.0
13474,FRISCO,CZ,2021,15,5,4.0,,3.277,1.754,1.525,True,32.34,45.44,70.3,132.1,133.2,,,37.9368,76.0,106.0
13480,FRISCO,CZ,2021,15,5,4.0,,3.277,1.754,1.525,True,,,35.7,,,,60.72,0.0,0.0,1.0
13538,FRISCO,CZ,2021,15,5,4.0,,3.277,1.754,1.525,True,122.44,44.6,190.6,159.9,44.03,120.2,83.7,47.5992,41.75,152.0
13638,FRISCO,CZ,2021,15,5,4.0,,3.277,1.754,1.525,True,144.1,75.56,351.0,321.0,137.6,273.5,178.9,133.254,114.06,278.0
13638,FRISCO,SK,2021,15,5,4.0,,3.277,1.754,1.525,True,,,2.047,0.475,0.634,0.4355,7.13,0.594,0.396,2.0
13674,FRISCO,CZ,2021,15,5,4.0,,3.277,1.754,1.525,True,32.34,45.44,68.1,150.6,108.5,,,51.2424,89.9,107.0
13674,FRISCO,SK,2021,15,5,4.0,,3.277,1.754,1.525,True,,,12.23,15.52,1.268,,,48.312,3.375,8.0
13680,FRISCO,CZ,2021,15,5,4.0,,3.277,1.754,1.525,True,,,37.25,,,,66.3,0.0,0.0,1.0
13738,FRISCO,CZ,2021,15,5,4.0,,3.277,1.754,1.525,True,176.1,64.06,380.8,239.8,120.3,318.2,25.62,144.8568,185.0,285.0
13738,FRISCO,SK,2021,15,5,4.0,,3.277,1.754,1.525,True,0.3845,0.3845,5.9,7.523,0.594,0.6733,15.76,0.8316,3.475,3.0
13774,FRISCO,SK,2021,15,5,4.0,,3.277,1.754,1.525,True,,,16.86,15.37,15.6,,,25.5024,11.11,10.0
13838,FRISCO,CZ,2021,15,5,4.0,,3.277,1.754,1.525,True,176.1,64.06,177.0,213.8,106.06,,,104.6232,154.2,182.0
13938,FRISCO,CZ,2021,15,5,4.0,,3.277,1.754,1.525,True,176.1,63.5,124.5,230.2,101.9,,,109.0188,132.1,165.0
14038,FRISCO,CZ,2021,15,5,4.0,,3.277,1.754,1.525,True,,,,,,,,8.9496,0.0,43.0
15060,KINGSWOOD,CZ,2021,15,5,4.0,,3.277,1.754,1.525,True,8.29,28.14,130.2,32.84,60.38,98.06,433.5,13.968,26.72,60.0
15070,KINGSWOOD,CZ,2021,15,5,4.0,,3.277,1.754,1.525,True,19.05,24.94,109.5,31.92,75.0,18.61,23.84,88.7832,45.25,49.0
15160,KINGSWOOD,CZ,2021,15,5,4.0,,3.277,1.754,1.525,True,4.715,15.64,23.23,13.39,26.5,52.84,162.4,4.416,9.0,18.0
15170,KINGSWOOD,CZ,2021,15,5,4.0,,3.277,1.754,1.525,True,4.215,15.82,168.4,16.88,38.97,12.44,16.72,33.3432,19.05,54.0
15260,KINGSWOOD,CZ,2021,15,5,4.0,,3.277,1.754,1.525,True,3.143,11.0,26.11,7.68,32.62,47.28,168.2,8.64,12.09,17.0
15270,KINGSWOOD,CZ,2021,15,5,4.0,,3.277,1.754,1.525,True,13.664,19.55,75.9,20.52,37.22,13.46,11.484,68.66640000000001,24.39,30.0
15438,KINGSWOOD,CZ,2021,15,5,4.0,,3.277,1.754,1.525,True,,,,,0.0396,,,0.3168,0.0,24.0
15560,KINGSWOOD,CZ,2021,15,5,4.0,,3.277,1.754,1.525,True,,,11.49,,,,,0.0,0.0,2.0
16375,CAPTAIN JACK,SK,2021,15,5,4.0,,3.277,1.754,1.525,True,150.5,28.02,,148.0,41.75,,,58.5288,51.12,123.0
16475,CAPTAIN JACK,SK,2021,15,5,4.0,,3.277,1.754,1.525,True,150.5,28.02,,144.2,38.2,,,49.0248,42.88,122.0
17551,VIPER,CZ,2021,15,5,4.0,,3.277,1.754,1.525,True,,,,,,,,1.188,0.0,119.0
18076,SMADNY MNICH,SK,2021,15,5,4.0,,3.277,1.754,1.525,True,2.71,2.71,141.0,42.25,22.56,97.7,136.9,55.2,61.1,58.0
18085,SMADNY MNICH,SK,2021,15,5,4.0,,3.277,1.754,1.525,True,,632.0,249.5,,614.0,748.5,,0.0,0.0,166.0
18176,SMADNY MNICH,SK,2021,15,5,4.0,,3.277,1.754,1.525,True,1.32,1.32,2.988,,,13.32,22.44,0.0,0.0,1.0
18276,SMADNY MNICH,SK,2021,15,5,4.0,,3.277,1.754,1.525,True,1.475,1.475,83.8,58.1,16.44,48.25,105.4,75.84,49.16,48.0
18285,SMADNY MNICH,SK,2021,15,5,4.0,,3.277,1.754,1.525,True,,357.5,166.2,,354.8,415.8,,0.0,0.0,154.0
41238,MIXED PALLET (CZSK),CZ,2021,15,5,4.0,,3.277,1.754,1.525,True,325.8,,,,,,,0.0,0.0,78.0
