SkuShort,Country,Year,Week,NumberWorkdays,AvgTemp,AvgRain,AvgSun,IsLockdown,PdtHl,PrevWeekPdtHl1,BgtHl,PrevWeekBgtHl1,SalesHl,PrevWeekSalesHl1,PrevWeekSalesHl2
02605,CZ,2016,1,5,"-1,1642857142857146","0,9357142857142857","1,0142857142857142",0,NULL,NULL,"7604,628708382251",NULL,7141,NULL,NULL
02605,CZ,2016,2,5,"0,8714285714285713","1,0142857142857145","1,2928571428571427",0,NULL,NULL,"7368,7757048822505","7604,628708382251",7336,7141,NULL
02605,CZ,2016,3,5,"-3,9214285714285713","0,8428571428571429","2,621428571428571",0,NULL,NULL,"7368,7757048822505","7368,7757048822505",8071,7336,7141
02605,CZ,2016,4,5,"5,914285714285714","0,8214285714285715","2,2714285714285714",0,NULL,NULL,"7368,7757048822505","7368,7757048822505",11801,8071,7336
02605,CZ,2016,5,5,"5,714285714285714","0,4142857142857143","1,6285714285714286",0,NULL,NULL,"6825,815688589951","7368,7757048822505",6896,11801,8071
02605,CZ,2016,6,5,"5,114285714285714","1,9142857142857144","1,9928571428571427",0,NULL,NULL,"6825,815688589951","6825,815688589951","7771,5",6896,11801
02605,CZ,2016,7,5,"4,078571428571428","2,042857142857143","1,342857142857143",0,NULL,NULL,"6825,815688589951","6825,815688589951","8661,5","7771,5",6896
02605,CZ,2016,8,5,"2,892857142857143","1,5642857142857143","3,278571428571429",0,NULL,NULL,"6825,815688589951","6825,815688589951",9184,"8661,5","7771,5"
02605,CZ,2016,9,5,"3,0500000000000003","3,5714285714285716","1,3142857142857143",0,NULL,NULL,"8443,209659541759","6825,815688589951","8612,5",9184,"8661,5"
02605,CZ,2016,10,5,"3,357142857142857","0,35714285714285715","0,20714285714285716",0,NULL,NULL,"8443,209659541759","8443,209659541759",7728,"8612,5",9184
02605,CZ,2016,11,5,"3,478571428571428","0,7928571428571428","5,078571428571429",0,NULL,NULL,"8275,306172917759","8443,209659541759","8915,5",7728,"8612,5"
02605,CZ,2016,12,4,"5,935714285714285","0,29999999999999993","2,8857142857142857",0,NULL,NULL,"8275,306172917759","8275,306172917759","10764,5","8915,5",7728
02605,CZ,2016,13,4,"9,214285714285717","0,6142857142857142","6,314285714285715",0,NULL,NULL,"8275,306172917759","8275,306172917759","9953,5","10764,5","8915,5"
02605,CZ,2016,14,5,"10,764285714285714","2,4571428571428564","4,142857142857143",0,NULL,NULL,"10433,3856129651","8275,306172917759",8054,"9953,5","10764,5"
02605,CZ,2016,15,5,"10,992857142857144","1,8499999999999999","2,685714285714286",0,NULL,NULL,"10433,3856129651","10433,3856129651","7706,5",8054,"9953,5"
02605,CZ,2016,16,5,"8,335714285714285","0,5","5,942857142857143",0,NULL,NULL,"10433,3856129651","10433,3856129651","9406,5","7706,5",8054
02605,CZ,2016,17,5,"7,878571428571429","1,0214285714285716","7,121428571428572",0,NULL,NULL,"10433,3856129651","10433,3856129651",10404,"9406,5","7706,5"
02605,CZ,2016,18,5,"13,428571428571429","1,3357142857142854","7,721428571428571",0,NULL,NULL,"12823,96115136875","10433,3856129651",9151,10404,"9406,5"
02605,CZ,2016,19,5,"14,414285714285713","0,7357142857142857","6,878571428571427",0,NULL,NULL,"12823,96115136875","12823,96115136875","10303,5",9151,10404
02605,CZ,2016,20,5,"14,085714285714285","0,21428571428571427","6,192857142857142",0,NULL,NULL,"12823,96115136875","12823,96115136875",9893,"10303,5",9151
02605,CZ,2016,21,5,"18,02142857142857","4,435714285714286","5,285714285714286",0,NULL,NULL,"12823,96115136875","12823,96115136875",11164,9893,"10303,5"
02605,CZ,2016,22,5,"17,985714285714284","3,75","5,578571428571428",0,NULL,NULL,"10585,00039076626","12823,96115136875",11284,11164,9893
02605,CZ,2016,23,5,"17,664285714285715","0,07857142857142858","6,314285714285715",0,NULL,NULL,"10585,00039076626","10585,00039076626","11433,5",11284,11164
02605,CZ,2016,24,5,"17,978571428571428","3,1214285714285714","6,278571428571429",0,NULL,NULL,"10585,00039076626","10585,00039076626",11439,"11433,5",11284
02605,CZ,2016,25,5,"22,214285714285715","1,6142857142857143","8,528571428571428",0,NULL,NULL,"10585,00039076626","10585,00039076626",13399,11439,"11433,5"
02605,CZ,2016,26,5,"20,2","1,842857142857143","7,514285714285715",0,NULL,NULL,"10585,00039076626","10585,00039076626",15613,13399,11439
02605,CZ,2016,27,3,"19,692857142857143","0,6428571428571429","9,307142857142855",0,NULL,NULL,"14060,262859870676","10585,00039076626","9049,5",15613,13399
02605,CZ,2016,28,5,"18,692857142857143","7,471428571428572","3,5000000000000004",0,NULL,NULL,"14060,262859870676","14060,262859870676","12004,5","9049,5",15613
02605,CZ,2016,29,5,"21,62857142857143","0,6214285714285713","6,778571428571428",0,NULL,NULL,"14060,262859870676","14060,262859870676",10787,"12004,5","9049,5"
02605,CZ,2016,30,5,"21,53571428571429","7,428571428571429","5,835714285714286",0,NULL,NULL,"14060,262859870676","14060,262859870676","12418,5",10787,"12004,5"
02605,CZ,2016,31,5,"19,57857142857143","2,007142857142857","5,928571428571429",0,NULL,NULL,"14379,048540818425","14060,262859870676","11498,5","12418,5",10787
02605,CZ,2016,32,5,"17,22142857142857","2,0214285714285714","5,614285714285714",0,NULL,NULL,"14379,048540818425","14379,048540818425","10262,5","11498,5","12418,5"
02605,CZ,2016,33,5,"18,021428571428572","1,6071428571428572","7,242857142857143",0,NULL,NULL,"14379,048540818425","14379,048540818425","10564,5","10262,5","11498,5"
02605,CZ,2016,34,5,"20,342857142857145","0,049999999999999996","10,25",0,NULL,NULL,"14379,048540818425","14379,048540818425",11739,"10564,5","10262,5"
02605,CZ,2016,35,5,"18,964285714285715","1,3285714285714287","8,085714285714285",0,NULL,NULL,"7902,32849772144","14379,048540818425",11211,11739,"10564,5"
02605,CZ,2016,36,5,"19,535714285714285","1,2142857142857142","8,435714285714285",0,NULL,NULL,"7902,32849772144","7902,32849772144","9965,5",11211,11739
02605,CZ,2016,37,5,"19,25714285714286","3,271428571428572","7,942857142857143",0,NULL,NULL,"7902,32849772144","7902,32849772144",11104,"9965,5",11211
02605,CZ,2016,38,5,"12,114285714285712","0,25000000000000006","4,707142857142857",0,NULL,NULL,"7902,32849772144","7902,32849772144",11125,11104,"9965,5"
02605,CZ,2016,39,4,"15,764285714285714","1,6714285714285715","6,771428571428571",0,NULL,NULL,"7902,32849772144","7902,32849772144","17816,5",11125,11104
02605,CZ,2016,40,5,"7,592857142857143","5,971428571428571","1,3714285714285717",0,NULL,NULL,"8990,718047034774","7902,32849772144",5060,"17816,5",11125
02605,CZ,2016,41,5,"8,192857142857141","1,15","1,5214285714285716",0,NULL,NULL,"8990,718047034774","8990,718047034774",5597,5060,"17816,5"
02605,CZ,2016,42,5,"7,985714285714286","1,8857142857142857","1,9000000000000001",0,NULL,NULL,"8990,718047034774","8990,718047034774",6113,5597,5060
02605,CZ,2016,43,4,9,"0,7071428571428572","1,4285714285714286",0,NULL,NULL,"8990,718047034774","8990,718047034774",6342,6113,5597
02605,CZ,2016,44,5,"5,942857142857143","1,6928571428571428","3,164285714285714",0,NULL,NULL,"8989,384140203176","8990,718047034774",6539,6342,6113
02605,CZ,2016,45,5,"1,1","0,4714285714285714","2,0642857142857145",0,NULL,NULL,"8989,384140203176","8989,384140203176","6906,5",6539,6342
02605,CZ,2016,46,4,"5,085714285714286","2,307142857142857","1,9785714285714282",0,NULL,NULL,"8989,384140203176","8989,384140203176","6866,5","6906,5",6539
02605,CZ,2016,47,5,"6,728571428571429","0,15","1,3071428571428572",0,NULL,NULL,"8989,384140203176","8989,384140203176","8089,5","6866,5","6906,5"
02605,CZ,2016,48,5,"-0,28571428571428586","0,39285714285714285","2,414285714285714",0,NULL,NULL,"7828,7052687039","8989,384140203176","7898,5","8089,5","6866,5"
02605,CZ,2016,49,5,"2,2285714285714286","0,2857142857142857","2,4857142857142853",0,NULL,NULL,"7828,7052687039","7828,7052687039","7225,5","7898,5","8089,5"
02605,CZ,2016,50,5,"0,45714285714285713","0,5357142857142857","1,5000000000000002",0,NULL,NULL,"7828,7052687039","7828,7052687039","7734,5","7225,5","7898,5"
02605,CZ,2016,51,5,"0,0285714285714286","0,2785714285714286","1,1071428571428572",0,NULL,NULL,"7828,7052687039","7828,7052687039","9563,5","7734,5","7225,5"
02605,CZ,2016,52,4,"-0,02142857142857148","1,4571428571428573","2,8785714285714286",0,NULL,NULL,"7828,7052687039","7828,7052687039",7321,"9563,5","7734,5"
02605,CZ,2017,1,5,"-5,278571428571429","0,5571428571428572","1,207142857142857",0,NULL,NULL,"7312,7844371101","7828,7052687039",4964,7321,"9563,5"
02605,CZ,2017,2,5,"-2,7785714285714285","0,5928571428571427","2,5214285714285714",0,NULL,NULL,"7312,7844371101","7312,7844371101",5210,4964,7321
02605,CZ,2017,3,5,"-5,264285714285714","0,05714285714285715","3,085714285714286",0,NULL,NULL,"7312,7844371101","7312,7844371101","6806,5",5210,4964
02605,CZ,2017,4,5,"-4,321428571428571","0,014285714285714287","3,6499999999999995",0,NULL,NULL,"7312,7844371101","7312,7844371101","6475,5","6806,5",5210
02605,CZ,2017,5,5,"-0,757142857142857","2,0714285714285716","1,6785714285714288",0,100,NULL,"7112,956756309501","7312,7844371101",6854,"6475,5","6806,5"
02605,CZ,2017,6,5,"-1,792857142857143",0,"0,6214285714285713",0,NULL,100,"7112,956756309501","7112,956756309501",6597,6854,"6475,5"
02605,CZ,2017,7,5,"1,1428571428571428","0,7571428571428571","4,878571428571429",0,NULL,NULL,"7112,956756309501","7112,956756309501",7794,6597,6854
02605,CZ,2017,8,5,"5,821428571428572","0,9071428571428571","2,1857142857142855",0,NULL,NULL,"7112,956756309501","7112,956756309501",7037,7794,6597
02605,CZ,2017,9,5,"7,635714285714285","0,6785714285714286","5,1571428571428575",0,"52,25806451612903",NULL,"8024,973274290361","7112,956756309501",7259,7037,7794
02605,CZ,2017,10,5,"4,557142857142856","1,5785714285714287","2,257142857142857",0,"45,16129032258065","52,25806451612903","8024,973274290361","8024,973274290361",7333,7259,7037
02605,CZ,2017,11,5,"6,121428571428573","1,6428571428571428","4,542857142857143",0,"45,16129032258065","45,16129032258065","8024,973274290361","8024,973274290361",7931,7333,7259
02605,CZ,2017,12,5,"7,342857142857142","1,6642857142857144","3,242857142857143",0,"45,16129032258065","45,16129032258065","8024,973274290361","8024,973274290361",8079,7931,7333
02605,CZ,2017,13,5,"12,707142857142857","0,4071428571428571","9,299999999999999",0,"32,25806451612903","45,16129032258065","8024,973274290361","8024,973274290361",8469,8079,7931
02605,CZ,2017,14,5,"9,72857142857143","2,021428571428572","3,3428571428571425",0,NULL,"32,25806451612903","6978,125","8024,973274290361",8200,8469,8079
02605,CZ,2017,15,4,"9,614285714285714","1,0357142857142858","3,835714285714286",0,NULL,NULL,"6978,125","6978,125","8163,5",8200,8469
02605,CZ,2017,16,4,"4,707142857142856","1,75","2,6785714285714284",0,NULL,NULL,"6978,125","6978,125",7495,"8163,5",8200
02605,CZ,2017,17,5,"7,157142857142857","6,664285714285714","3,5214285714285714",0,NULL,NULL,"6978,125","6978,125",9307,7495,"8163,5"
02605,CZ,2017,18,4,"11,921428571428569","2,878571428571429","4,214285714285714",0,NULL,NULL,"8763,75","6978,125","8742,5",9307,7495
02605,CZ,2017,19,4,"11,485714285714284","2,5500000000000003","6,764285714285713",0,NULL,NULL,"8763,75","8763,75","7650,5","8742,5",9307
02605,CZ,2017,20,5,"17,37142857142857","0,07142857142857142","8,6",0,NULL,NULL,"8763,75","8763,75","9585,5","7650,5","8742,5"
02605,CZ,2017,21,5,"16,67857142857143","0,35000000000000003","8,64285714285714",0,NULL,NULL,"8763,75","8763,75","10383,5","9585,5","7650,5"
02605,CZ,2017,22,5,"20,02142857142857","4,707142857142857","10,807142857142859",0,NULL,NULL,"8612,5","8763,75",10789,"10383,5","9585,5"
02605,CZ,2017,23,5,"18,192857142857143","1,9000000000000001","10,292857142857143",0,NULL,NULL,"8612,5","8612,5","10023,5",10789,"10383,5"
02605,CZ,2017,24,5,"18,292857142857144","1,5071428571428573","8,257142857142858",0,NULL,NULL,"8612,5","8612,5",9827,"10023,5",10789
02605,CZ,2017,25,5,"22,678571428571427","1,9928571428571427","11,507142857142858",0,NULL,NULL,"8612,5","8612,5",10565,9827,"10023,5"
02605,CZ,2017,26,5,"20,19285714285714","5,621428571428572","5,757142857142857",0,NULL,NULL,"8612,5","8612,5","11799,5",10565,9827
02605,CZ,2017,27,3,"20,07857142857143","2,9928571428571424","7,364285714285715",0,NULL,NULL,"9578,375","8612,5",8324,"11799,5",10565
02605,CZ,2017,28,5,"18,214285714285715","4,1499999999999995","6,628571428571429",0,NULL,NULL,"9578,375","9578,375","10876,5",8324,"11799,5"
02605,CZ,2017,29,5,"22,07857142857143","2,1","8,442857142857143",0,NULL,NULL,"9578,375","9578,375","9444,5","10876,5",8324
02605,CZ,2017,30,5,"18,928571428571427","2,5714285714285707","5,828571428571428",0,NULL,NULL,"9578,375","9578,375","9562,5","9444,5","10876,5"
02605,CZ,2017,31,5,"24,114285714285717","0,5785714285714285","7,835714285714286",0,NULL,NULL,"10040,625","9578,375","10133,5","9562,5","9444,5"
02605,CZ,2017,32,5,"20,157142857142862","4,242857142857143","8,028571428571428",0,NULL,NULL,"10040,625","10040,625",10171,"10133,5","9562,5"
02605,CZ,2017,33,5,"19,807142857142857","2,835714285714286","7,035714285714285",0,NULL,NULL,"10040,625","10040,625","9210,5",10171,"10133,5"
02605,CZ,2017,34,5,"18,314285714285713","0,7642857142857142","7,407142857142857",0,NULL,NULL,"10040,625","10040,625",9238,"9210,5",10171
02605,CZ,2017,35,5,"16,8","4,75","6,071428571428571",0,NULL,NULL,"7498,2","10040,625",8832,9238,"9210,5"
02605,CZ,2017,36,5,"15,535714285714286","0,7071428571428572","5,700000000000001",0,NULL,NULL,"7498,2","7498,2","7635,5",8832,9238
02605,CZ,2017,37,5,"13,521428571428572","3,0357142857142856","2,4785714285714286",0,NULL,NULL,"7498,2","7498,2",7044,"7635,5",8832
02605,CZ,2017,38,5,"11,1","4,114285714285715","1,807142857142857",0,NULL,NULL,"7498,2","7498,2",6596,7044,"7635,5"
02605,CZ,2017,39,4,"12,65","0,39285714285714285","5,314285714285715",0,NULL,NULL,"7498,2","7498,2",7130,6596,7044
02605,CZ,2017,40,5,"10,935714285714287","3,5","2,607142857142857",0,NULL,NULL,"7850,375","7498,2",7169,7130,6596
02605,CZ,2017,41,5,"12,028571428571428","0,17142857142857143","4,378571428571428",0,NULL,NULL,"7850,375","7850,375",5932,7169,7130
02605,CZ,2017,42,5,"12,035714285714286","2,2357142857142853","4,242857142857142",0,NULL,NULL,"7850,375","7850,375",8018,5932,7169
02605,CZ,2017,43,5,"9,385714285714284","2,707142857142857","1,3142857142857143",0,NULL,NULL,"7850,375","7850,375","6040,5",8018,5932
02605,CZ,2017,44,5,"6,878571428571428","0,40714285714285714","2,7499999999999996",0,NULL,NULL,"7724,75","7850,375","6916,5","6040,5",8018
02605,CZ,2017,45,5,"6,028571428571429","1,6928571428571428","1,2714285714285716",0,NULL,NULL,"7724,75","7724,75",6483,"6916,5","6040,5"
02605,CZ,2017,46,4,"3,2928571428571436","0,7214285714285715","2,0714285714285716",0,NULL,NULL,"7724,75","7724,75",6248,6483,"6916,5"
02605,CZ,2017,47,5,"5,664285714285714","0,6571428571428571","2,1642857142857146",0,NULL,NULL,"7724,75","7724,75","6966,5",6248,6483
02605,CZ,2017,48,5,"0,8642857142857144","1,942857142857143","1,1285714285714286",0,NULL,NULL,"6640,1","7724,75",7468,"6966,5",6248
02605,CZ,2017,49,5,"2,092857142857143","0,5357142857142857","1,657142857142857",0,NULL,NULL,"6640,1","6640,1","5231,5",7468,"6966,5"
02605,CZ,2017,50,5,"3,114285714285714","0,21428571428571427","1,5857142857142856",0,NULL,NULL,"6640,1","6640,1","6122,5","5231,5",7468
02605,CZ,2017,51,5,"2,2","0,55","0,4428571428571429",0,NULL,NULL,"6640,1","6640,1","8055,5","6122,5","5231,5"
02605,CZ,2017,52,3,"3,1642857142857146","1,635714285714286","2,0428571428571427",0,NULL,NULL,"6640,1","6640,1","4523,5","8055,5","6122,5"
02605,CZ,2018,1,4,"5,112500000000001","1,0625000000000002","0,9249999999999999",0,NULL,NULL,"6046,269031987875","6640,1","5413,5","4523,5","8055,5"
02605,CZ,2018,2,5,"2,3214285714285707","1,142857142857143","0,37142857142857144",0,NULL,NULL,"6046,269031987875","6046,269031987875","5653,5","5413,5","4523,5"
02605,CZ,2018,3,5,"0,6642857142857144","1,0357142857142858","0,8357142857142856",0,NULL,NULL,"6046,269031987875","6046,269031987875",5732,"5653,5","5413,5"
02605,CZ,2018,4,5,"3,078571428571429","0,1142857142857143","0,7214285714285714",0,NULL,NULL,"6046,269031987875","6046,269031987875",6111,5732,"5653,5"
02605,CZ,2018,5,5,"3,357142857142857","0,7714285714285716","2,164285714285714",0,NULL,NULL,"5799,368415745475","6046,269031987875","5706,5",6111,5732
02605,CZ,2018,6,5,"-1,457142857142857","0,6500000000000001","1,2285714285714284",0,NULL,NULL,"5799,368415745475","5799,368415745475",5917,"5706,5",6111
02605,CZ,2018,7,5,"-0,41428571428571426","0,5928571428571429","1,45",0,NULL,NULL,"5799,368415745475","5799,368415745475","5505,5",5917,"5706,5"
02605,CZ,2018,8,5,"-4,05","0,0071428571428571435","4,435714285714286",0,NULL,NULL,"5799,368415745475","5799,368415745475",5887,"5505,5",5917
02605,CZ,2018,9,5,"-8,278571428571428",0,"4,985714285714286",0,NULL,NULL,"6133,875633602101","5799,368415745475",5449,5887,"5505,5"
02605,CZ,2018,10,5,"4,764285714285714","0,5928571428571426","2,9285714285714284",0,NULL,NULL,"6133,875633602101","6133,875633602101",5125,5449,5887
02605,CZ,2018,11,5,"2,7928571428571423","2,0500000000000003","1,4142857142857141",0,NULL,NULL,"6133,875633602101","6133,875633602101","5889,5",5125,5449
02605,CZ,2018,12,5,"-0,04285714285714283","0,05","4,242857142857143",0,NULL,NULL,"6133,875633602101","6133,875633602101",6149,"5889,5",5125
02605,CZ,2018,13,4,"5,957142857142857","0,9642857142857143","2,371428571428571",0,NULL,NULL,"6133,875633602101","6133,875633602101","7928,5",6149,"5889,5"
02605,CZ,2018,14,4,"10,635714285714286","0,04285714285714286","7,264285714285714",0,NULL,NULL,"7572,732081080327","6133,875633602101",5721,"7928,5",6149
02605,CZ,2018,15,5,"15,442857142857145","0,6642857142857144","7,421428571428572",0,NULL,NULL,"7572,732081080327","7572,732081080327",6760,5721,"7928,5"
02605,CZ,2018,16,5,"15,928571428571429","0,29999999999999993","9,964285714285714",0,NULL,NULL,"7572,732081080327","7572,732081080327",7403,6760,5721
02605,CZ,2018,17,5,"16,085714285714285","0,34285714285714286","7,992857142857143",0,NULL,NULL,"7572,732081080327","7572,732081080327",9646,7403,6760
02605,CZ,2018,18,4,"16,349999999999998","0,2714285714285714","9,25",0,NULL,NULL,"9100,723435871925","7572,732081080327",8764,9646,7403
02605,CZ,2018,19,4,"18,157142857142862","1,3214285714285714","8,52142857142857",0,NULL,NULL,"9100,723435871925","9100,723435871925",8663,8764,9646
02605,CZ,2018,20,4,"14,771428571428572","2,95","7,857142857142857",0,NULL,NULL,"9100,723435871925","9100,723435871925",9175,8663,8764
02605,CZ,2018,21,4,"19,535714285714285","0,5571428571428572","10,671428571428573",0,NULL,NULL,"9100,723435871925","9100,723435871925","8153,5",9175,8663
02605,CZ,2018,22,4,"21,35","2,5500000000000003","5,785714285714286",0,NULL,NULL,"7630,316799181421","9100,723435871925","9062,5","8153,5",9175
02605,CZ,2018,23,4,"21,25714285714286","2,3642857142857143","9,692857142857145",0,NULL,NULL,"7630,316799181421","7630,316799181421","8530,5","9062,5","8153,5"
02605,CZ,2018,24,4,"18,864285714285717","3,7214285714285715","5,271428571428571",0,NULL,NULL,"7630,316799181421","7630,316799181421","9136,5","8530,5","9062,5"
02605,CZ,2018,25,4,"17,70714285714286","1,8857142857142857","5,628571428571429",0,NULL,NULL,"7630,316799181421","7630,316799181421",8788,"9136,5","8530,5"
02605,CZ,2018,26,4,"16,70714285714286","2,814285714285714","5,5928571428571425",0,NULL,NULL,"7630,316799181421","7630,316799181421","9494,5",8788,"9136,5"
02605,CZ,2018,27,3,"20,285714285714285","0,5642857142857143","10,257142857142858",0,NULL,NULL,"9918,98856216945","7630,316799181421","6486,5","9494,5",8788
02605,CZ,2018,28,5,"19,735714285714288","0,7357142857142857","6,7857142857142865",0,NULL,NULL,"9918,98856216945","9918,98856216945","9284,5","6486,5","9494,5"
02605,CZ,2018,29,5,"21,271428571428572","3,4071428571428575","6,999999999999999",0,NULL,NULL,"9918,98856216945","9918,98856216945","8715,5","9284,5","6486,5"
02605,CZ,2018,30,5,"24,150000000000002","0,6428571428571427","10,178571428571429",0,NULL,NULL,"9918,98856216945","9918,98856216945","9261,5","8715,5","9284,5"
02605,CZ,2018,31,5,"25,814285714285713","0,4","9,928571428571429",0,NULL,NULL,"9858,0252091607","9918,98856216945",11045,"9261,5","8715,5"
02605,CZ,2018,32,5,"22,857142857142854","2,414285714285714","9,321428571428571",0,NULL,NULL,"9858,0252091607","9858,0252091607",10311,11045,"9261,5"
02605,CZ,2018,33,5,"22,642857142857146","0,2357142857142857","9,507142857142858",0,NULL,NULL,"9858,0252091607","9858,0252091607",9156,10311,11045
02605,CZ,2018,34,5,"21,15","2,435714285714286","7,121428571428572",0,NULL,NULL,"9858,0252091607","9858,0252091607","8902,5",9156,10311
02605,CZ,2018,35,5,"18,014285714285712","2,2285714285714286","5,221428571428571",0,NULL,NULL,"7504,770891365","9858,0252091607","8495,5","8902,5",9156
02605,CZ,2018,36,5,"18,3","0,5428571428571428","6,3571428571428585",0,NULL,NULL,"7504,770891365","7504,770891365","6455,5","8495,5","8902,5"
02605,CZ,2018,37,5,"17,614285714285714","2,1214285714285714","7,142857142857143",0,NULL,NULL,"7504,770891365","7504,770891365","6938,5","6455,5","8495,5"
02605,CZ,2018,38,5,"17,764285714285712","2,185714285714286","8,142857142857144",0,NULL,NULL,"7504,770891365","7504,770891365",7090,"6938,5","6455,5"
02605,CZ,2018,39,4,"9,835714285714285","0,19285714285714287","7,628571428571429",0,NULL,NULL,"7504,770891365","7504,770891365",7294,7090,"6938,5"
02605,CZ,2018,40,5,"10,842857142857143","0,6142857142857142","6,357142857142857",0,NULL,NULL,"6474,952237522175","7504,770891365",5830,7294,7090
02605,CZ,2018,41,5,"13,042857142857143",0,"8,385714285714284",0,NULL,NULL,"6474,952237522175","6474,952237522175","6166,5",5830,7294
02605,CZ,2018,42,5,"11,099999999999998","0,6214285714285713","3,7928571428571423",0,NULL,NULL,"6474,952237522175","6474,952237522175","6802,5","6166,5",5830
02605,CZ,2018,43,5,"8,264285714285716","3,9785714285714286","1,7142857142857149",0,NULL,NULL,"6474,952237522175","6474,952237522175","5741,5","6802,5","6166,5"
02605,CZ,2018,44,5,"10,992857142857144","0,7714285714285712","3,164285714285714",0,NULL,NULL,"7122,630025484174","6474,952237522175",6083,"5741,5","6802,5"
02605,CZ,2018,45,5,"9,364285714285714",0,"4,578571428571429",0,NULL,NULL,"7122,630025484174","7122,630025484174",5890,6083,"5741,5"
02605,CZ,2018,46,5,"5,164285714285713","0,1285714285714286","4,571428571428571",0,NULL,NULL,"7122,630025484174","7122,630025484174","6307,5",5890,6083
02605,CZ,2018,47,5,"2,614285714285714","0,5214285714285715","0,14285714285714285",0,NULL,NULL,"7122,630025484174","7122,630025484174","5425,5","6307,5",5890
02605,CZ,2018,48,5,"-0,8357142857142856","1,0571428571428572","2,0785714285714287",0,NULL,NULL,"5538,97826939324","7122,630025484174","5960,5","5425,5","6307,5"
02605,CZ,2018,49,5,"4,671428571428571","1,1285714285714286","1,4785714285714289",0,NULL,NULL,"5538,97826939324","5538,97826939324","5655,5","5960,5","5425,5"
02605,CZ,2018,50,5,"-0,0285714285714286","0,6142857142857141","0,6714285714285715",0,NULL,NULL,"5538,97826939324","5538,97826939324",5925,"5655,5","5960,5"
02605,CZ,2018,51,5,"2,9","1,9714285714285715","0,5499999999999999",0,NULL,NULL,"5538,97826939324","5538,97826939324","7934,5",5925,"5655,5"
02605,CZ,2018,52,2,"3,1999999999999997","1,2357142857142858","0,3857142857142857",0,NULL,NULL,"5538,97826939324","5538,97826939324",3585,"7934,5",5925
02605,CZ,2019,1,4,"0,88125","1,13125","0,71875",0,NULL,NULL,"5792,862384742375","5538,97826939324","4926,5",3585,"7934,5"
02605,CZ,2019,2,5,"0,35000000000000003","1,5857142857142856","0,9285714285714286",0,NULL,NULL,"5792,862384742375","5792,862384742375",5439,"4926,5",3585
02605,CZ,2019,3,5,"0,36428571428571416","0,21428571428571433","2,2142857142857144",0,NULL,NULL,"5792,862384742375","5792,862384742375",4705,5439,"4926,5"
02605,CZ,2019,4,5,"-3,2642857142857147","0,21428571428571427","1,6071428571428572",0,NULL,NULL,"5792,862384742375","5792,862384742375","5010,5",4705,5439
02605,CZ,2019,5,5,"1,1500000000000004","2,2499999999999996","2,4071428571428575",0,NULL,NULL,"5307,1788447535255","5792,862384742375",5259,"5010,5",4705
02605,CZ,2019,6,5,"0,6","0,37142857142857144","3,792857142857143",0,NULL,NULL,"5307,1788447535255","5307,1788447535255","4646,5",5259,"5010,5"
02605,CZ,2019,7,5,"4,185714285714286","0,08571428571428573","4,742857142857143",0,NULL,NULL,"5307,1788447535255","5307,1788447535255",5075,"4646,5",5259
02605,CZ,2019,8,5,"3,192857142857143","0,65","4,792857142857143",0,NULL,NULL,"5307,1788447535255","5307,1788447535255","5535,5",5075,"4646,5"
02605,CZ,2019,9,5,"6,528571428571429","0,13571428571428573","4,35",0,NULL,NULL,"5033,37519366052","5307,1788447535255",5616,"5535,5",5075
02605,CZ,2019,10,5,"7,857142857142857","1,842857142857143","3,9928571428571433",0,NULL,NULL,"5033,37519366052","5033,37519366052","5315,5",5616,"5535,5"
02605,CZ,2019,11,5,"6,3","1,6500000000000001","3,6214285714285714",0,NULL,NULL,"5033,37519366052","5033,37519366052","5279,5","5315,5",5616
02605,CZ,2019,12,5,"7,021428571428572","0,03571428571428571","5,842857142857142",0,NULL,NULL,"5033,37519366052","5033,37519366052","5637,5","5279,5","5315,5"
02605,CZ,2019,13,5,"7,107142857142857","0,32857142857142857","5,314285714285715",0,NULL,NULL,"5033,37519366052","5033,37519366052",6543,"5637,5","5279,5"
02605,CZ,2019,14,5,"10,95","0,27142857142857146","8,307142857142857",0,"1,1666666666666665",NULL,"6806,24325410725","5033,37519366052",5492,6543,"5637,5"
02605,CZ,2019,15,5,"6,957142857142857","0,3785714285714286","4,371428571428572",0,"1,1666666666666665","1,1666666666666665","6806,24325410725","6806,24325410725","5901,5",5492,6543
02605,CZ,2019,16,4,"11,571428571428571",0,"12,321428571428571",0,"1,1666666666666665","1,1666666666666665","6806,24325410725","6806,24325410725",6515,"5901,5",5492
02605,CZ,2019,17,4,"13,89285714285714","1,6357142857142857","6,52857142857143",0,"1,1666666666666665","1,1666666666666665","6806,24325410725","6806,24325410725",7557,6515,"5901,5"
02605,CZ,2019,18,4,"10,178571428571429","2,9142857142857146","3,8642857142857143",0,"0,3333333333333333","1,1666666666666665","7885,9943001996235","6806,24325410725",7164,7557,6515
02605,CZ,2019,19,4,"10,635714285714286","2,021428571428572","4,335714285714286",0,NULL,"0,3333333333333333","7885,9943001996235","7885,9943001996235","5570,5",7164,7557
02605,CZ,2019,20,5,"11,278571428571428","2,457142857142857","4,171428571428572",0,NULL,NULL,"7885,9943001996235","7885,9943001996235","6366,5","5570,5",7164
02605,CZ,2019,21,5,"14,807142857142859","3,742857142857143","6,707142857142856",0,NULL,NULL,"7885,9943001996235","7885,9943001996235","6589,5","6366,5","5570,5"
02605,CZ,2019,22,5,"16,435714285714283","3,064285714285714","6,935714285714285",0,NULL,NULL,"6550,998761395281","7885,9943001996235","6982,5","6589,5","6366,5"
02605,CZ,2019,23,5,"21,235714285714288","1,75","11,364285714285716",0,NULL,NULL,"6550,998761395281","6550,998761395281",8335,"6982,5","6589,5"
02605,CZ,2019,24,5,"24,3","1,2642857142857142","10,278571428571428",0,NULL,NULL,"6550,998761395281","6550,998761395281","8804,5",8335,"6982,5"
02605,CZ,2019,25,5,"21,842857142857145","3,142857142857143","7,685714285714286",0,NULL,NULL,"6550,998761395281","6550,998761395281","9487,5","8804,5",8335
02605,CZ,2019,26,5,"24,664285714285715",0,"13,864285714285716",0,NULL,NULL,"6550,998761395281","6550,998761395281",10753,"9487,5","8804,5"
02605,CZ,2019,27,4,"20,91428571428571","0,33571428571428574","8,814285714285713",0,NULL,NULL,"9912,8968358089","6550,998761395281",6326,10753,"9487,5"
02605,CZ,2019,28,5,"16,792857142857144","1,7357142857142855","4,164285714285714",0,NULL,NULL,"9912,8968358089","9912,8968358089","8058,5",6326,10753
02605,CZ,2019,29,5,"19,55","1,407142857142857","7,321428571428572",0,NULL,NULL,"9912,8968358089","9912,8968358089","6759,5","8058,5",6326
02605,CZ,2019,30,5,"23,871428571428574","1,4857142857142858","9,150000000000002",0,NULL,NULL,"9912,8968358089","9912,8968358089","7508,5","6759,5","8058,5"
02605,CZ,2019,31,5,"20,678571428571427","2,7357142857142853","5,785714285714286",0,NULL,NULL,"9799,5711352986","9912,8968358089","7789,5","7508,5","6759,5"
02605,CZ,2019,32,5,"21,214285714285715","5,114285714285715","7,764285714285713",0,NULL,NULL,"9799,5711352986","9799,5711352986",7432,"7789,5","7508,5"
02605,CZ,2019,33,5,"18,435714285714287","2,3857142857142857","6,078571428571428",0,NULL,NULL,"9799,5711352986","9799,5711352986",7142,7432,"7789,5"
02605,CZ,2019,34,5,"20,014285714285712","3,121428571428571","6,842857142857142",0,NULL,NULL,"9799,5711352986","9799,5711352986",6788,7142,7432
02605,CZ,2019,35,5,"22,978571428571428","1,7642857142857142","8,778571428571428",0,NULL,NULL,"5785,58315659316","9799,5711352986",7523,6788,7142
02605,CZ,2019,36,5,"15,450000000000001","5,292857142857144","5,157142857142857",0,NULL,NULL,"5785,58315659316","5785,58315659316","6889,5",7523,6788
02605,CZ,2019,37,5,"15,371428571428575","0,7999999999999999","7,628571428571429",0,NULL,NULL,"5785,58315659316","5785,58315659316","6339,5","6889,5",7523
02605,CZ,2019,38,5,"11,721428571428572","0,4071428571428571","7,071428571428571",0,NULL,NULL,"5785,58315659316","5785,58315659316",5707,"6339,5","6889,5"
02605,CZ,2019,39,5,"14,785714285714286","0,46428571428571436","2,7785714285714285",0,NULL,NULL,"5785,58315659316","5785,58315659316",6256,5707,"6339,5"
02605,CZ,2019,40,5,"10,678571428571429","3,435714285714286","2,892857142857143",0,NULL,NULL,"6784,41729627105","5785,58315659316",5348,6256,5707
02605,CZ,2019,41,5,"11,135714285714284","2,085714285714286","5,707142857142857",0,NULL,NULL,"6784,41729627105","6784,41729627105",4669,5348,6256
02605,CZ,2019,42,5,"13,071428571428571","0,09285714285714287","6,364285714285714",0,NULL,NULL,"6784,41729627105","6784,41729627105",5492,4669,5348
02605,CZ,2019,43,5,"12,635714285714284","0,35000000000000003","5,778571428571428",0,NULL,NULL,"6784,41729627105","6784,41729627105",5627,5492,4669
02605,CZ,2019,44,4,"5,785714285714286","0,6142857142857142","2,9642857142857144",0,NULL,NULL,"6505,074847546749","6784,41729627105","5426,5",5627,5492
02605,CZ,2019,45,5,"7,500000000000001","0,8357142857142856","1,8642857142857143",0,NULL,NULL,"6505,074847546749","6505,074847546749","5077,5","5426,5",5627
02605,CZ,2019,46,5,"6,978571428571428","2,8285714285714287","2,8214285714285716",0,NULL,NULL,"6505,074847546749","6505,074847546749","4973,5","5077,5","5426,5"
02605,CZ,2019,47,5,"7,342857142857142","0,5857142857142856","1,8357142857142859",0,NULL,NULL,"6505,074847546749","6505,074847546749","4645,5","4973,5","5077,5"
02605,CZ,2019,48,5,"4,721428571428572","0,05","1,4785714285714289",0,NULL,NULL,"4800,10508616206","6505,074847546749",5115,"4645,5","4973,5"
02605,CZ,2019,49,5,"2,0214285714285714","0,18571428571428572","2,3785714285714286",0,NULL,NULL,"4800,10508616206","4800,10508616206",5140,5115,"4645,5"
02605,CZ,2019,50,5,"3,1285714285714286","0,2928571428571428","2,0785714285714283",0,NULL,NULL,"4800,10508616206","4800,10508616206",4828,5140,5115
02605,CZ,2019,51,5,"6,528571428571428","2,1357142857142857","1,6785714285714288",0,NULL,NULL,"4800,10508616206","4800,10508616206","8334,5",4828,5140
02605,CZ,2019,52,2,"2,9357142857142855","1,5785714285714285","0,7428571428571428",0,NULL,NULL,"4800,10508616206","4800,10508616206","2612,5","8334,5",4828
02605,CZ,2020,1,4,"0,5799999999999998","0,16","3,35",0,NULL,NULL,"4817,216697733675","4800,10508616206",4217,"2612,5","8334,5"
02605,CZ,2020,2,5,"2,4285714285714284","0,5214285714285715","2,085714285714286",0,NULL,NULL,"4817,216697733675","4817,216697733675",4086,4217,"2612,5"
02605,CZ,2020,3,5,"1,4714285714285715","0,5571428571428572","2,1857142857142855",0,NULL,NULL,"4817,216697733675","4817,216697733675","4473,5",4086,4217
02605,CZ,2020,4,5,"-0,1285714285714286","0,014285714285714287","1,6142857142857143",0,NULL,NULL,"4817,216697733675","4817,216697733675","4498,5","4473,5",4086
02605,CZ,2020,5,5,"5,864285714285715","0,8928571428571427","1,4428571428571428",0,NULL,NULL,"4552,283183566875","4817,216697733675","4316,5","4498,5","4473,5"
02605,CZ,2020,6,5,"3,2285714285714286","2,685714285714286","2,9785714285714286",0,NULL,NULL,"4552,283183566875","4552,283183566875","4283,5","4316,5","4498,5"
02605,CZ,2020,7,5,"5,1000000000000005","1,2071428571428573","3,3428571428571425",0,NULL,NULL,"4552,283183566875","4552,283183566875",4324,"4283,5","4316,5"
02605,CZ,2020,8,5,"6,607142857142857","0,992857142857143","2,1571428571428575",0,NULL,NULL,"4552,283183566875","4552,283183566875","4756,5",4324,"4283,5"
02605,CZ,2020,9,5,"5,028571428571428","1,514285714285714","2,1214285714285714",0,NULL,NULL,"4274,5887251881395","4552,283183566875","4924,5","4756,5",4324
02605,CZ,2020,10,5,"5,092857142857143","1,285714285714286","3,4214285714285717",0,NULL,NULL,"4274,5887251881395","4274,5887251881395",4522,"4924,5","4756,5"
02605,CZ,2020,11,5,"6,571428571428571","2,3642857142857143","5,285714285714286",0,NULL,NULL,"4274,5887251881395","4274,5887251881395",4172,4522,"4924,5"
02605,CZ,2020,12,5,"7,05","1,457142857142857","5,728571428571429",1,NULL,NULL,"4274,5887251881395","4274,5887251881395","274,5",4172,4522
02605,CZ,2020,13,5,4,"0,09285714285714286","8,807142857142859",1,NULL,NULL,"4274,5887251881395","4274,5887251881395",8,"274,5",4172
02605,CZ,2020,14,5,"4,25","0,049999999999999996","8,62857142857143",1,NULL,NULL,"6457,465966745701","4274,5887251881395",105,8,"274,5"
02605,CZ,2020,15,4,"11,55",0,"12,375",1,NULL,NULL,"6457,465966745701","6457,465966745701","286,5",105,8
02605,CZ,2020,16,4,"11,25","0,7699999999999999","10,24",1,NULL,NULL,"6457,465966745701","6457,465966745701",627,"286,5",105
02605,CZ,2020,17,5,"11,364285714285714",0,"11,071428571428571",1,NULL,NULL,"6457,465966745701","6457,465966745701",1067,627,"286,5"
02605,CZ,2020,18,4,"13,12142857142857","1,757142857142857","6,200000000000001",1,NULL,NULL,"6967,913057941875","6457,465966745701",2260,1067,627
02605,CZ,2020,19,4,"12,650000000000002","2,5714285714285716","7,25",1,NULL,NULL,"6967,913057941875","6967,913057941875",2642,2260,1067
02605,CZ,2020,20,5,"9,964285714285714","4,371428571428572","6,685714285714286",1,NULL,NULL,"6967,913057941875","6967,913057941875",3541,2642,2260
02605,CZ,2020,21,5,"14,6","4,321428571428571","7,642857142857143",1,NULL,NULL,"6967,913057941875","6967,913057941875","5038,5",3541,2642
02605,CZ,2020,22,5,"12,471428571428572","3,435714285714286","4,707142857142856",0,NULL,NULL,"6665,949490847161","6967,913057941875",5020,"5038,5",3541
02605,CZ,2020,23,5,"15,892857142857142","3,5000000000000004","6,735714285714286",0,NULL,NULL,"6665,949490847161","6665,949490847161","5386,5",5020,"5038,5"
02605,CZ,2020,24,5,"17,892857142857142","4,557142857142858","4,35",0,NULL,NULL,"6665,949490847161","6665,949490847161",5868,"5386,5",5020
02605,CZ,2020,25,5,"17,692857142857147","7,392857142857143","2,842857142857143",0,NULL,NULL,"6665,949490847161","6665,949490847161","6180,5",5868,"5386,5"
02605,CZ,2020,26,5,"19,821428571428573","7,028571428571429","7,678571428571428",0,NULL,NULL,"6665,949490847161","6665,949490847161",6602,"6180,5",5868
02605,CZ,2020,27,5,"20,521428571428572","3,2357142857142853","8,95",0,NULL,NULL,"9099,649922050477","6665,949490847161","7709,5",6602,"6180,5"
02605,CZ,2020,28,4,"17,942857142857143","2,742857142857143","5,871428571428571",0,NULL,NULL,"9099,649922050477","9099,649922050477","6468,5","7709,5",6602
02605,CZ,2020,29,5,"17,285714285714285","4,892857142857143","6,542857142857143",0,NULL,NULL,"9099,649922050477","9099,649922050477",6073,"6468,5","7709,5"
02605,CZ,2020,30,5,"20,142857142857142","0,7642857142857142","8,235714285714286",0,NULL,NULL,"9099,649922050477","9099,649922050477","6243,5",6073,"6468,5"
02605,CZ,2020,31,5,"22,00714285714286","1,8642857142857143","11,435714285714285",0,NULL,NULL,"7963,688723536949","9099,649922050477",6887,"6243,5",6073
02605,CZ,2020,32,5,"20,2","2,4357142857142855","7,95",0,NULL,NULL,"7963,688723536949","7963,688723536949",6898,6887,"6243,5"
02605,CZ,2020,33,5,"22,17142857142857","2,2714285714285714","9,164285714285713",0,NULL,NULL,"7963,688723536949","7963,688723536949","7131,5",6898,6887
02605,CZ,2020,34,5,"20,55","4,764285714285714","7,628571428571429",0,NULL,NULL,"7963,688723536949","7963,688723536949","6553,5","7131,5",6898
02605,CZ,2020,35,5,"18,135714285714286","3,885714285714286","5,907142857142857",0,NULL,NULL,"5229,166474945419","7963,688723536949","5881,5","6553,5","7131,5"
02605,CZ,2020,36,5,"16,02142857142857","5,678571428571429","5,007142857142857",0,NULL,NULL,"5229,166474945419","5229,166474945419",5057,"5881,5","6553,5"
02605,CZ,2020,37,5,"16,435714285714287",0,"8,914285714285715",0,NULL,NULL,"5229,166474945419","5229,166474945419","5211,5",5057,"5881,5"
02605,CZ,2020,38,5,"16,57857142857143","0,05714285714285715","10,121428571428572",0,NULL,NULL,"5229,166474945419","5229,166474945419",5489,"5211,5",5057
02605,CZ,2020,39,5,"13,835714285714285","7,957142857142857","5,214285714285714",0,NULL,NULL,"5229,166474945419","5229,166474945419",4908,5489,"5211,5"
02605,CZ,2020,40,4,"13,085714285714285","5,235714285714285","3,585714285714286",0,NULL,NULL,"5393,4525444268","5229,166474945419",3838,4908,5489
02605,CZ,2020,41,5,"11,364285714285716","2,1","2,9857142857142853",0,NULL,NULL,"5393,4525444268","5393,4525444268","3292,5",3838,4908
02605,CZ,2020,42,5,"7,185714285714285","7,385714285714285","0,48571428571428577",1,NULL,NULL,"5393,4525444268","5393,4525444268","844,5","3292,5",3838
02605,CZ,2020,43,5,"10,471428571428572","0,4","3,607142857142857",1,NULL,NULL,"5393,4525444268","5393,4525444268","60,5","844,5","3292,5"
02605,CZ,2020,44,4,"9,385714285714284","1,9071428571428573","0,75",1,NULL,NULL,"5492,402766635525","5393,4525444268","121,5","60,5","844,5"
02605,CZ,2020,45,5,"7,614285714285714","1,107142857142857","2,4928571428571433",1,NULL,NULL,"5492,402766635525","5492,402766635525","228,5","121,5","60,5"
02605,CZ,2020,46,5,6,"0,07857142857142858","0,9142857142857143",1,NULL,NULL,"5492,402766635525","5492,402766635525","291,5","228,5","121,5"
02605,CZ,2020,47,4,"4,971978021978023","0,34670329670329675","2,972527472527472",1,NULL,NULL,"5492,402766635525","5492,402766635525","387,5","291,5","228,5"
02605,CZ,2020,48,5,"0,4362637362637362","0,20439560439560442","1,1065934065934064",1,NULL,NULL,"3666,7486209796334","5492,402766635525",1372,"387,5","291,5"
02605,CZ,2020,49,5,"1,6032967032967032","0,332967032967033","2,065934065934066",1,NULL,NULL,"3666,7486209796334","3666,7486209796334",2541,1372,"387,5"
02605,CZ,2020,50,5,"2,767032967032967","0,4769230769230769","0,665934065934066",1,NULL,NULL,"3666,7486209796334","3666,7486209796334","3258,5",2541,1372
02605,CZ,2020,51,5,"1,943956043956044","0,08681318681318682","0,5582417582417583",1,NULL,NULL,"3666,7486209796334","3666,7486209796334","1201,5","3258,5",2541
02605,CZ,2020,52,3,"3,167032967032967","2,203296703296703","1,354945054945055",1,NULL,NULL,"3666,7486209796334","3666,7486209796334","511,5","1201,5","3258,5"
02605,CZ,2020,53,4,"0,9980769230769232","1,0038461538461538","3,332692307692308",1,NULL,NULL,"3666,7486209796334","3666,7486209796334","606,5","511,5","1201,5"
