SkuShort,Brand,Country,Year,Week,NumberWorkdays,AvgTemp,AvgRain,AvgSun,IsLockdown,PdtHl,PrevWeekPdtHl1,BgtHl,SalesHl,PrevWeekSalesHl1,PrevWeekSalesHl2,PrevYearSalesHl1,PrevYearSalesHl2,OldPredSalesHl
01000,PILSNER URQUELL,CZ,2021,20,5,"10,901098901098903","2,167032967032967","4,913186813186813",1,NULL,NULL,"3230,2032375025747","1682,9","1364,9299999999998","721,55","1145,8502","2862,8304000000003","1379,9772"
01000,PILSNER URQUELL,SK,2021,20,5,"10,901098901098903","2,167032967032967","4,913186813186813",1,NULL,NULL,"523,3042696919501",320,330,425,250,430,"402,5"
01002,PILSNER URQUELL,CZ,2021,20,5,"10,901098901098903","2,167032967032967","4,913186813186813",1,NULL,NULL,"757,373349445025","969,9","1130,55",1002,"860,1","622,65","1014,9921"
01002,PILSNER URQUELL,SK,2021,20,5,"10,901098901098903","2,167032967032967","4,913186813186813",1,NULL,NULL,"113,72256101629999","97,05","109,05","128,25","121,65","95,55","145,0004"
01003,PILSNER URQUELL,CZ,2021,20,5,"10,901098901098903","2,167032967032967","4,913186813186813",1,NULL,NULL,"4031,6419795194006",2946,3465,"2200,5","2632,5","3091,5","3359,6182999999996"
01003,PILSNER URQUELL,SK,2021,20,5,"10,901098901098903","2,167032967032967","4,913186813186813",1,NULL,NULL,"662,293456242975","522,6","522,9","679,8",513,"611,7","688,4385"
01005,PILSNER URQUELL,CZ,2021,20,5,"10,901098901098903","2,167032967032967","4,913186813186813",1,NULL,NULL,"9181,8836359817",6577,"7453,5",4344,"6134,5",8340,"7258,987900000001"
01005,PILSNER URQUELL,SK,2021,20,5,"10,901098901098903","2,167032967032967","4,913186813186813",1,NULL,NULL,"1330,811542559525","1116,5","1181,5",1483,1035,1262,"1200,5008"
02003,GAMBRINUS,CZ,2021,20,5,"10,901098901098903","2,167032967032967","4,913186813186813",1,NULL,NULL,"268,6440510519001",NULL,NULL,NULL,NULL,132,"53,2309"
02300,GAMBRINUS,CZ,2021,20,5,"10,901098901098903","2,167032967032967","4,913186813186813",1,NULL,NULL,"382,930257209525","154,2","85,91",NULL,"140,0101","306,02","107,9667"
02303,GAMBRINUS,CZ,2021,20,5,"10,901098901098903","2,167032967032967","4,913186813186813",1,NULL,NULL,"460,78586100217495","259,5","263,4","184,8","231,6",309,"345,6318"
02305,GAMBRINUS,CZ,2021,20,5,"10,901098901098903","2,167032967032967","4,913186813186813",1,NULL,NULL,"2758,020607692","1021,5",1156,469,1030,"1864,5","1183,7164"
02500,GAMBRINUS,CZ,2021,20,5,"10,901098901098903","2,167032967032967","4,913186813186813",1,NULL,NULL,"281,76342326229997","133,89","96,42",NULL,"114,22","287,71999999999997","123,2533"
02503,GAMBRINUS,CZ,2021,20,5,"10,901098901098903","2,167032967032967","4,913186813186813",1,NULL,NULL,"114,63433332655","137,1",138,"76,8",111,"141,3","109,3531"
02503,GAMBRINUS,SK,2021,20,5,"10,901098901098903","2,167032967032967","4,913186813186813",1,NULL,NULL,"24,242837462775","23,4","16,8","26,4","13,2","20,1","22,0521"
02505,GAMBRINUS,CZ,2021,20,5,"10,901098901098903","2,167032967032967","4,913186813186813",1,NULL,NULL,"813,916684582775",539,"576,5","286,5",560,"1165,5","678,3883000000001"
02600,GAMBRINUS,CZ,2021,20,5,"10,901098901098903","2,167032967032967","4,913186813186813",1,NULL,NULL,"1059,1332079303","397,45","275,46",NULL,"408,47999999999996","1001,85","532,5851"
02600,GAMBRINUS,SK,2021,20,5,"10,901098901098903","2,167032967032967","4,913186813186813",1,NULL,NULL,"155,267281900525",85,95,80,45,150,"126,50009999999999"
02603,GAMBRINUS,CZ,2021,20,5,"10,901098901098903","2,167032967032967","4,913186813186813",1,NULL,NULL,"647,9124381319001",579,"631,5","521,4","506,40000000000003","659,7","665,8513"
02603,GAMBRINUS,SK,2021,20,5,"10,901098901098903","2,167032967032967","4,913186813186813",1,NULL,NULL,"146,30022238265",102,"131,4","116,1","82,5","120,9","112,7492"
02605,GAMBRINUS,CZ,2021,20,5,"10,901098901098903","2,167032967032967","4,913186813186813",1,NULL,NULL,"6407,572316690976","3094,5",3244,1717,3541,"6366,5","4711,388"
02605,GAMBRINUS,SK,2021,20,5,"10,901098901098903","2,167032967032967","4,913186813186813",1,NULL,NULL,"916,7668322825998",625,619,762,"694,5",737,"770,2455"
02803,EXCELENT,CZ,2021,20,5,"10,901098901098903","2,167032967032967","4,913186813186813",1,NULL,NULL,"72,5356079503","253,2","250,8",240,"214,2","217,8","222,2262"
02803,EXCELENT,SK,2021,20,5,"10,901098901098903","2,167032967032967","4,913186813186813",1,NULL,NULL,"94,005286071075","33,3","39,6","60,3","32,7","49,8","38,768299999999996"
02805,EXCELENT,CZ,2021,20,5,"10,901098901098903","2,167032967032967","4,913186813186813",1,NULL,NULL,"294,73724317515",436,417,284,"422,5",661,"347,9176"
04000,SARIS,SK,2021,20,5,"10,901098901098903","2,167032967032967","4,913186813186813",1,NULL,NULL,"247,275933061775","67,8",106,"82,4",60,"204,7","195,90740000000002"
04003,SARIS,SK,2021,20,5,"10,901098901098903","2,167032967032967","4,913186813186813",1,NULL,NULL,"122,16410047017499","79,8","111,3","120,9","129,3","106,8","86,1984"
04005,SARIS,SK,2021,20,5,"10,901098901098903","2,167032967032967","4,913186813186813",1,NULL,NULL,"1122,118391945075","665,5",819,974,"742,5","897,5","862,9095000000001"
04203,SARIS,SK,2021,20,5,"10,901098901098903","2,167032967032967","4,913186813186813",1,NULL,NULL,"120,77728325787498","82,2","136,2","114,9","117,3","113,4","122,00019999999999"
04205,SARIS,SK,2021,20,5,"10,901098901098903","2,167032967032967","4,913186813186813",1,NULL,NULL,"651,4785877995",319,444,371,397,"555,5","614,7527"
04303,SARIS,SK,2021,20,5,"10,901098901098903","2,167032967032967","4,913186813186813",1,NULL,NULL,"46,964140375525005","22,2","29,1","27,3","12,6",39,"19,9524"
04402,SARIS,SK,2021,20,5,"10,901098901098903","2,167032967032967","4,913186813186813",1,NULL,NULL,"6,694017484374999",NULL,NULL,NULL,NULL,NULL,NULL
04403,SARIS,SK,2021,20,5,"10,901098901098903","2,167032967032967","4,913186813186813",1,NULL,NULL,"208,06767817525002",NULL,NULL,NULL,"2,4","55,2",NULL
05000,RADEGAST,CZ,2021,20,5,"10,901098901098903","2,167032967032967","4,913186813186813",1,NULL,NULL,"1096,7419790664248","518,3501","415,14","190,76000000000002","468,91","935,35","492,0182"
05000,RADEGAST,SK,2021,20,5,"10,901098901098903","2,167032967032967","4,913186813186813",1,NULL,NULL,"38,668029225949994",20,20,40,20,15,"20,8153"
05002,RADEGAST,CZ,2021,20,5,"10,901098901098903","2,167032967032967","4,913186813186813",1,NULL,NULL,"247,7076912247","632,4","669,9","600,3","414,6","141,9","505,7296"
05003,RADEGAST,CZ,2021,20,5,"10,901098901098903","2,167032967032967","4,913186813186813",1,NULL,NULL,"767,2792147653","979,5","1117,2","997,5","784,5",600,"872,5896000000001"
05003,RADEGAST,SK,2021,20,5,"10,901098901098903","2,167032967032967","4,913186813186813",1,NULL,NULL,"62,46293173865","67,8","74,1","102,9","85,2","50,7","69,0004"
05005,RADEGAST,CZ,2021,20,5,"10,901098901098903","2,167032967032967","4,913186813186813",1,NULL,NULL,"4628,727679796","3803,5","4458,5",2707,3860,4152,"4106,3589"
05005,RADEGAST,SK,2021,20,5,"10,901098901098903","2,167032967032967","4,913186813186813",1,NULL,NULL,"480,69931032757495",405,"399,5","471,5","360,5",402,"413,78790000000004"
05100,RADEGAST,CZ,2021,20,5,"10,901098901098903","2,167032967032967","4,913186813186813",1,NULL,NULL,"319,871752938075","108,59","99,95","57,2","149,06","242,98000000000002","145,4118"
05100,RADEGAST,SK,2021,20,5,"10,901098901098903","2,167032967032967","4,913186813186813",1,NULL,NULL,"94,626085420175",50,80,55,55,45,"68,5201"
05103,RADEGAST,CZ,2021,20,5,"10,901098901098903","2,167032967032967","4,913186813186813",1,NULL,NULL,"749,7175421740501",936,"1074,9","886,2","726,6","514,5","834,4127"
05103,RADEGAST,SK,2021,20,5,"10,901098901098903","2,167032967032967","4,913186813186813",1,NULL,NULL,"75,24640661937501",66,"113,1","122,4","125,1",75,"88,0004"
05105,RADEGAST,CZ,2021,20,5,"10,901098901098903","2,167032967032967","4,913186813186813",1,NULL,NULL,"5894,848745372549","3702,5","4184,5",2241,3456,"5085,5","4678,6244"
05105,RADEGAST,SK,2021,20,5,"10,901098901098903","2,167032967032967","4,913186813186813",1,NULL,NULL,"1256,22301804045",951,"1058,5",1177,"1015,5",1010,"1060,8007"
05202,BIRELL,CZ,2021,20,5,"10,901098901098903","2,167032967032967","4,913186813186813",1,NULL,NULL,"103,88225569084997","30,45","43,65","10,2","11,7","90,9","31,266"
05202,BIRELL,SK,2021,20,5,"10,901098901098903","2,167032967032967","4,913186813186813",1,NULL,NULL,"23,893763931749998","14,85","12,15","10,95","9,75","19,2","17,9036"
05203,BIRELL,CZ,2021,20,5,"10,901098901098903","2,167032967032967","4,913186813186813",1,NULL,NULL,"670,6288239279249","148,2","197,7",21,"62,7",549,"79,7448"
05203,BIRELL,SK,2021,20,5,"10,901098901098903","2,167032967032967","4,913186813186813",1,NULL,NULL,"84,21815366794999",27,"29,1","41,7","13,8","56,4","44,5998"
05603,RADEGAST,CZ,2021,20,5,"10,901098901098903","2,167032967032967","4,913186813186813",1,NULL,NULL,"312,369064144025","172,8","192,6","95,1","1,5",NULL,"276,58509999999995"
05603,RADEGAST,SK,2021,20,5,"10,901098901098903","2,167032967032967","4,913186813186813",1,NULL,NULL,NULL,"91,8",123,"124,2",NULL,NULL,160
05903,RADEGAST,CZ,2021,20,5,"10,901098901098903","2,167032967032967","4,913186813186813",1,NULL,NULL,NULL,"0,3",NULL,NULL,NULL,NULL,NULL
06003,KOZEL,CZ,2021,20,5,"10,901098901098903","2,167032967032967","4,913186813186813",1,NULL,NULL,"42,659895165675","16,2","29,1","14,7","18,6","24,3","24,8416"
06005,KOZEL,CZ,2021,20,5,"10,901098901098903","2,167032967032967","4,913186813186813",1,NULL,NULL,"326,20422151045","49,5","45,5",18,49,"184,5","87,1188"
06005,KOZEL,SK,2021,20,5,"10,901098901098903","2,167032967032967","4,913186813186813",1,NULL,NULL,"17,317842061525",NULL,NULL,NULL,NULL,"7,5",NULL
06100,KOZEL,CZ,2021,20,5,"10,901098901098903","2,167032967032967","4,913186813186813",1,NULL,NULL,"36,60188549040001",NULL,NULL,NULL,"19,08","46,93",NULL
06100,KOZEL,SK,2021,20,5,"10,901098901098903","2,167032967032967","4,913186813186813",1,NULL,NULL,NULL,5,NULL,5,5,30,"26,7327"
06103,KOZEL,CZ,2021,20,5,"10,901098901098903","2,167032967032967","4,913186813186813",1,NULL,NULL,"203,86135082085002","271,5","262,8","199,5","226,5","238,5","218,7818"
06103,KOZEL,SK,2021,20,5,"10,901098901098903","2,167032967032967","4,913186813186813",1,NULL,NULL,"29,931587106525","16,8","20,4",24,"35,7","62,1","44,8249"
06105,KOZEL,CZ,2021,20,5,"10,901098901098903","2,167032967032967","4,913186813186813",1,NULL,NULL,"1181,8285290668246","616,5","702,5",361,781,1403,"1019,2411"
06105,KOZEL,SK,2021,20,5,"10,901098901098903","2,167032967032967","4,913186813186813",1,NULL,NULL,"257,495909829075","119,5",142,"156,5",104,251,"182,0019"
06202,KOZEL,CZ,2021,20,5,"10,901098901098903","2,167032967032967","4,913186813186813",1,NULL,NULL,"55,387693280324996","21,15","21,75","5,4","11,85",51,"38,1162"
06203,KOZEL,CZ,2021,20,5,"10,901098901098903","2,167032967032967","4,913186813186813",1,NULL,NULL,"615,49160618675","100,5","121,2","12,299999999999999","77,7","563,4","156,5461"
06205,KOZEL,CZ,2021,20,5,"10,901098901098903","2,167032967032967","4,913186813186813",1,NULL,NULL,"53,62654911235",NULL,NULL,NULL,NULL,"44,5","12,669699999999999"
06500,KOZEL,CZ,2021,20,5,"10,901098901098903","2,167032967032967","4,913186813186813",1,NULL,NULL,"763,9644244336","293,35","232,09","29,7","235,8","762,9501","351,9966"
06500,KOZEL,SK,2021,20,5,"10,901098901098903","2,167032967032967","4,913186813186813",1,NULL,NULL,"69,01462769215",35,35,45,35,70,"56,0158"
06503,KOZEL,CZ,2021,20,5,"10,901098901098903","2,167032967032967","4,913186813186813",1,NULL,NULL,"1059,657255879375","1087,5","1245,3","954,6","977,1","990,6","1138,7706999999998"
06503,KOZEL,SK,2021,20,5,"10,901098901098903","2,167032967032967","4,913186813186813",1,NULL,NULL,"41,7295656302","27,3","39,3","35,4","31,8","31,2","34,0002"
06505,KOZEL,CZ,2021,20,5,"10,901098901098903","2,167032967032967","4,913186813186813",1,NULL,NULL,"7744,938371940425",4190,"4753,5","2439,5",4445,7202,"5632,6451"
06505,KOZEL,SK,2021,20,5,"10,901098901098903","2,167032967032967","4,913186813186813",1,NULL,NULL,"286,64772767402496","143,5",145,"167,5",181,234,168
07005,TOPVAR,SK,2021,20,5,"10,901098901098903","2,167032967032967","4,913186813186813",1,NULL,NULL,"324,0610639913","150,5","139,5","135,5","252,5",302,"180,14839999999998"
07105,TOPVAR,SK,2021,20,5,"10,901098901098903","2,167032967032967","4,913186813186813",1,NULL,NULL,"61,614477602550004","31,5","43,5","52,5","58,5",93,"57,1465"
07205,TOPVAR,SK,2021,20,5,"10,901098901098903","2,167032967032967","4,913186813186813",1,NULL,NULL,"177,69928198387498","56,5","49,5","78,5",91,205,"111,99980000000001"
07303,TOPVAR,SK,2021,20,5,"10,901098901098903","2,167032967032967","4,913186813186813",1,NULL,NULL,"39,068372687425","30,9","26,7","31,5","21,6","34,2",23
08103,MASTER,CZ,2021,20,5,"10,901098901098903","2,167032967032967","4,913186813186813",1,NULL,NULL,NULL,NULL,NULL,NULL,NULL,NULL,NULL
08202,MASTER,CZ,2021,20,5,"10,901098901098903","2,167032967032967","4,913186813186813",1,NULL,NULL,"26,301176002374998","7,95","11,85","6,9","9,45","29,7","23,0171"
08302,MASTER,CZ,2021,20,5,"10,901098901098903","2,167032967032967","4,913186813186813",1,NULL,NULL,"28,513251767425","2,7","3,75","1,65","1,95","30,45","17,1951"
08302,MASTER,SK,2021,20,5,"10,901098901098903","2,167032967032967","4,913186813186813",1,NULL,NULL,"34,336658814675","11,4","13,2","13,5","5,55","13,5",23
09303,MASTER,CZ,2021,20,5,"10,901098901098903","2,167032967032967","4,913186813186813",1,NULL,NULL,"24,371760567725",NULL,NULL,NULL,NULL,NULL,NULL
11202,BIRELL,CZ,2021,20,5,"10,901098901098903","2,167032967032967","4,913186813186813",1,NULL,NULL,"115,52281630322497","65,1","116,85","27,75","63,75","51,15","93,7205"
11202,BIRELL,SK,2021,20,5,"10,901098901098903","2,167032967032967","4,913186813186813",1,NULL,NULL,"72,09550116865","46,35","50,25","28,65","18,75","28,05","38,903600000000004"
11203,BIRELL,CZ,2021,20,5,"10,901098901098903","2,167032967032967","4,913186813186813",1,NULL,NULL,"1234,7335472415753","547,8","787,5","250,2","405,9","419,7","502,40130000000005"
11203,BIRELL,SK,2021,20,5,"10,901098901098903","2,167032967032967","4,913186813186813",1,NULL,NULL,"426,03427042275007","221,4","333,9","259,5","224,70000000000002","266,7","306,0279"
11205,BIRELL,CZ,2021,20,5,"10,901098901098903","2,167032967032967","4,913186813186813",1,NULL,NULL,NULL,NULL,NULL,NULL,NULL,NULL,NULL
11205,BIRELL,SK,2021,20,5,"10,901098901098903","2,167032967032967","4,913186813186813",1,NULL,NULL,"30,958925789425",NULL,NULL,NULL,NULL,NULL,NULL
15002,KINGSWOOD,CZ,2021,20,5,"10,901098901098903","2,167032967032967","4,913186813186813",1,NULL,NULL,"38,613042291224986","24,786","31,365","6,579","14,688","30,6","30,4415"
15003,KINGSWOOD,CZ,2021,20,5,"10,901098901098903","2,167032967032967","4,913186813186813",1,NULL,NULL,"147,8142058507","50,7","72,9","23,7","52,5",93,"57,7021"
15202,KINGSWOOD,CZ,2021,20,5,"10,901098901098903","2,167032967032967","4,913186813186813",1,NULL,NULL,"0,816096829075",NULL,NULL,NULL,NULL,NULL,NULL
20105,SWIST,CZ,2021,20,5,"10,901098901098903","2,167032967032967","4,913186813186813",1,NULL,NULL,"192,25000000007503","59,5","100,5","21,5","89,5",161,"95,0001"
20205,SWIST,CZ,2021,20,5,"10,901098901098903","2,167032967032967","4,913186813186813",1,NULL,NULL,"472,77590779380023","243,5",337,"90,5","173,5",400,"225,3775"
21005,SWIST,SK,2021,20,5,"10,901098901098903","2,167032967032967","4,913186813186813",1,NULL,NULL,"360,840176036525","218,5",244,243,"186,5","368,5","287,9998"
01000,PILSNER URQUELL,CZ,2021,21,5,"10,924175824175824","1,4054945054945056","5,005494505494505",0,NULL,NULL,"3230,2032375025747","1708,04","1682,9","1364,9299999999998","2166,6204","2765,0303000000004","2418,5912"
01000,PILSNER URQUELL,SK,2021,21,5,"10,924175824175824","1,4054945054945056","5,005494505494505",0,NULL,NULL,"523,3042696919501",375,320,330,295,405,"286,979"
01002,PILSNER URQUELL,CZ,2021,21,5,"10,924175824175824","1,4054945054945056","5,005494505494505",0,NULL,NULL,"757,373349445025","971,7","969,9","1130,55","931,05","630,3","971,5494000000001"
01002,PILSNER URQUELL,SK,2021,21,5,"10,924175824175824","1,4054945054945056","5,005494505494505",0,NULL,NULL,"113,72256101629999","131,7","97,05","109,05","100,95","81,15","145,0004"
01003,PILSNER URQUELL,CZ,2021,21,5,"10,924175824175824","1,4054945054945056","5,005494505494505",0,NULL,NULL,"4031,6419795194006","3325,8",2946,3465,"3672,9","3408,6","3492,0958"
01003,PILSNER URQUELL,SK,2021,21,5,"10,924175824175824","1,4054945054945056","5,005494505494505",0,NULL,NULL,"662,293456242975",639,"522,6","522,9",513,"579,6","729,0244"
01005,PILSNER URQUELL,CZ,2021,21,5,"10,924175824175824","1,4054945054945056","5,005494505494505",0,NULL,NULL,"9181,8836359817","7812,5",6577,"7453,5",10355,9020,"8109,6371"
01005,PILSNER URQUELL,SK,2021,21,5,"10,924175824175824","1,4054945054945056","5,005494505494505",0,NULL,NULL,"1330,811542559525","1191,5","1116,5","1181,5","1296,5",1153,"1167,5008"
02003,GAMBRINUS,CZ,2021,21,5,"10,924175824175824","1,4054945054945056","5,005494505494505",0,NULL,NULL,"268,6440510519001",NULL,NULL,NULL,NULL,"133,8",NULL
02300,GAMBRINUS,CZ,2021,21,5,"10,924175824175824","1,4054945054945056","5,005494505494505",0,NULL,NULL,"382,930257209525","172,82999999999998","154,2","85,91","240,38010000000003","386,36","191,327"
02302,GAMBRINUS,CZ,2021,21,5,"10,924175824175824","1,4054945054945056","5,005494505494505",0,NULL,NULL,NULL,"17,25",NULL,NULL,NULL,NULL,NULL
02303,GAMBRINUS,CZ,2021,21,5,"10,924175824175824","1,4054945054945056","5,005494505494505",0,NULL,NULL,"460,78586100217495","257,1","259,5","263,4","497,1","327,3","360,6748"
02305,GAMBRINUS,CZ,2021,21,5,"10,924175824175824","1,4054945054945056","5,005494505494505",0,NULL,NULL,"2758,020607692",1205,"1021,5",1156,2696,"2187,5","2032,6088"
02500,GAMBRINUS,CZ,2021,21,5,"10,924175824175824","1,4054945054945056","5,005494505494505",0,NULL,NULL,"281,76342326229997","152,85","133,89","96,42","272,5101","326,65","228,87949999999998"
02503,GAMBRINUS,CZ,2021,21,5,"10,924175824175824","1,4054945054945056","5,005494505494505",0,NULL,NULL,"114,63433332655","109,5","137,1",138,"127,5","145,5","131,88320000000002"
02503,GAMBRINUS,SK,2021,21,5,"10,924175824175824","1,4054945054945056","5,005494505494505",0,NULL,NULL,"24,242837462775","22,8","23,4","16,8","81,9","29,1","28,5377"
02505,GAMBRINUS,CZ,2021,21,5,"10,924175824175824","1,4054945054945056","5,005494505494505",0,NULL,NULL,"813,916684582775",596,539,"576,5","923,5","1098,5","775,7069"
02600,GAMBRINUS,CZ,2021,21,5,"10,924175824175824","1,4054945054945056","5,005494505494505",0,NULL,NULL,"1059,1332079303","380,12","397,45","275,46","892,88","1152,32","814,0492"
02600,GAMBRINUS,SK,2021,21,5,"10,924175824175824","1,4054945054945056","5,005494505494505",0,NULL,NULL,"155,267281900525",90,85,95,100,140,"119,57469999999999"
02603,GAMBRINUS,CZ,2021,21,5,"10,924175824175824","1,4054945054945056","5,005494505494505",0,NULL,NULL,"647,9124381319001","592,5",579,"631,5","620,4","673,2","731,1165"
02603,GAMBRINUS,SK,2021,21,5,"10,924175824175824","1,4054945054945056","5,005494505494505",0,NULL,NULL,"146,30022238265","122,7",102,"131,4",141,"108,6","119,0465"
02605,GAMBRINUS,CZ,2021,21,5,"10,924175824175824","1,4054945054945056","5,005494505494505",0,NULL,NULL,"6407,572316690976",3267,"3094,5",3244,"5038,5","6589,5","5784,1311000000005"
02605,GAMBRINUS,SK,2021,21,5,"10,924175824175824","1,4054945054945056","5,005494505494505",0,NULL,NULL,"916,7668322825998","682,5",625,619,"736,5",695,"686,3879000000001"
02803,EXCELENT,CZ,2021,21,5,"10,924175824175824","1,4054945054945056","5,005494505494505",0,NULL,NULL,"72,5356079503","264,6","253,2","250,8",282,"218,1","206,8333"
02803,EXCELENT,SK,2021,21,5,"10,924175824175824","1,4054945054945056","5,005494505494505",0,NULL,NULL,"94,005286071075","39,3","33,3","39,6","33,900000000000006",96,"35,1051"
02805,EXCELENT,CZ,2021,21,5,"10,924175824175824","1,4054945054945056","5,005494505494505",0,NULL,NULL,"294,73724317515","517,5",436,417,751,886,"451,4191"
04000,SARIS,SK,2021,21,5,"10,924175824175824","1,4054945054945056","5,005494505494505",0,NULL,NULL,"247,275933061775","82,2","67,8",106,110,"172,54999999999998","197,3351"
04002,SARIS,SK,2021,21,5,"10,924175824175824","1,4054945054945056","5,005494505494505",0,NULL,NULL,NULL,"1,65",NULL,NULL,NULL,NULL,NULL
04003,SARIS,SK,2021,21,5,"10,924175824175824","1,4054945054945056","5,005494505494505",0,NULL,NULL,"122,16410047017499","84,9","79,8","111,3","101,7","99,3","84,4129"
04005,SARIS,SK,2021,21,5,"10,924175824175824","1,4054945054945056","5,005494505494505",0,NULL,NULL,"1122,118391945075",722,"665,5",819,"930,5","1045,5","908,045"
04203,SARIS,SK,2021,21,5,"10,924175824175824","1,4054945054945056","5,005494505494505",0,NULL,NULL,"120,77728325787498","125,1","82,2","136,2","131,4","98,1","113,00030000000001"
04205,SARIS,SK,2021,21,5,"10,924175824175824","1,4054945054945056","5,005494505494505",0,NULL,NULL,"651,4785877995",413,319,444,389,"570,5","637,7527"
04303,SARIS,SK,2021,21,5,"10,924175824175824","1,4054945054945056","5,005494505494505",0,NULL,NULL,"46,964140375525005","26,7","22,2","29,1","19,5","36,6","24,8576"
04402,SARIS,SK,2021,21,5,"10,924175824175824","1,4054945054945056","5,005494505494505",0,NULL,NULL,"6,694017484374999",NULL,NULL,NULL,NULL,NULL,NULL
04403,SARIS,SK,2021,21,5,"10,924175824175824","1,4054945054945056","5,005494505494505",0,NULL,NULL,"208,06767817525002",NULL,NULL,NULL,"3,9","32,4",NULL
05000,RADEGAST,CZ,2021,21,5,"10,924175824175824","1,4054945054945056","5,005494505494505",0,NULL,NULL,"1096,7419790664248","537,05","518,3501","415,14","814,2701000000001","988,6800000000001","687,6848"
05000,RADEGAST,SK,2021,21,5,"10,924175824175824","1,4054945054945056","5,005494505494505",0,NULL,NULL,"38,668029225949994",35,20,20,20,20,"32,0527"
05002,RADEGAST,CZ,2021,21,5,"10,924175824175824","1,4054945054945056","5,005494505494505",0,NULL,NULL,"247,7076912247","574,95","632,4","669,9","380,1","172,35","552,6778999999999"
05003,RADEGAST,CZ,2021,21,5,"10,924175824175824","1,4054945054945056","5,005494505494505",0,NULL,NULL,"767,2792147653","1125,9","979,5","1117,2","1093,2","672,5999999999999","980,1189999999999"
05003,RADEGAST,SK,2021,21,5,"10,924175824175824","1,4054945054945056","5,005494505494505",0,NULL,NULL,"62,46293173865","82,2","67,8","74,1","72,6","56,1","65,9871"
05005,RADEGAST,CZ,2021,21,5,"10,924175824175824","1,4054945054945056","5,005494505494505",0,NULL,NULL,"4628,727679796",4394,"3803,5","4458,5","5649,5",4094,"4839,917100000001"
05005,RADEGAST,SK,2021,21,5,"10,924175824175824","1,4054945054945056","5,005494505494505",0,NULL,NULL,"480,69931032757495","476,5",405,"399,5",597,"339,5","374,23519999999996"
05100,RADEGAST,CZ,2021,21,5,"10,924175824175824","1,4054945054945056","5,005494505494505",0,NULL,NULL,"319,871752938075","158,72","108,59","99,95","221,05","273,36","195,5277"
05100,RADEGAST,SK,2021,21,5,"10,924175824175824","1,4054945054945056","5,005494505494505",0,NULL,NULL,"94,626085420175",65,50,80,70,60,"105,5119"
05103,RADEGAST,CZ,2021,21,5,"10,924175824175824","1,4054945054945056","5,005494505494505",0,NULL,NULL,"749,7175421740501","1050,3",936,"1074,9","895,5","565,5","911,9172000000001"
05103,RADEGAST,SK,2021,21,5,"10,924175824175824","1,4054945054945056","5,005494505494505",0,NULL,NULL,"75,24640661937501","90,9",66,"113,1","72,3","55,8","108,9999"
05105,RADEGAST,CZ,2021,21,5,"10,924175824175824","1,4054945054945056","5,005494505494505",0,NULL,NULL,"5894,848745372549","4175,5","3702,5","4184,5","5090,5",5044,"5433,331700000001"
05105,RADEGAST,SK,2021,21,5,"10,924175824175824","1,4054945054945056","5,005494505494505",0,NULL,NULL,"1256,22301804045","1179,5",951,"1058,5","1076,5",1063,"1103,5001"
05202,BIRELL,CZ,2021,21,5,"10,924175824175824","1,4054945054945056","5,005494505494505",0,NULL,NULL,"103,88225569084997","39,9","30,45","43,65",33,90,"48,3343"
05202,BIRELL,SK,2021,21,5,"10,924175824175824","1,4054945054945056","5,005494505494505",0,NULL,NULL,"23,893763931749998","10,35","14,85","12,15","5,55","14,7","23,567800000000002"
05203,BIRELL,CZ,2021,21,5,"10,924175824175824","1,4054945054945056","5,005494505494505",0,NULL,NULL,"670,6288239279249","171,9","148,2","197,7","215,7","603,3","264,8714"
05203,BIRELL,SK,2021,21,5,"10,924175824175824","1,4054945054945056","5,005494505494505",0,NULL,NULL,"84,21815366794999",24,27,"29,1","23,400000000000002","74,4","46,5999"
05603,RADEGAST,CZ,2021,21,5,"10,924175824175824","1,4054945054945056","5,005494505494505",0,NULL,NULL,"312,369064144025","182,7","172,8","192,6","0,9",NULL,"331,77570000000003"
05603,RADEGAST,SK,2021,21,5,"10,924175824175824","1,4054945054945056","5,005494505494505",0,NULL,NULL,NULL,"83,7","91,8",123,NULL,NULL,170
05703,RADEGAST,CZ,2021,21,5,"10,924175824175824","1,4054945054945056","5,005494505494505",0,NULL,NULL,NULL,NULL,NULL,NULL,NULL,NULL,NULL
05903,RADEGAST,CZ,2021,21,5,"10,924175824175824","1,4054945054945056","5,005494505494505",0,NULL,NULL,NULL,"108,6","0,3",NULL,NULL,NULL,200
06003,KOZEL,CZ,2021,21,5,"10,924175824175824","1,4054945054945056","5,005494505494505",0,NULL,NULL,"42,659895165675","21,3","16,2","29,1","80,7",18,"25,4282"
06005,KOZEL,CZ,2021,21,5,"10,924175824175824","1,4054945054945056","5,005494505494505",0,NULL,NULL,"326,20422151045",58,"49,5","45,5",416,"139,5","122,93610000000001"
06005,KOZEL,SK,2021,21,5,"10,924175824175824","1,4054945054945056","5,005494505494505",0,NULL,NULL,"17,317842061525",NULL,NULL,NULL,NULL,12,NULL
06100,KOZEL,CZ,2021,21,5,"10,924175824175824","1,4054945054945056","5,005494505494505",0,NULL,NULL,"36,60188549040001",NULL,NULL,NULL,"38,04","56,56",NULL
06100,KOZEL,SK,2021,21,5,"10,924175824175824","1,4054945054945056","5,005494505494505",0,NULL,NULL,NULL,5,5,NULL,NULL,10,"17,0701"
06103,KOZEL,CZ,2021,21,5,"10,924175824175824","1,4054945054945056","5,005494505494505",0,NULL,NULL,"203,86135082085002","233,1","271,5","262,8","266,1","248,4","238,6062"
06103,KOZEL,SK,2021,21,5,"10,924175824175824","1,4054945054945056","5,005494505494505",0,NULL,NULL,"29,931587106525","15,6","16,8","20,4","35,1","40,8","28,0049"
06105,KOZEL,CZ,2021,21,5,"10,924175824175824","1,4054945054945056","5,005494505494505",0,NULL,NULL,"1181,8285290668246","738,5","616,5","702,5",1121,"1360,5","1287,3294"
06105,KOZEL,SK,2021,21,5,"10,924175824175824","1,4054945054945056","5,005494505494505",0,NULL,NULL,"257,495909829075","154,5","119,5",142,157,232,"199,0017"
06202,KOZEL,CZ,2021,21,5,"10,924175824175824","1,4054945054945056","5,005494505494505",0,NULL,NULL,"55,387693280324996","20,1","21,15","21,75","23,7","52,35","39,649899999999995"
06203,KOZEL,CZ,2021,21,5,"10,924175824175824","1,4054945054945056","5,005494505494505",0,NULL,NULL,"615,49160618675","153,9","100,5","121,2","179,7","536,1","238,19779999999997"
06205,KOZEL,CZ,2021,21,5,"10,924175824175824","1,4054945054945056","5,005494505494505",0,NULL,NULL,"53,62654911235",NULL,NULL,NULL,NULL,"45,5",NULL
06500,KOZEL,CZ,2021,21,5,"10,924175824175824","1,4054945054945056","5,005494505494505",0,NULL,NULL,"763,9644244336","317,97","293,35","232,09","537,0700999999999","758,11","626,5453"
06500,KOZEL,SK,2021,21,5,"10,924175824175824","1,4054945054945056","5,005494505494505",0,NULL,NULL,"69,01462769215",40,35,35,35,40,"45,4607"
06502,KOZEL,CZ,2021,21,5,"10,924175824175824","1,4054945054945056","5,005494505494505",0,NULL,NULL,NULL,"34,8",NULL,NULL,NULL,NULL,NULL
06503,KOZEL,CZ,2021,21,5,"10,924175824175824","1,4054945054945056","5,005494505494505",0,NULL,NULL,"1059,657255879375",1137,"1087,5","1245,3","1101,6","918,3","1240,4437"
06503,KOZEL,SK,2021,21,5,"10,924175824175824","1,4054945054945056","5,005494505494505",0,NULL,NULL,"41,7295656302","25,5","27,3","39,3","33,6",24,"30,127499999999998"
06505,KOZEL,CZ,2021,21,5,"10,924175824175824","1,4054945054945056","5,005494505494505",0,NULL,NULL,"7744,938371940425","4967,5",4190,"4753,5","6424,5",6949,"7471,8503"
06505,KOZEL,SK,2021,21,5,"10,924175824175824","1,4054945054945056","5,005494505494505",0,NULL,NULL,"286,64772767402496",134,"143,5",145,262,"262,5","180,9997"
07005,TOPVAR,SK,2021,21,5,"10,924175824175824","1,4054945054945056","5,005494505494505",0,NULL,NULL,"324,0610639913",151,"150,5","139,5",208,"275,5","175,5169"
07105,TOPVAR,SK,2021,21,5,"10,924175824175824","1,4054945054945056","5,005494505494505",0,NULL,NULL,"61,614477602550004",51,"31,5","43,5",49,97,"55,678000000000004"
07205,TOPVAR,SK,2021,21,5,"10,924175824175824","1,4054945054945056","5,005494505494505",0,NULL,NULL,"177,69928198387498","60,5","56,5","49,5",79,"140,5","120,99999999999999"
07303,TOPVAR,SK,2021,21,5,"10,924175824175824","1,4054945054945056","5,005494505494505",0,NULL,NULL,"39,068372687425","17,7","30,9","26,7","24,9",27,24
08002,MASTER,SK,2021,21,5,"10,924175824175824","1,4054945054945056","5,005494505494505",0,NULL,NULL,NULL,NULL,NULL,NULL,NULL,NULL,NULL
08103,MASTER,CZ,2021,21,5,"10,924175824175824","1,4054945054945056","5,005494505494505",0,NULL,NULL,NULL,NULL,NULL,NULL,NULL,NULL,NULL
08202,MASTER,CZ,2021,21,5,"10,924175824175824","1,4054945054945056","5,005494505494505",0,NULL,NULL,"26,301176002374998","15,3","7,95","11,85","9,6","29,55","25,5847"
08302,MASTER,CZ,2021,21,5,"10,924175824175824","1,4054945054945056","5,005494505494505",0,NULL,NULL,"28,513251767425","6,9","2,7","3,75","4,8","26,85","17,5236"
08302,MASTER,SK,2021,21,5,"10,924175824175824","1,4054945054945056","5,005494505494505",0,NULL,NULL,"34,336658814675","10,2","11,4","13,2","8,25",18,"11,0001"
09303,MASTER,CZ,2021,21,5,"10,924175824175824","1,4054945054945056","5,005494505494505",0,NULL,NULL,"24,371760567725",NULL,NULL,NULL,NULL,NULL,NULL
11202,BIRELL,CZ,2021,21,5,"10,924175824175824","1,4054945054945056","5,005494505494505",0,NULL,NULL,"115,52281630322497","87,3","65,1","116,85","100,05",69,"138,9246"
11202,BIRELL,SK,2021,21,5,"10,924175824175824","1,4054945054945056","5,005494505494505",0,NULL,NULL,"72,09550116865","57,3","46,35","50,25",27,33,"27,2296"
11203,BIRELL,CZ,2021,21,5,"10,924175824175824","1,4054945054945056","5,005494505494505",0,NULL,NULL,"1234,7335472415753","501,6","547,8","787,5","665,1","537,3","814,317"
11203,BIRELL,SK,2021,21,5,"10,924175824175824","1,4054945054945056","5,005494505494505",0,NULL,NULL,"426,03427042275007",264,"221,4","333,9","286,5","361,8","402,76730000000003"
11205,BIRELL,CZ,2021,21,5,"10,924175824175824","1,4054945054945056","5,005494505494505",0,NULL,NULL,NULL,"83,5",NULL,NULL,NULL,NULL,"180,0001"
11205,BIRELL,SK,2021,21,5,"10,924175824175824","1,4054945054945056","5,005494505494505",0,NULL,NULL,"30,958925789425",4,NULL,NULL,NULL,15,NULL
15002,KINGSWOOD,CZ,2021,21,5,"10,924175824175824","1,4054945054945056","5,005494505494505",0,NULL,NULL,"38,613042291224986","16,218","24,786","31,365","29,223","29,376","32,346900000000005"
15003,KINGSWOOD,CZ,2021,21,5,"10,924175824175824","1,4054945054945056","5,005494505494505",0,NULL,NULL,"147,8142058507","59,4","50,7","72,9",111,"162,6","104,66929999999999"
15202,KINGSWOOD,CZ,2021,21,5,"10,924175824175824","1,4054945054945056","5,005494505494505",0,NULL,NULL,"0,816096829075",NULL,NULL,NULL,NULL,"3,06",NULL
20105,SWIST,CZ,2021,21,5,"10,924175824175824","1,4054945054945056","5,005494505494505",0,NULL,NULL,"192,25000000007503",66,"59,5","100,5","83,5","193,5","160,608"
20205,SWIST,CZ,2021,21,5,"10,924175824175824","1,4054945054945056","5,005494505494505",0,NULL,NULL,"472,77590779380023",220,"243,5",337,277,"446,5","480,0014"
21005,SWIST,SK,2021,21,5,"10,924175824175824","1,4054945054945056","5,005494505494505",0,NULL,NULL,"360,840176036525",226,"218,5",244,"231,5",391,"285,00759999999997"
01000,PILSNER URQUELL,CZ,2021,22,5,"17,015384615384615","0,8120879120879121","11,146153846153847",0,NULL,NULL,"2518,86956572886","2679,2198","1708,04","1682,9","2319,45","3013,76","2650,0006"
01000,PILSNER URQUELL,SK,2021,22,5,"17,015384615384615","0,8120879120879121","11,146153846153847",0,NULL,NULL,"364,01928743024",455,375,320,315,325,"431,6631"
01002,PILSNER URQUELL,CZ,2021,22,5,"17,015384615384615","0,8120879120879121","11,146153846153847",0,NULL,NULL,"688,31470922802","1306,5","971,7","969,9","821,7","708,3","848,9657"
01002,PILSNER URQUELL,SK,2021,22,5,"17,015384615384615","0,8120879120879121","11,146153846153847",0,NULL,NULL,"90,79822854279999","131,55","131,7","97,05","100,2","93,6","145,00060000000002"
01003,PILSNER URQUELL,CZ,2021,22,5,"17,015384615384615","0,8120879120879122","11,146153846153846",0,NULL,NULL,"3114,5602546280998","4430,4","3325,8",2946,"2995,2","3620,4","3226,3095999999996"
01003,PILSNER URQUELL,SK,2021,22,5,"17,015384615384615","0,8120879120879121","11,146153846153847",0,NULL,NULL,"532,92194640112","613,2",639,"522,6","541,5","560,4","734,1813"
01005,PILSNER URQUELL,CZ,2021,22,5,"17,015384615384615","0,8120879120879121","11,146153846153847",0,NULL,NULL,"8523,857323822522","10253,5","7812,5",6577,7721,"9675,5","8045,832700000001"
01005,PILSNER URQUELL,SK,2021,22,5,"17,015384615384615","0,8120879120879121","11,146153846153847",0,NULL,NULL,"1211,32264059518","1570,5","1191,5","1116,5","1300,5",815,"1194,8574999999998"
02003,GAMBRINUS,CZ,2021,22,5,"17,015384615384615","0,8120879120879121","11,146153846153847",0,NULL,NULL,"199,61388080472",NULL,NULL,NULL,NULL,"129,3",NULL
02300,GAMBRINUS,CZ,2021,22,5,"17,015384615384615","0,8120879120879121","11,146153846153847",0,NULL,NULL,"309,1347889697","215,70999999999998","172,82999999999998","154,2","254,8601","366,21","216,2163"
02302,GAMBRINUS,CZ,2021,22,5,"17,015384615384615","0,8120879120879121","11,146153846153847",0,NULL,NULL,NULL,78,"17,25",NULL,NULL,NULL,"142,6886"
02303,GAMBRINUS,CZ,2021,22,5,"17,015384615384615","0,8120879120879121","11,146153846153847",0,NULL,NULL,"422,07987655345994","368,7","257,1","259,5","304,2","369,3","297,1407"
02305,GAMBRINUS,CZ,2021,22,5,"17,015384615384615","0,8120879120879121","11,146153846153847",0,NULL,NULL,"2650,0452702792","1798,5",1205,"1021,5","1596,5","2277,5","1762,348"
02500,GAMBRINUS,CZ,2021,22,5,"17,015384615384615","0,8120879120879121","11,146153846153847",0,NULL,NULL,"223,93046883440002","268,46000000000004","152,85","133,89","245,14","326,79999999999995","270,3022"
02503,GAMBRINUS,CZ,2021,22,5,"17,015384615384615","0,8120879120879121","11,146153846153847",0,NULL,NULL,"80,06184809216002",171,"109,5","137,1","134,4","133,8","102,8748"
02503,GAMBRINUS,SK,2021,22,5,"17,015384615384615","0,8120879120879121","11,146153846153847",0,NULL,NULL,"19,857863536800004","26,7","22,8","23,4","131,1","31,5282","23,650100000000002"
02505,GAMBRINUS,CZ,2021,22,5,"17,015384615384615","0,8120879120879121","11,146153846153847",0,NULL,NULL,"686,7107702855001","881,5",596,539,"830,5",1101,"638,54"
02600,GAMBRINUS,CZ,2021,22,5,"17,015384615384615","0,8120879120879121","11,146153846153847",0,NULL,NULL,"997,5243513217001","664,26","380,12","397,45","663,3299999999999","1081,18","879,1292000000001"
02600,GAMBRINUS,SK,2021,22,5,"17,015384615384615","0,8120879120879121","11,146153846153847",0,NULL,NULL,"109,13602005323999",115,90,85,95,165,"135,66570000000002"
02603,GAMBRINUS,CZ,2021,22,5,"17,015384615384615","0,8120879120879121","11,146153846153847",0,NULL,NULL,"565,7739486503199","768,6","592,5",579,"675,3","702,3","592,799"
02603,GAMBRINUS,SK,2021,22,5,"17,015384615384615","0,8120879120879121","11,146153846153847",0,NULL,NULL,"117,21327787522","128,4","122,7",102,"130,2","116,1","120,9178"
02605,GAMBRINUS,CZ,2021,22,5,"17,015384615384615","0,8120879120879121","11,146153846153847",0,NULL,NULL,"6172,134207872439","5064,5",3267,"3094,5",5020,"6982,5","4995,5396"
02605,GAMBRINUS,SK,2021,22,5,"17,015384615384615","0,8120879120879121","11,146153846153847",0,NULL,NULL,"972,1060952737998","807,5","682,5",625,"722,5",789,"824,5685"
02803,EXCELENT,CZ,2021,22,5,"17,015384615384615","0,8120879120879121","11,146153846153847",0,NULL,NULL,"56,13808079070001","305,4","264,6","253,2","209,4","264,9","166,3784"
02803,EXCELENT,SK,2021,22,5,"17,015384615384615","0,8120879120879121","11,146153846153847",0,NULL,NULL,"39,73221518582","52,2","39,3","33,3",39,"49,5","42,7661"
02805,EXCELENT,CZ,2021,22,5,"17,015384615384615","0,8120879120879121","11,146153846153847",0,NULL,NULL,"263,30253430782","659,5","517,5",436,"515,5",869,"374,2472"
04000,SARIS,SK,2021,22,5,"17,015384615384615","0,8120879120879121","11,146153846153847",0,NULL,NULL,"221,57814991327996",130,"82,2","67,8",140,"194,89999999999998","210,10189999999997"
04002,SARIS,SK,2021,22,5,"17,015384615384615","0,8120879120879121","11,146153846153847",0,NULL,NULL,NULL,"4,95","1,65",NULL,NULL,NULL,NULL
04003,SARIS,SK,2021,22,5,"17,015384615384615","0,8120879120879121","11,146153846153847",0,NULL,NULL,"91,86227876906","101,4","84,9","79,8","200,1","100,8","92,44420000000001"
04005,SARIS,SK,2021,22,5,"17,015384615384615","0,8120879120879121","11,146153846153847",0,NULL,NULL,"993,4820503347601",843,722,"665,5",1266,884,"924,9958"
04203,SARIS,SK,2021,22,5,"17,015384615384615","0,8120879120879121","11,146153846153847",0,NULL,NULL,"120,24855566632","131,4","125,1","82,2","130,2","112,2","108,2761"
04205,SARIS,SK,2021,22,5,"17,015384615384615","0,8120879120879121","11,146153846153847",0,NULL,NULL,"757,4322263438401","536,5",413,319,"416,5","599,5","604,7525"
04303,SARIS,SK,2021,22,5,"17,015384615384615","0,8120879120879121","11,146153846153847",0,NULL,NULL,"48,94384490427999","30,3","26,7","22,2","17,7","39,6","28,4476"
04402,SARIS,SK,2021,22,5,"17,015384615384615","0,8120879120879121","11,146153846153847",0,NULL,NULL,"2,43081799502",NULL,NULL,NULL,NULL,NULL,NULL
04403,SARIS,SK,2021,22,5,"17,015384615384615","0,8120879120879121","11,146153846153847",0,NULL,NULL,"75,55487630505999",NULL,NULL,NULL,"2,4","25,8",NULL
05000,RADEGAST,CZ,2021,22,5,"17,015384615384615","0,8120879120879121","11,146153846153847",0,NULL,NULL,"854,77364234024","903,08","537,05","518,3501","760,74","899,1899999999999",770
05000,RADEGAST,SK,2021,22,5,"17,015384615384615","0,8120879120879121","11,146153846153847",0,NULL,NULL,"23,360351692099997",40,35,20,25,10,"22,3233"
05002,RADEGAST,CZ,2021,22,5,"17,015384615384615","0,8120879120879121","11,146153846153847",0,NULL,NULL,"254,40071903124","569,7","574,95","632,4","354,45","220,95","422,1694"
05002,RADEGAST,SK,2021,22,5,"17,015384615384615","0,8120879120879121","11,146153846153847",0,NULL,NULL,NULL,"1,8",NULL,NULL,NULL,NULL,NULL
05003,RADEGAST,CZ,2021,22,5,"17,015384615384615","0,8120879120879122","11,146153846153846",0,NULL,NULL,"608,0002473756401","1234,2","1125,9","979,5","796,8","774,5999999999999","845,3791"
05003,RADEGAST,SK,2021,22,5,"17,015384615384615","0,8120879120879121","11,146153846153847",0,NULL,NULL,"44,71986951994","75,3","82,2","67,8","67,8","64,2","62,36750000000001"
05005,RADEGAST,CZ,2021,22,5,"17,015384615384615","0,8120879120879121","11,146153846153847",0,NULL,NULL,"3964,7815286773402","5363,5",4394,"3803,5",3999,"4689,5","4377,530900000001"
05005,RADEGAST,SK,2021,22,5,"17,015384615384615","0,8120879120879122","11,146153846153846",0,NULL,NULL,"436,05840163741993",467,"476,5",405,553,"470,5","443,7685"
05100,RADEGAST,CZ,2021,22,5,"17,015384615384615","0,8120879120879121","11,146153846153847",0,NULL,NULL,"260,06634184224004","185,82","158,72","108,59","214,27","343,58","271,3562"
05100,RADEGAST,SK,2021,22,5,"17,015384615384615","0,8120879120879121","11,146153846153847",0,NULL,NULL,"83,99442714340002",85,65,50,90,75,"73,4848"
05103,RADEGAST,CZ,2021,22,5,"17,015384615384615","0,8120879120879122","11,146153846153846",0,NULL,NULL,"684,20086342748","1333,5","1050,3",936,762,"672,3","791,9266"
05103,RADEGAST,SK,2021,22,5,"17,015384615384615","0,8120879120879122","11,146153846153846",0,NULL,NULL,"67,85129748392","105,3","90,9",66,"68,4","77,4","103,99980000000001"
05105,RADEGAST,CZ,2021,22,5,"17,015384615384615","0,8120879120879122","11,146153846153846",0,NULL,NULL,"6066,148068144558","5937,5","4175,5","3702,5",4607,5879,"5042,6281"
05105,RADEGAST,SK,2021,22,5,"17,015384615384615","0,8120879120879122","11,146153846153846",0,NULL,NULL,"1451,3026505162002","1224,5","1179,5",951,995,1007,"1137,6236999999999"
05202,BIRELL,CZ,2021,22,5,"17,015384615384615","0,8120879120879121","11,146153846153847",0,NULL,NULL,"96,81258372774","63,45","39,9","30,45",42,"94,2","53,8858"
05202,BIRELL,SK,2021,22,5,"17,015384615384615","0,8120879120879121","11,146153846153847",0,NULL,NULL,"24,3270531839","8,1","10,35","14,85","10,65","23,85","19,200999999999997"
05203,BIRELL,CZ,2021,22,5,"17,015384615384615","0,8120879120879121","11,146153846153847",0,NULL,NULL,"659,17882684244","383,7","171,9","148,2","300,9","690,6","499,67"
05203,BIRELL,SK,2021,22,5,"17,015384615384615","0,8120879120879121","11,146153846153847",0,NULL,NULL,"90,58018543290001","37,2",24,27,"17,4","77,4","59,5682"
05603,RADEGAST,CZ,2021,22,5,"17,015384615384615","0,8120879120879122","11,146153846153846",0,NULL,NULL,"321,30332344922","227,4","182,7","172,8","1134,6",NULL,"342,416"
05603,RADEGAST,SK,2021,22,5,"17,015384615384615","0,8120879120879121","11,146153846153847",0,NULL,NULL,NULL,"83,4","83,7","91,8",NULL,NULL,NULL
05903,RADEGAST,CZ,2021,22,5,"17,015384615384615","0,8120879120879121","11,146153846153847",0,NULL,NULL,NULL,"264,3","108,6","0,3",NULL,NULL,200
06003,KOZEL,CZ,2021,22,5,"17,015384615384615","0,8120879120879121","11,146153846153847",0,NULL,NULL,"32,302383986020004","40,2","21,3","16,2","88,8","21,9","19,5073"
06005,KOZEL,CZ,2021,22,5,"17,015384615384615","0,8120879120879122","11,146153846153846",0,NULL,NULL,"250,5426640369",73,58,"49,5","365,5","169,5","116,8938"
06005,KOZEL,SK,2021,22,5,"17,015384615384615","0,8120879120879121","11,146153846153847",0,NULL,NULL,"15,045607128800004",NULL,NULL,NULL,NULL,9,NULL
06100,KOZEL,CZ,2021,22,5,"17,015384615384615","0,8120879120879121","11,146153846153847",0,NULL,NULL,"25,711426547360002",NULL,NULL,NULL,"37,52","75,54",NULL
06100,KOZEL,SK,2021,22,5,"17,015384615384615","0,8120879120879121","11,146153846153847",0,NULL,NULL,NULL,5,5,5,5,15,"28,6697"
06103,KOZEL,CZ,2021,22,5,"17,015384615384615","0,8120879120879122","11,146153846153846",0,NULL,NULL,"178,42971336369996",315,"233,1","271,5","243,3","270,9","200,7637"
06103,KOZEL,SK,2021,22,5,"17,015384615384615","0,8120879120879122","11,146153846153846",0,NULL,NULL,"29,945552721600002","17,700000000000003","15,6","16,8","19,5","36,6","48,07280000000001"
06105,KOZEL,CZ,2021,22,5,"17,015384615384615","0,8120879120879122","11,146153846153846",0,NULL,NULL,"1071,5010769900202","1034,5","738,5","616,5","1017,5",1623,"1045,8449"
06105,KOZEL,SK,2021,22,5,"17,015384615384615","0,8120879120879121","11,146153846153847",0,NULL,NULL,"277,28521602329994","151,5","154,5","119,5",148,256,"215,0128"
06202,KOZEL,CZ,2021,22,5,"17,015384615384615","0,8120879120879121","11,146153846153847",0,NULL,NULL,"46,92481479916","38,55","20,1","21,15","26,7","62,1","34,1304"
06203,KOZEL,CZ,2021,22,5,"17,015384615384615","0,8120879120879121","11,146153846153847",0,NULL,NULL,"493,43365309511995","276,3","153,9","100,5","206,70000000000002","577,8","209,3645"
06205,KOZEL,CZ,2021,22,5,"17,015384615384615","0,8120879120879121","11,146153846153847",0,NULL,NULL,"31,955587361779997",NULL,NULL,NULL,"3,5","36,5",NULL
06500,KOZEL,CZ,2021,22,5,"17,015384615384615","0,8120879120879121","11,146153846153847",0,NULL,NULL,"622,99090783646","593,5601","317,97","293,35","501,22","787,8100000000001","681,9300999999999"
06500,KOZEL,SK,2021,22,5,"17,015384615384615","0,8120879120879121","11,146153846153847",0,NULL,NULL,"45,67227185012",50,40,35,40,60,"60,074600000000004"
06502,KOZEL,CZ,2021,22,5,"17,015384615384615","0,8120879120879121","11,146153846153847",0,NULL,NULL,NULL,"146,7","34,8",NULL,NULL,NULL,"142,689"
06503,KOZEL,CZ,2021,22,5,"17,015384615384615","0,8120879120879122","11,146153846153846",0,NULL,NULL,"869,7816223100799",1473,1137,"1087,5","1111,8","1038,3","1004,8660000000001"
06503,KOZEL,SK,2021,22,5,"17,015384615384615","0,8120879120879122","11,146153846153846",0,NULL,NULL,"31,242181761239994","20,1","25,5","27,3","67,8","43,2","35,000299999999996"
06505,KOZEL,CZ,2021,22,5,"17,015384615384615","0,812087912087912","11,14615384615385",0,NULL,NULL,"7350,624740115221",7141,"4967,5",4190,"6500,5",8095,"6313,5815"
06505,KOZEL,SK,2021,22,5,"17,015384615384615","0,8120879120879122","11,146153846153846",0,NULL,NULL,"271,46297773363995","200,5",134,"143,5","256,5","263,5","199,0001"
07005,TOPVAR,SK,2021,22,5,"17,015384615384615","0,8120879120879121","11,146153846153847",0,NULL,NULL,"257,02231901646",137,151,"150,5",210,368,"193,20100000000002"
07105,TOPVAR,SK,2021,22,5,"17,015384615384615","0,8120879120879121","11,146153846153847",0,NULL,NULL,"58,53482575754",53,51,"31,5","65,5","89,5","61,287400000000005"
07205,TOPVAR,SK,2021,22,5,"17,015384615384615","0,8120879120879121","11,146153846153847",0,NULL,NULL,"157,6002496922","70,5","60,5","56,5",87,"180,5","130,0003"
07303,TOPVAR,SK,2021,22,5,"17,015384615384615","0,8120879120879121","11,146153846153847",0,NULL,NULL,"46,5938595109","35,4","17,7","30,9","22,8","40,5","26,0001"
08103,MASTER,CZ,2021,22,5,"17,015384615384615","0,8120879120879121","11,146153846153847",0,NULL,NULL,NULL,NULL,NULL,NULL,NULL,NULL,NULL
08202,MASTER,CZ,2021,22,5,"17,015384615384615","0,8120879120879121","11,146153846153847",0,NULL,NULL,"22,618085503819998","19,05","15,3","7,95","17,25","25,05","19,2728"
08302,MASTER,CZ,2021,22,5,"17,015384615384615","0,8120879120879121","11,146153846153847",0,NULL,NULL,"17,589189389519998","10,2","6,9","2,7","7,65","29,25","14,0159"
08302,MASTER,SK,2021,22,5,"17,015384615384615","0,8120879120879121","11,146153846153847",0,NULL,NULL,"50,810207908200006","16,05","10,2","11,4","9,3","14,55","11,0001"
09303,MASTER,CZ,2021,22,5,"17,015384615384615","0,8120879120879121","11,146153846153847",0,NULL,NULL,"17,928582921620002",NULL,NULL,NULL,NULL,NULL,NULL
11202,BIRELL,CZ,2021,22,5,"17,015384615384615","0,8120879120879121","11,146153846153847",0,NULL,NULL,"171,78511178022","149,55","87,3","65,1","85,94999999999999","83,55","119,6135"
11202,BIRELL,SK,2021,22,5,"17,015384615384615","0,8120879120879121","11,146153846153847",0,NULL,NULL,"100,48182945648","71,55","57,3","46,35","30,9","33,6","41,7222"
11203,BIRELL,CZ,2021,22,5,"17,015384615384615","0,8120879120879121","11,146153846153847",0,NULL,NULL,"2667,79147629054","910,5","501,6","547,8","610,8","829,8","1043,8194"
11203,BIRELL,SK,2021,22,5,"17,015384615384615","0,8120879120879121","11,146153846153847",0,NULL,NULL,"760,20723057348","334,2",264,"221,4","247,20000000000002","357,3","391,0557"
11205,BIRELL,CZ,2021,22,5,"17,015384615384615","0,8120879120879121","11,146153846153847",0,NULL,NULL,NULL,"282,5","83,5",NULL,6,NULL,"180,0001"
11205,BIRELL,SK,2021,22,5,"17,015384615384615","0,8120879120879121","11,146153846153847",0,NULL,NULL,"220,03581167151998","63,5",4,NULL,NULL,"93,174",NULL
15002,KINGSWOOD,CZ,2021,22,5,"17,015384615384615","0,8120879120879121","11,146153846153847",0,NULL,NULL,"42,055904755000014","37,179","16,218","24,786","21,879","63,189","46,9159"
15003,KINGSWOOD,CZ,2021,22,5,"17,015384615384615","0,8120879120879121","11,146153846153847",0,NULL,NULL,"212,06592087276","100,2","59,4","50,7","72,3","210,9","138,64759999999998"
15202,KINGSWOOD,CZ,2021,22,5,"17,015384615384615","0,8120879120879121","11,146153846153847",0,NULL,NULL,"4,19666848182",NULL,NULL,NULL,NULL,NULL,NULL
20105,SWIST,CZ,2021,22,5,"17,015384615384615","0,8120879120879121","11,146153846153847",0,NULL,NULL,"204,19999999997995",134,66,"59,5","97,5",194,"165,1749"
20205,SWIST,CZ,2021,22,5,"17,015384615384615","0,8120879120879121","11,146153846153847",0,NULL,NULL,"669,3624913776799",375,220,"243,5",256,"501,5","451,11359999999996"
21005,SWIST,SK,2021,22,5,"17,015384615384615","0,8120879120879121","11,146153846153847",0,NULL,NULL,"468,86471297356",268,226,"218,5",212,"406,5","385,92949999999996"
01000,PILSNER URQUELL,CZ,2021,23,5,"17,717582417582413","0,9384615384615383","9,051648351648351",0,NULL,NULL,"2518,86956572886","2802,21","2679,2198","1708,04","2578,52","3353,2282","2673,1838000000002"
01000,PILSNER URQUELL,SK,2021,23,5,"17,717582417582413","0,9384615384615383","9,051648351648351",0,NULL,NULL,"364,01928743024",495,455,375,350,460,"374,4554"
01001,PILSNER URQUELL,CZ,2021,23,5,"17,717582417582413","0,9384615384615383","9,051648351648351",0,NULL,NULL,NULL,"0,1",NULL,NULL,NULL,NULL,"1,35"
01001,PILSNER URQUELL,SK,2021,23,5,"17,717582417582413","0,9384615384615383","9,051648351648351",0,NULL,NULL,NULL,NULL,NULL,NULL,NULL,NULL,"10,6"
01002,PILSNER URQUELL,CZ,2021,23,5,"17,717582417582413","0,9384615384615383","9,051648351648351",0,NULL,NULL,"688,31470922802","1301,55","1306,5","971,7","734,1","783,3","848,1336"
01002,PILSNER URQUELL,SK,2021,23,5,"17,717582417582413","0,9384615384615383","9,051648351648351",0,NULL,NULL,"90,79822854279999","178,95","131,55","131,7","68,4","118,2","150,0002"
01003,PILSNER URQUELL,CZ,2021,23,5,"17,717582417582413","0,9384615384615383","9,051648351648351",0,NULL,NULL,"3114,5602546280998","4760,7","4430,4","3325,8","3297,9","4014,9","3806,8393"
01003,PILSNER URQUELL,SK,2021,23,5,"17,717582417582413","0,9384615384615383","9,051648351648351",0,NULL,NULL,"532,92194640112","857,7","613,2",639,"516,3","631,2","584,4001000000001"
01005,PILSNER URQUELL,CZ,2021,23,5,"17,717582417582413","0,9384615384615383","9,051648351648351",0,NULL,NULL,"8523,857323822522","12795,5","10253,5","7812,5",8960,11148,"9397,6848"
01005,PILSNER URQUELL,SK,2021,23,5,"17,717582417582413","0,9384615384615383","9,051648351648351",0,NULL,NULL,"1211,32264059518",1895,"1570,5","1191,5","1032,5","1322,5","1163,5395"
01102,ASAHI,CZ,2021,23,5,"17,717582417582413","0,9384615384615383","9,051648351648351",0,NULL,NULL,NULL,"0,16",NULL,NULL,"0,16",NULL,NULL
02003,GAMBRINUS,CZ,2021,23,5,"17,717582417582413","0,9384615384615383","9,051648351648351",0,NULL,NULL,"199,61388080472","72,9",NULL,NULL,"102,9","140,7",NULL
02300,GAMBRINUS,CZ,2021,23,5,"17,717582417582413","0,9384615384615383","9,051648351648351",0,NULL,NULL,"309,1347889697","288,24","215,70999999999998","172,82999999999998","264,7101","399,0401","286,2392"
02302,GAMBRINUS,CZ,2021,23,5,"17,717582417582413","0,9384615384615383","9,051648351648351",0,NULL,NULL,NULL,"42,75",78,"17,25",NULL,NULL,"135,06369999999998"
02303,GAMBRINUS,CZ,2021,23,5,"17,717582417582413","0,9384615384615383","9,051648351648351",0,NULL,NULL,"422,07987655345994","405,6","368,7","257,1","331,2","377,7","345,7582"
02305,GAMBRINUS,CZ,2021,23,5,"17,717582417582413","0,9384615384615383","9,051648351648351",0,NULL,NULL,"2650,0452702792","2189,5","1798,5",1205,1902,2523,"1998,3781999999999"
02500,GAMBRINUS,CZ,2021,23,5,"17,717582417582413","0,9384615384615383","9,051648351648351",0,NULL,NULL,"223,93046883440002","284,03999999999996","268,46000000000004","152,85","311,4301","384,4502","215,68869999999998"
02503,GAMBRINUS,CZ,2021,23,5,"17,717582417582413","0,9384615384615383","9,051648351648351",0,NULL,NULL,"80,06184809216002","174,6",171,"109,5","113,7","132,6","99,6707"
02503,GAMBRINUS,SK,2021,23,5,"17,717582417582413","0,9384615384615383","9,051648351648351",0,NULL,NULL,"19,857863536800004",33,"26,7","22,8","26,400000000000002","31,8","22,4466"
02505,GAMBRINUS,CZ,2021,23,5,"17,717582417582413","0,9384615384615383","9,051648351648351",0,NULL,NULL,"686,7107702855001",961,"881,5",596,941,1160,"694,6038"
02600,GAMBRINUS,CZ,2021,23,5,"17,717582417582413","0,9384615384615383","9,051648351648351",0,NULL,NULL,"997,5243513217001","790,04","664,26","380,12","965,9599999999999","1410,05","957,6473"
02600,GAMBRINUS,SK,2021,23,5,"17,717582417582413","0,9384615384615383","9,051648351648351",0,NULL,NULL,"109,13602005323999",145,115,90,120,145,"121,7142"
02603,GAMBRINUS,CZ,2021,23,5,"17,717582417582413","0,9384615384615383","9,051648351648351",0,NULL,NULL,"565,7739486503199",822,"768,6","592,5","645,3",798,"623,333"
02603,GAMBRINUS,SK,2021,23,5,"17,717582417582413","0,9384615384615383","9,051648351648351",0,NULL,NULL,"117,21327787522","185,1","128,4","122,7","104,4","150,6","99,80990000000001"
02605,GAMBRINUS,CZ,2021,23,5,"17,717582417582413","0,9384615384615383","9,051648351648351",0,NULL,NULL,"6172,134207872439",5596,"5064,5",3267,"5386,5",8335,"6000,2599"
02605,GAMBRINUS,SK,2021,23,5,"17,717582417582413","0,9384615384615383","9,051648351648351",0,NULL,NULL,"972,1060952737998",1118,"807,5","682,5",615,"1030,5","634,2375"
02803,EXCELENT,CZ,2021,23,5,"17,717582417582413","0,9384615384615383","9,051648351648351",0,NULL,NULL,"56,13808079070001","326,7","305,4","264,6",207,"242,4","167,7963"
02803,EXCELENT,SK,2021,23,5,"17,717582417582413","0,9384615384615383","9,051648351648351",0,NULL,NULL,"39,73221518582","62,1","52,2","39,3","38,4","29,7","46,252"
02805,EXCELENT,CZ,2021,23,5,"17,717582417582413","0,9384615384615383","9,051648351648351",0,NULL,NULL,"263,30253430782","760,5","659,5","517,5","538,5",952,"367,723"
04000,SARIS,SK,2021,23,5,"17,717582417582413","0,9384615384615383","9,051648351648351",0,NULL,NULL,"221,57814991327996","188,2",130,"82,2","155,6","229,8","184,4598"
04002,SARIS,SK,2021,23,5,"17,717582417582413","0,9384615384615383","9,051648351648351",0,NULL,NULL,NULL,"6,75","4,95","1,65",NULL,NULL,NULL
04003,SARIS,SK,2021,23,5,"17,717582417582413","0,9384615384615383","9,051648351648351",0,NULL,NULL,"91,86227876906",108,"101,4","84,9","73,8","140,1","92,4046"
04005,SARIS,SK,2021,23,5,"17,717582417582413","0,9384615384615383","9,051648351648351",0,NULL,NULL,"993,4820503347601",990,843,722,764,"1248,5","915,4408999999999"
04203,SARIS,SK,2021,23,5,"17,717582417582413","0,9384615384615383","9,051648351648351",0,NULL,NULL,"120,24855566632","171,9","131,4","125,1","76,2","156,3",116
04205,SARIS,SK,2021,23,5,"17,717582417582413","0,9384615384615383","9,051648351648351",0,NULL,NULL,"757,4322263438401","621,5","536,5",413,345,767,"636,7524"
04303,SARIS,SK,2021,23,5,"17,717582417582413","0,9384615384615383","9,051648351648351",0,NULL,NULL,"48,94384490427999","44,7","30,3","26,7","19,200000000000003","54,6","30,4326"
04402,SARIS,SK,2021,23,5,"17,717582417582413","0,9384615384615383","9,051648351648351",0,NULL,NULL,"2,43081799502",NULL,NULL,NULL,NULL,NULL,NULL
04403,SARIS,SK,2021,23,5,"17,717582417582413","0,9384615384615383","9,051648351648351",0,NULL,NULL,"75,55487630505999",NULL,NULL,NULL,"0,9","37,2",NULL
04603,SARIS,SK,2021,23,5,"17,717582417582413","0,9384615384615383","9,051648351648351",0,NULL,NULL,NULL,NULL,NULL,NULL,NULL,NULL,NULL
05000,RADEGAST,CZ,2021,23,5,"17,717582417582413","0,9384615384615383","9,051648351648351",0,NULL,NULL,"854,77364234024","1010,12","903,08","537,05","841,44","1013,38","819,8536"
05000,RADEGAST,SK,2021,23,5,"17,717582417582413","0,9384615384615383","9,051648351648351",0,NULL,NULL,"23,360351692099997",40,40,35,25,15,"26,322499999999998"
05002,RADEGAST,CZ,2021,23,5,"17,717582417582413","0,9384615384615383","9,051648351648351",0,NULL,NULL,"254,40071903124","672,75","569,7","574,95","342,6","269,7","423,687"
05002,RADEGAST,SK,2021,23,5,"17,717582417582413","0,9384615384615383","9,051648351648351",0,NULL,NULL,NULL,"17,4","1,8",NULL,NULL,NULL,NULL
05003,RADEGAST,CZ,2021,23,5,"17,717582417582413","0,9384615384615383","9,051648351648351",0,NULL,NULL,"608,0002473756401","1338,6","1234,2","1125,9",798,765,"814,9528"
05003,RADEGAST,SK,2021,23,5,"17,717582417582413","0,9384615384615383","9,051648351648351",0,NULL,NULL,"44,71986951994","92,4","75,3","82,2","64,8","55,2",64
05005,RADEGAST,CZ,2021,23,5,"17,717582417582413","0,9384615384615383","9,051648351648351",0,NULL,NULL,"3964,7815286773402","6842,5","5363,5",4394,"4494,5","4921,5","5011,3925"
05005,RADEGAST,SK,2021,23,5,"17,717582417582413","0,9384615384615383","9,051648351648351",0,NULL,NULL,"436,05840163741993","687,5",467,"476,5",427,413,"307,3713"
05100,RADEGAST,CZ,2021,23,5,"17,717582417582413","0,9384615384615383","9,051648351648351",0,NULL,NULL,"260,06634184224004","333,54","185,82","158,72","272,3","314,12","272,1391"
05100,RADEGAST,SK,2021,23,5,"17,717582417582413","0,9384615384615383","9,051648351648351",0,NULL,NULL,"83,99442714340002",80,85,65,80,80,"86,64920000000001"
05103,RADEGAST,CZ,2021,23,5,"17,717582417582413","0,9384615384615383","9,051648351648351",0,NULL,NULL,"684,20086342748","1374,9","1333,5","1050,3","749,1","854,7","870,9348"
05103,RADEGAST,SK,2021,23,5,"17,717582417582413","0,9384615384615383","9,051648351648351",0,NULL,NULL,"67,85129748392","119,1","105,3","90,9","69,9","78,3","92,00019999999999"
05105,RADEGAST,CZ,2021,23,5,"17,717582417582413","0,9384615384615383","9,051648351648351",0,NULL,NULL,"6066,148068144558",7765,"5937,5","4175,5","4935,5",6777,"6618,5697"
05105,RADEGAST,SK,2021,23,5,"17,717582417582413","0,9384615384615383","9,051648351648351",0,NULL,NULL,"1451,3026505162002",1592,"1224,5","1179,5","1091,5",1554,"1008,1255"
05202,BIRELL,CZ,2021,23,5,"17,717582417582413","0,9384615384615383","9,051648351648351",0,NULL,NULL,"96,81258372774","79,65","63,45","39,9",63,"118,05","77,6959"
05202,BIRELL,SK,2021,23,5,"17,717582417582413","0,9384615384615383","9,051648351648351",0,NULL,NULL,"24,3270531839","24,75","8,1","10,35","11,1","24,9","18,1833"
05203,BIRELL,CZ,2021,23,5,"17,717582417582413","0,9384615384615383","9,051648351648351",0,NULL,NULL,"659,17882684244","577,2","383,7","171,9","401,09999999999997","802,8","610,3105"
05203,BIRELL,SK,2021,23,5,"17,717582417582413","0,9384615384615383","9,051648351648351",0,NULL,NULL,"90,58018543290001",78,"37,2",24,"23,1",87,"66,5999"
05603,RADEGAST,CZ,2021,23,5,"17,717582417582413","0,9384615384615383","9,051648351648351",0,NULL,NULL,"321,30332344922","355,2","227,4","182,7","649,5",NULL,"430,0802"
05603,RADEGAST,SK,2021,23,5,"17,717582417582413","0,9384615384615383","9,051648351648351",0,NULL,NULL,NULL,"75,9","83,4","83,7",NULL,NULL,NULL
05903,RADEGAST,CZ,2021,23,5,"17,717582417582413","0,9384615384615383","9,051648351648351",0,NULL,NULL,NULL,"193,8","264,3","108,6",NULL,NULL,200
06003,KOZEL,CZ,2021,23,5,"17,717582417582413","0,9384615384615383","9,051648351648351",0,NULL,NULL,"32,302383986020004","21,3","40,2","21,3","47,4","19,8","23,5959"
06005,KOZEL,CZ,2021,23,5,"17,717582417582413","0,9384615384615383","9,051648351648351",0,NULL,NULL,"250,5426640369","86,5",73,58,"126,5","180,5","142,0567"
06005,KOZEL,SK,2021,23,5,"17,717582417582413","0,9384615384615383","9,051648351648351",0,NULL,NULL,"15,045607128800004",NULL,NULL,NULL,NULL,"10,5",NULL
06100,KOZEL,CZ,2021,23,5,"17,717582417582413","0,9384615384615383","9,051648351648351",0,NULL,NULL,"25,711426547360002",NULL,NULL,NULL,"19,04","18,84",NULL
06100,KOZEL,SK,2021,23,5,"17,717582417582413","0,9384615384615383","9,051648351648351",0,NULL,NULL,NULL,NULL,5,5,10,25,"12,5519"
06103,KOZEL,CZ,2021,23,5,"17,717582417582413","0,9384615384615383","9,051648351648351",0,NULL,NULL,"178,42971336369996","309,3",315,"233,1","214,8","300,9","219,66359999999997"
06103,KOZEL,SK,2021,23,5,"17,717582417582413","0,9384615384615383","9,051648351648351",0,NULL,NULL,"29,945552721600002","32,4","17,700000000000003","15,6","12,3","54,6","32,1912"
06105,KOZEL,CZ,2021,23,5,"17,717582417582413","0,9384615384615383","9,051648351648351",0,NULL,NULL,"1071,5010769900202",1231,"1034,5","738,5","1109,5",1695,"1195,0919999999999"
06105,KOZEL,SK,2021,23,5,"17,717582417582413","0,9384615384615383","9,051648351648351",0,NULL,NULL,"277,28521602329994",199,"151,5","154,5",145,348,"216,13770000000002"
06202,KOZEL,CZ,2021,23,5,"17,717582417582413","0,9384615384615383","9,051648351648351",0,NULL,NULL,"46,92481479916","49,65","38,55","20,1",30,"67,2","43,206799999999994"
06203,KOZEL,CZ,2021,23,5,"17,717582417582413","0,9384615384615383","9,051648351648351",0,NULL,NULL,"493,43365309511995","369,29999999999995","276,3","153,9","264,9","702,3","306,8506"
06205,KOZEL,CZ,2021,23,5,"17,717582417582413","0,9384615384615383","9,051648351648351",0,NULL,NULL,"31,955587361779997",11,NULL,NULL,23,49,NULL
06500,KOZEL,CZ,2021,23,5,"17,717582417582413","0,9384615384615383","9,051648351648351",0,NULL,NULL,"622,99090783646","748,71","593,5601","317,97","545,26","878,84","708,0916"
06500,KOZEL,SK,2021,23,5,"17,717582417582413","0,9384615384615383","9,051648351648351",0,NULL,NULL,"45,67227185012",30,50,40,35,55,"36,3637"
06502,KOZEL,CZ,2021,23,5,"17,717582417582413","0,9384615384615383","9,051648351648351",0,NULL,NULL,NULL,"119,85","146,7","34,8",NULL,NULL,"135,0635"
06503,KOZEL,CZ,2021,23,5,"17,717582417582413","0,9384615384615383","9,051648351648351",0,NULL,NULL,"869,7816223100799",1539,1473,1137,1038,"1180,2","1074,8405"
06503,KOZEL,SK,2021,23,5,"17,717582417582413","0,9384615384615383","9,051648351648351",0,NULL,NULL,"31,242181761239994","44,4","20,1","25,5","25,5","29,1","19,819399999999998"
06505,KOZEL,CZ,2021,23,5,"17,71758241758241","0,9384615384615383","9,051648351648351",0,NULL,NULL,"7350,624740115221","8579,5",7141,"4967,5","6708,5","9321,5","7465,7192"
06505,KOZEL,SK,2021,23,5,"17,717582417582413","0,9384615384615383","9,051648351648351",0,NULL,NULL,"271,46297773363995","203,5","200,5",134,204,280,"192,0003"
07005,TOPVAR,SK,2021,23,5,"17,717582417582413","0,9384615384615383","9,051648351648351",0,NULL,NULL,"257,02231901646","224,5",137,151,198,"275,5","166,19029999999998"
07105,TOPVAR,SK,2021,23,5,"17,717582417582413","0,9384615384615383","9,051648351648351",0,NULL,NULL,"58,53482575754","59,5",53,51,"68,5","116,5","52,71920000000001"
07205,TOPVAR,SK,2021,23,5,"17,717582417582413","0,9384615384615383","9,051648351648351",0,NULL,NULL,"157,6002496922",97,"70,5","60,5","125,5","176,5","130,085"
07303,TOPVAR,SK,2021,23,5,"17,717582417582413","0,9384615384615383","9,051648351648351",0,NULL,NULL,"46,5938595109","47,1","35,4","17,7","27,3",51,"22,8838"
08002,MASTER,SK,2021,23,5,"17,717582417582413","0,9384615384615383","9,051648351648351",0,NULL,NULL,NULL,NULL,NULL,NULL,NULL,NULL,NULL
08103,MASTER,CZ,2021,23,5,"17,717582417582413","0,9384615384615383","9,051648351648351",0,NULL,NULL,NULL,NULL,NULL,NULL,NULL,NULL,NULL
08202,MASTER,CZ,2021,23,5,"17,717582417582413","0,9384615384615383","9,051648351648351",0,NULL,NULL,"22,618085503819998","25,95","19,05","15,3","14,4","34,5","27,3569"
08302,MASTER,CZ,2021,23,5,"17,717582417582413","0,9384615384615383","9,051648351648351",0,NULL,NULL,"17,589189389519998","12,6","10,2","6,9","5,25","28,2","15,2312"
08302,MASTER,SK,2021,23,5,"17,717582417582413","0,9384615384615383","9,051648351648351",0,NULL,NULL,"50,810207908200006","22,2","16,05","10,2","11,55",21,"11,0001"
09303,MASTER,CZ,2021,23,5,"17,717582417582413","0,9384615384615383","9,051648351648351",0,NULL,NULL,"17,928582921620002",NULL,NULL,NULL,NULL,NULL,NULL
11201,BIRELL,CZ,2021,23,5,"17,717582417582413","0,9384615384615383","9,051648351648351",0,NULL,NULL,NULL,"0,2",NULL,NULL,NULL,NULL,"3,8501"
11201,BIRELL,SK,2021,23,5,"17,717582417582413","0,9384615384615383","9,051648351648351",0,NULL,NULL,NULL,NULL,NULL,NULL,NULL,NULL,"26,6"
11202,BIRELL,CZ,2021,23,5,"17,717582417582413","0,9384615384615383","9,051648351648351",0,NULL,NULL,"171,78511178022","249,9","149,55","87,3",93,"119,85","164,9498"
11202,BIRELL,SK,2021,23,5,"17,717582417582413","0,9384615384615383","9,051648351648351",0,NULL,NULL,"100,48182945648","158,7","71,55","57,3","25,5","51,45","23,6869"
11203,BIRELL,CZ,2021,23,5,"17,717582417582413","0,9384615384615383","9,051648351648351",0,NULL,NULL,"2667,79147629054","2207,7","910,5","501,6","682,8","1280,7","996,2509"
11203,BIRELL,SK,2021,23,5,"17,717582417582413","0,9384615384615383","9,051648351648351",0,NULL,NULL,"760,20723057348","714,6","334,2",264,"200,7","658,2","383,78430000000003"
11205,BIRELL,CZ,2021,23,5,"17,717582417582413","0,9384615384615383","9,051648351648351",0,NULL,NULL,NULL,"751,5","282,5","83,5",96,NULL,"250,001"
11205,BIRELL,SK,2021,23,5,"17,717582417582413","0,9384615384615383","9,051648351648351",0,NULL,NULL,"220,03581167151998","189,5","63,5",4,"13,5","103,5",20
15002,KINGSWOOD,CZ,2021,23,5,"17,717582417582413","0,9384615384615383","9,051648351648351",0,NULL,NULL,"42,055904755000014","41,463","37,179","16,218","34,119","57,987","52,04410000000001"
15003,KINGSWOOD,CZ,2021,23,5,"17,717582417582413","0,9384615384615383","9,051648351648351",0,NULL,NULL,"212,06592087276",165,"100,2","59,4","79,2","213,6","148,7414"
15202,KINGSWOOD,CZ,2021,23,5,"17,717582417582413","0,9384615384615383","9,051648351648351",0,NULL,NULL,"4,19666848182",NULL,NULL,NULL,NULL,NULL,NULL
17501,VIPER,CZ,2021,23,5,"17,717582417582413","0,9384615384615383","9,051648351648351",0,NULL,NULL,NULL,NULL,NULL,NULL,NULL,NULL,"1,2251"
20105,SWIST,CZ,2021,23,5,"17,717582417582413","0,9384615384615383","9,051648351648351",0,NULL,NULL,"204,19999999997995",179,134,66,"114,5",237,"211,36370000000002"
20205,SWIST,CZ,2021,23,5,"17,717582417582413","0,9384615384615383","9,051648351648351",0,NULL,NULL,"669,3624913776799",685,375,220,"341,5","874,5","598,6623"
21005,SWIST,SK,2021,23,5,"17,717582417582413","0,9384615384615383","9,051648351648351",0,NULL,NULL,"468,86471297356",447,268,226,296,567,"355,7616"
01000,PILSNER URQUELL,CZ,2021,24,5,"22,29120879120879","0,06593406593406592","13,250549450549451",0,NULL,NULL,"2518,86956572886","2992,18","2802,21","2679,2198","2437,1216","3275,2201","2878,1678"
01000,PILSNER URQUELL,SK,2021,24,5,"22,29120879120879","0,06593406593406592","13,250549450549451",0,NULL,NULL,"364,01928743024",520,495,455,435,475,"369,61830000000003"
01001,PILSNER URQUELL,CZ,2021,24,5,"22,29120879120879","0,06593406593406592","13,250549450549451",0,NULL,NULL,NULL,"0,3","0,1",NULL,NULL,NULL,"1,35"
01001,PILSNER URQUELL,SK,2021,24,5,"22,29120879120879","0,06593406593406592","13,250549450549451",0,NULL,NULL,NULL,NULL,NULL,NULL,NULL,NULL,1
01002,PILSNER URQUELL,CZ,2021,24,5,"22,29120879120879","0,06593406593406592","13,250549450549451",0,NULL,NULL,"688,31470922802",1212,"1301,55","1306,5","887,25","808,5","1058,6487"
01002,PILSNER URQUELL,SK,2021,24,5,"22,29120879120879","0,06593406593406592","13,250549450549451",0,NULL,NULL,"90,79822854279999","165,15","178,95","131,55","93,6","135,9","153,0001"
01003,PILSNER URQUELL,CZ,2021,24,5,"22,29120879120879","0,06593406593406592","13,250549450549451",0,NULL,NULL,"3114,5602546280998","4474,8","4760,7","4430,4","3804,3","4033,8","4147,1283"
01003,PILSNER URQUELL,SK,2021,24,5,"22,29120879120879","0,06593406593406592","13,250549450549451",0,NULL,NULL,"532,92194640112","875,1","857,7","613,2","563,1","833,1","620,4881"
01005,PILSNER URQUELL,CZ,2021,24,5,"22,29120879120879","0,06593406593406592","13,250549450549451",0,NULL,NULL,"8523,857323822522","12705,5","12795,5","10253,5","9641,5","11213,5","10836,567500000001"
01005,PILSNER URQUELL,SK,2021,24,5,"22,29120879120879","0,06593406593406592","13,250549450549451",0,NULL,NULL,"1211,32264059518","2043,5",1895,"1570,5",1283,1604,"1177,6761000000001"
02003,GAMBRINUS,CZ,2021,24,5,"22,29120879120879","0,06593406593406592","13,250549450549451",0,NULL,NULL,"199,61388080472","112,8","72,9",NULL,102,"161,7","53,2309"
02300,GAMBRINUS,CZ,2021,24,5,"22,29120879120879","0,06593406593406592","13,250549450549451",0,NULL,NULL,"309,1347889697","279,6","288,24","215,70999999999998","277,5923","392,4901","308,3033"
02302,GAMBRINUS,CZ,2021,24,5,"22,29120879120879","0,06593406593406592","13,250549450549451",0,NULL,NULL,NULL,33,"42,75",78,NULL,NULL,"162,2391"
02303,GAMBRINUS,CZ,2021,24,5,"22,29120879120879","0,06593406593406592","13,250549450549451",0,NULL,NULL,"422,07987655345994","372,6","405,6","368,7","329,7","405,6","383,8339"
02305,GAMBRINUS,CZ,2021,24,5,"22,29120879120879","0,06593406593406592","13,250549450549451",0,NULL,NULL,"2650,0452702792","2251,5","2189,5","1798,5",2110,2702,"2106,1310000000003"
02500,GAMBRINUS,CZ,2021,24,5,"22,29120879120879","0,06593406593406592","13,250549450549451",0,NULL,NULL,"223,93046883440002","239,25","284,03999999999996","268,46000000000004","337,39","336,9102","254,8107"
02503,GAMBRINUS,CZ,2021,24,5,"22,29120879120879","0,06593406593406592","13,250549450549451",0,NULL,NULL,"80,06184809216002","107,7","174,6",171,"105,6","154,8","114,23850000000002"
02503,GAMBRINUS,SK,2021,24,5,"22,29120879120879","0,06593406593406592","13,250549450549451",0,NULL,NULL,"19,857863536800004","35,4",33,"26,7","23,7","32,4","26,4081"
02505,GAMBRINUS,CZ,2021,24,5,"22,29120879120879","0,06593406593406592","13,250549450549451",0,NULL,NULL,"686,7107702855001",847,961,"881,5",900,1206,"747,4877"
02600,GAMBRINUS,CZ,2021,24,5,"22,29120879120879","0,06593406593406592","13,250549450549451",0,NULL,NULL,"997,5243513217001","850,0500000000001","790,04","664,26","831,73","2081,58","1109,1887"
02600,GAMBRINUS,SK,2021,24,5,"22,29120879120879","0,06593406593406592","13,250549450549451",0,NULL,NULL,"109,13602005323999",140,145,115,145,170,"136,6467"
02603,GAMBRINUS,CZ,2021,24,5,"22,29120879120879","0,06593406593406592","13,250549450549451",0,NULL,NULL,"565,7739486503199","771,6",822,"768,6","657,3","924,9","708,5392"
02603,GAMBRINUS,SK,2021,24,5,"22,29120879120879","0,06593406593406592","13,250549450549451",0,NULL,NULL,"117,21327787522","183,6","185,1","128,4","129,3","144,9","109,6153"
02605,GAMBRINUS,CZ,2021,24,5,"22,29120879120879","0,06593406593406592","13,250549450549451",0,NULL,NULL,"6172,134207872439",5854,5596,"5064,5",5868,"8804,5","6429,0888"
02605,GAMBRINUS,SK,2021,24,5,"22,29120879120879","0,06593406593406592","13,250549450549451",0,NULL,NULL,"972,1060952737998",1049,1118,"807,5","798,5","1308,5","754,1365"
02803,EXCELENT,CZ,2021,24,5,"22,29120879120879","0,06593406593406592","13,250549450549451",0,NULL,NULL,"56,13808079070001","282,6","326,7","305,4","222,9","224,7","188,04420000000002"
02803,EXCELENT,SK,2021,24,5,"22,29120879120879","0,06593406593406592","13,250549450549451",0,NULL,NULL,"39,73221518582","65,4","62,1","52,2","41,1","74,4","38,5794"
02805,EXCELENT,CZ,2021,24,5,"22,29120879120879","0,06593406593406592","13,250549450549451",0,NULL,NULL,"263,30253430782",754,"760,5","659,5",758,861,"447,94769999999994"
04000,SARIS,SK,2021,24,5,"22,29120879120879","0,06593406593406592","13,250549450549451",0,NULL,NULL,"221,57814991327996","159,6","188,2",130,"160,8","422,25","207,21030000000002"
04002,SARIS,SK,2021,24,5,"22,29120879120879","0,06593406593406592","13,250549450549451",0,NULL,NULL,NULL,"6,9","6,75","4,95",NULL,NULL,"12,9032"
04003,SARIS,SK,2021,24,5,"22,29120879120879","0,06593406593406592","13,250549450549451",0,NULL,NULL,"91,86227876906","123,3",108,"101,4","98,7","130,5","76,5952"
04005,SARIS,SK,2021,24,5,"22,29120879120879","0,06593406593406592","13,250549450549451",0,NULL,NULL,"993,4820503347601","1051,5",990,843,"1054,5","1390,5","939,0104"
04203,SARIS,SK,2021,24,5,"22,29120879120879","0,06593406593406592","13,250549450549451",0,NULL,NULL,"120,24855566632","160,2","171,9","131,4","123,6","184,2","99,685"
04205,SARIS,SK,2021,24,5,"22,29120879120879","0,06593406593406592","13,250549450549451",0,NULL,NULL,"757,4322263438401","754,5","621,5","536,5","625,5",1120,"702,7524000000001"
04303,SARIS,SK,2021,24,5,"22,29120879120879","0,06593406593406592","13,250549450549451",0,NULL,NULL,"48,94384490427999","42,6","44,7","30,3","32,7","70,8","40,0868"
04402,SARIS,SK,2021,24,5,"22,29120879120879","0,06593406593406592","13,250549450549451",0,NULL,NULL,"2,43081799502",NULL,NULL,NULL,NULL,NULL,NULL
04403,SARIS,SK,2021,24,5,"22,29120879120879","0,06593406593406592","13,250549450549451",0,NULL,NULL,"75,55487630505999",NULL,NULL,NULL,6,"95,1",NULL
04803,SARIS,SK,2021,24,5,"22,29120879120879","0,06593406593406592","13,250549450549451",0,NULL,NULL,NULL,"0,3",NULL,NULL,NULL,NULL,NULL
05000,RADEGAST,CZ,2021,24,5,"22,29120879120879","0,06593406593406592","13,250549450549451",0,NULL,NULL,"854,77364234024","947,1700000000001","1010,12","903,08","879,34","970,74","915,5689"
05000,RADEGAST,SK,2021,24,5,"22,29120879120879","0,06593406593406592","13,250549450549451",0,NULL,NULL,"23,360351692099997",30,40,40,25,15,"32,2183"
05002,RADEGAST,CZ,2021,24,5,"22,29120879120879","0,06593406593406592","13,250549450549451",0,NULL,NULL,"254,40071903124","677,4","672,75","569,7","393,45","268,5","404,64910000000003"
05002,RADEGAST,SK,2021,24,5,"22,29120879120879","0,06593406593406592","13,250549450549451",0,NULL,NULL,NULL,"11,1","17,4","1,8",NULL,NULL,"5,5483"
05003,RADEGAST,CZ,2021,24,5,"22,29120879120879","0,06593406593406592","13,250549450549451",0,NULL,NULL,"608,0002473756401","1165,5","1338,6","1234,2","1057,2","810,9","878,7944"
05003,RADEGAST,SK,2021,24,5,"22,29120879120879","0,06593406593406592","13,250549450549451",0,NULL,NULL,"44,71986951994","110,1","92,4","75,3","72,6","71,4","68,0001"
05005,RADEGAST,CZ,2021,24,5,"22,29120879120879","0,06593406593406592","13,250549450549451",0,NULL,NULL,"3964,7815286773402","6199,5","6842,5","5363,5","5245,5","5321,5","5397,402"
05005,RADEGAST,SK,2021,24,5,"22,29120879120879","0,06593406593406592","13,250549450549451",0,NULL,NULL,"436,05840163741993",570,"687,5",467,412,"504,5","416,66080000000005"
05100,RADEGAST,CZ,2021,24,5,"22,29120879120879","0,06593406593406592","13,250549450549451",0,NULL,NULL,"260,06634184224004","275,3","333,54","185,82","271,62","360,74","324,87690000000003"
05100,RADEGAST,SK,2021,24,5,"22,29120879120879","0,06593406593406592","13,250549450549451",0,NULL,NULL,"83,99442714340002",75,80,85,90,95,"106,0573"
05103,RADEGAST,CZ,2021,24,5,"22,29120879120879","0,06593406593406592","13,250549450549451",0,NULL,NULL,"684,20086342748","1430,1","1374,9","1333,5","1054,8","947,1","929,7266"
05103,RADEGAST,SK,2021,24,5,"22,29120879120879","0,06593406593406592","13,250549450549451",0,NULL,NULL,"67,85129748392","159,6","119,1","105,3",99,"106,2","103,0002"
05105,RADEGAST,CZ,2021,24,5,"22,29120879120879","0,06593406593406592","13,250549450549451",0,NULL,NULL,"6066,148068144558","7747,5",7765,"5937,5","6119,5","7824,5","7782,0609"
05105,RADEGAST,SK,2021,24,5,"22,29120879120879","0,06593406593406592","13,250549450549451",0,NULL,NULL,"1451,3026505162002","1732,5",1592,"1224,5","1276,5","1977,5","1252,7224999999999"
05202,BIRELL,CZ,2021,24,5,"22,29120879120879","0,06593406593406592","13,250549450549451",0,NULL,NULL,"96,81258372774","73,8","79,65","63,45","70,95","129,45","83,8652"
05202,BIRELL,SK,2021,24,5,"22,29120879120879","0,06593406593406592","13,250549450549451",0,NULL,NULL,"24,3270531839","21,45","24,75","8,1","19,799999999999997","31,95","18,502"
05203,BIRELL,CZ,2021,24,5,"22,29120879120879","0,06593406593406592","13,250549450549451",0,NULL,NULL,"659,17882684244","542,7","577,2","383,7","474,9","929,4","704,8684000000001"
05203,BIRELL,SK,2021,24,5,"22,29120879120879","0,06593406593406592","13,250549450549451",0,NULL,NULL,"90,58018543290001","64,2",78,"37,2","44,099999999999994","131,4","64,7904"
05603,RADEGAST,CZ,2021,24,5,"22,29120879120879","0,06593406593406592","13,250549450549451",0,NULL,NULL,"321,30332344922","329,7","355,2","227,4",756,NULL,"436,78360000000004"
05603,RADEGAST,SK,2021,24,5,"22,29120879120879","0,06593406593406592","13,250549450549451",0,NULL,NULL,NULL,"5,1","75,9","83,4",NULL,NULL,NULL
05903,RADEGAST,CZ,2021,24,5,"22,29120879120879","0,06593406593406592","13,250549450549451",0,NULL,NULL,NULL,"145,2","193,8","264,3",NULL,NULL,100
06003,KOZEL,CZ,2021,24,5,"22,29120879120879","0,06593406593406592","13,250549450549451",0,NULL,NULL,"32,302383986020004",33,"21,3","40,2","36,599999999999994","34,5","25,208199999999998"
06005,KOZEL,CZ,2021,24,5,"22,29120879120879","0,06593406593406592","13,250549450549451",0,NULL,NULL,"250,5426640369","94,5","86,5",73,137,"215,5","165,255"
06005,KOZEL,SK,2021,24,5,"22,29120879120879","0,06593406593406592","13,250549450549451",0,NULL,NULL,"15,045607128800004",NULL,NULL,NULL,NULL,12,NULL
06100,KOZEL,CZ,2021,24,5,"22,29120879120879","0,06593406593406592","13,250549450549451",0,NULL,NULL,"25,711426547360002",NULL,NULL,NULL,"47,27","76,06",NULL
06100,KOZEL,SK,2021,24,5,"22,29120879120879","0,06593406593406592","13,250549450549451",0,NULL,NULL,NULL,10,NULL,5,15,30,"20,6816"
06103,KOZEL,CZ,2021,24,5,"22,29120879120879","0,06593406593406592","13,250549450549451",0,NULL,NULL,"178,42971336369996",303,"309,3",315,"236,7","316,2","220,54840000000002"
06103,KOZEL,SK,2021,24,5,"22,29120879120879","0,06593406593406592","13,250549450549451",0,NULL,NULL,"29,945552721600002","23,4","32,4","17,700000000000003",24,"55,8","26,6513"
06105,KOZEL,CZ,2021,24,5,"22,29120879120879","0,06593406593406592","13,250549450549451",0,NULL,NULL,"1071,5010769900202","1227,5",1231,"1034,5",1133,1868,"1362,7038"
06105,KOZEL,SK,2021,24,5,"22,29120879120879","0,06593406593406592","13,250549450549451",0,NULL,NULL,"277,28521602329994","220,5",199,"151,5",166,367,"221,5723"
06202,KOZEL,CZ,2021,24,5,"22,29120879120879","0,06593406593406592","13,250549450549451",0,NULL,NULL,"46,92481479916","43,5","49,65","38,55","34,35","68,85","45,456"
06203,KOZEL,CZ,2021,24,5,"22,29120879120879","0,06593406593406592","13,250549450549451",0,NULL,NULL,"493,43365309511995","369,90000000000003","369,29999999999995","276,3","324,9","678,5999999999999","369,0542"
06205,KOZEL,CZ,2021,24,5,"22,29120879120879","0,06593406593406592","13,250549450549451",0,NULL,NULL,"31,955587361779997",18,11,NULL,25,38,"12,669699999999999"
06500,KOZEL,CZ,2021,24,5,"22,29120879120879","0,06593406593406592","13,250549450549451",0,NULL,NULL,"622,99090783646","653,88","748,71","593,5601","625,9200000000001","949,72","778,8613"
06500,KOZEL,SK,2021,24,5,"22,29120879120879","0,06593406593406592","13,250549450549451",0,NULL,NULL,"45,67227185012","54,8",30,50,60,55,"58,4465"
06502,KOZEL,CZ,2021,24,5,"22,29120879120879","0,06593406593406592","13,250549450549451",0,NULL,NULL,NULL,"147,3","119,85","146,7",NULL,NULL,"162,23860000000002"
06503,KOZEL,CZ,2021,24,5,"22,29120879120879","0,06593406593406592","13,250549450549451",0,NULL,NULL,"869,7816223100799","1457,7",1539,1473,"1120,8","1449,9","1285,1023"
06503,KOZEL,SK,2021,24,5,"22,29120879120879","0,06593406593406592","13,250549450549451",0,NULL,NULL,"31,242181761239994",27,"44,4","20,1","31,2","34,2","34,0073"
06505,KOZEL,CZ,2021,24,5,"22,29120879120879","0,06593406593406592","13,250549450549451",0,NULL,NULL,"7350,624740115221","8669,5","8579,5",7141,7334,"10567,5","8774,7322"
06505,KOZEL,SK,2021,24,5,"22,29120879120879","0,06593406593406592","13,250549450549451",0,NULL,NULL,"271,46297773363995","247,5","203,5","200,5",203,"342,5","201,00029999999998"
07005,TOPVAR,SK,2021,24,5,"22,29120879120879","0,06593406593406592","13,250549450549451",0,NULL,NULL,"257,02231901646","200,5","224,5",137,"227,5",394,"191,3484"
07105,TOPVAR,SK,2021,24,5,"22,29120879120879","0,06593406593406592","13,250549450549451",0,NULL,NULL,"58,53482575754",48,"59,5",53,87,135,"60,699799999999996"
07205,TOPVAR,SK,2021,24,5,"22,29120879120879","0,06593406593406592","13,250549450549451",0,NULL,NULL,"157,6002496922",110,97,"70,5",133,223,"123,7378"
07303,TOPVAR,SK,2021,24,5,"22,29120879120879","0,06593406593406592","13,250549450549451",0,NULL,NULL,"46,5938595109","57,6","47,1","35,4","34,8","66,3","35,0066"
08202,MASTER,CZ,2021,24,5,"22,29120879120879","0,06593406593406592","13,250549450549451",0,NULL,NULL,"22,618085503819998",21,"25,95","19,05","16,65","36,9","24,684400000000004"
08302,MASTER,CZ,2021,24,5,"22,29120879120879","0,06593406593406592","13,250549450549451",0,NULL,NULL,"17,589189389519998","12,9","12,6","10,2","13,05","27,75","22,0131"
08302,MASTER,SK,2021,24,5,"22,29120879120879","0,06593406593406592","13,250549450549451",0,NULL,NULL,"50,810207908200006","15,75","22,2","16,05","15,15","24,9","18,75"
09303,MASTER,CZ,2021,24,5,"22,29120879120879","0,06593406593406592","13,250549450549451",0,NULL,NULL,"17,928582921620002",NULL,NULL,NULL,NULL,NULL,NULL
11201,BIRELL,CZ,2021,24,5,"22,29120879120879","0,06593406593406592","13,250549450549451",0,NULL,NULL,NULL,"1,3","0,2",NULL,NULL,NULL,"3,8501"
11201,BIRELL,SK,2021,24,5,"22,29120879120879","0,06593406593406592","13,250549450549451",0,NULL,NULL,NULL,NULL,NULL,NULL,NULL,NULL,1
11202,BIRELL,CZ,2021,24,5,"22,29120879120879","0,06593406593406592","13,250549450549451",0,NULL,NULL,"171,78511178022","212,85","249,9","149,55","119,39999999999999","130,05","194,71720000000002"
11202,BIRELL,SK,2021,24,5,"22,29120879120879","0,06593406593406592","13,250549450549451",0,NULL,NULL,"100,48182945648","150,15","158,7","71,55","50,85","62,85","75,6995"
11203,BIRELL,CZ,2021,24,5,"22,29120879120879","0,06593406593406592","13,250549450549451",0,NULL,NULL,"2667,79147629054",1782,"2207,7","910,5","787,8","1573,2","1312,3557"
11203,BIRELL,SK,2021,24,5,"22,29120879120879","0,06593406593406592","13,250549450549451",0,NULL,NULL,"760,20723057348","737,4","714,6","334,2","374,1","929,1","405,6001"
11205,BIRELL,CZ,2021,24,5,"22,29120879120879","0,06593406593406592","13,250549450549451",0,NULL,NULL,NULL,814,"751,5","282,5",145,NULL,"457,79699999999997"
11205,BIRELL,SK,2021,24,5,"22,29120879120879","0,06593406593406592","13,250549450549451",0,NULL,NULL,"220,03581167151998","305,5","189,5","63,5",65,"393,5",100
15002,KINGSWOOD,CZ,2021,24,5,"22,29120879120879","0,06593406593406592","13,250549450549451",0,NULL,NULL,"42,055904755000014","47,583","41,463","37,179","26,01","59,364000000000004","52,5758"
15003,KINGSWOOD,CZ,2021,24,5,"22,29120879120879","0,06593406593406592","13,250549450549451",0,NULL,NULL,"212,06592087276","187,8",165,"100,2","83,4","342,6","233,4647"
15202,KINGSWOOD,CZ,2021,24,5,"22,29120879120879","0,06593406593406592","13,250549450549451",0,NULL,NULL,"4,19666848182",NULL,NULL,NULL,NULL,"18,36",NULL
17501,VIPER,CZ,2021,24,5,"22,29120879120879","0,06593406593406592","13,250549450549451",0,NULL,NULL,NULL,NULL,NULL,NULL,NULL,NULL,"1,2251"
20105,SWIST,CZ,2021,24,5,"22,29120879120879","0,06593406593406592","13,250549450549451",0,NULL,NULL,"204,19999999997995","169,5",179,134,138,"259,5","258,0607"
20205,SWIST,CZ,2021,24,5,"22,29120879120879","0,06593406593406592","13,250549450549451",0,NULL,NULL,"669,3624913776799","660,5",685,375,"320,5",835,"759,2810000000001"
21005,SWIST,SK,2021,24,5,"22,29120879120879","0,06593406593406592","13,250549450549451",0,NULL,NULL,"468,86471297356","429,5",447,268,350,690,"349,6809"
