SkuShort,Brand,Country,Year,Week,NumberWorkdays,PrevNumberWorkdays,NextNumberWorkdays,AvgTemp,AvgRain,AvgSun,IsLockdown,PdtHl,PrevWeekPdtHl1,BgtHl,SalesHl,PrevWeekSalesHl1,PrevWeekSalesHl2,PrevYearSalesHl1,PrevYearSalesHl2,OldPredSalesHl
01000,PILSNER URQUELL,CZ,2021,25,5,5,5,19.767857142857146,5.267857142857143,5.264285714285714,False,,,2518.86956572886,505.34999999999997,2992.18,2802.21,2700.81,2945.8901,
01000,PILSNER URQUELL,SK,2021,25,5,5,5,19.767857142857146,5.267857142857143,5.264285714285714,False,,,364.01928743024,,520.0,495.0,455.0,455.0,
01002,PILSNER URQUELL,CZ,2021,25,5,5,5,19.767857142857146,5.267857142857143,5.264285714285714,False,,,688.31470922802,192.9,1212.0,1301.55,931.2,853.8,
01002,PILSNER URQUELL,SK,2021,25,5,5,5,19.767857142857146,5.267857142857143,5.264285714285714,False,,,90.79822854279999,37.05,165.15,178.95,138.45,118.8,
01003,PILSNER URQUELL,CZ,2021,25,5,5,5,19.767857142857146,5.267857142857143,5.264285714285714,False,,,3114.5602546280998,876.9,4474.8,4760.7,4048.5,3837.0,
01003,PILSNER URQUELL,SK,2021,25,5,5,5,19.767857142857146,5.267857142857143,5.264285714285714,False,,,532.92194640112,137.1,875.1,857.7,708.3,716.1,
01005,PILSNER URQUELL,CZ,2021,25,5,5,5,19.767857142857146,5.267857142857143,5.264285714285714,False,,,8523.857323822522,2159.0,12705.5,12795.5,11359.5,11259.0,
01005,PILSNER URQUELL,SK,2021,25,5,5,5,19.767857142857146,5.267857142857143,5.264285714285714,False,,,1211.32264059518,314.5,2043.5,1895.0,1667.0,1557.0,
02003,GAMBRINUS,CZ,2021,25,5,5,5,19.767857142857146,5.267857142857143,5.264285714285714,False,,,199.61388080472,10.8,112.8,72.9,113.4,189.3,
02300,GAMBRINUS,CZ,2021,25,5,5,5,19.767857142857146,5.267857142857143,5.264285714285714,False,,,309.1347889697,58.31,279.6,288.24,364.6801,535.89,
02302,GAMBRINUS,CZ,2021,25,5,5,5,19.767857142857146,5.267857142857143,5.264285714285714,False,,,,22.5,33.0,42.75,,,
02303,GAMBRINUS,CZ,2021,25,5,5,5,19.767857142857146,5.267857142857143,5.264285714285714,False,,,422.07987655345994,77.7,372.6,405.6,471.9,498.9,
02305,GAMBRINUS,CZ,2021,25,5,5,5,19.767857142857146,5.267857142857143,5.264285714285714,False,,,2650.0452702792,341.5,2251.5,2189.5,2374.5,3127.5,
02500,GAMBRINUS,CZ,2021,25,5,5,5,19.767857142857146,5.267857142857143,5.264285714285714,False,,,223.93046883440002,53.32,239.25,284.03999999999996,282.01,390.9701,
02503,GAMBRINUS,CZ,2021,25,5,5,5,19.767857142857146,5.267857142857143,5.264285714285714,False,,,80.06184809216002,22.5,107.7,174.6,122.1,170.4,
02503,GAMBRINUS,SK,2021,25,5,5,5,19.767857142857146,5.267857142857143,5.264285714285714,False,,,19.857863536800004,8.1,35.4,33.0,30.3,37.8,
02505,GAMBRINUS,CZ,2021,25,5,5,5,19.767857142857146,5.267857142857143,5.264285714285714,False,,,686.7107702855001,155.0,847.0,961.0,1080.0,1326.5,
02600,GAMBRINUS,CZ,2021,25,5,5,5,19.767857142857146,5.267857142857143,5.264285714285714,False,,,997.5243513217001,152.11,850.0500000000001,790.04,908.79,1114.68,
02600,GAMBRINUS,SK,2021,25,5,5,5,19.767857142857146,5.267857142857143,5.264285714285714,False,,,109.13602005323999,5.0,140.0,145.0,155.0,205.0,
02603,GAMBRINUS,CZ,2021,25,5,5,5,19.767857142857146,5.267857142857143,5.264285714285714,False,,,565.7739486503199,141.0,771.6,822.0,773.1,762.0,
02603,GAMBRINUS,SK,2021,25,5,5,5,19.767857142857146,5.267857142857143,5.264285714285714,False,,,117.21327787522,29.7,183.6,185.1,189.9,168.3,
02605,GAMBRINUS,CZ,2021,25,5,5,5,19.767857142857146,5.267857142857143,5.264285714285714,False,,,6172.134207872439,1026.0,5854.0,5596.0,6180.5,9487.5,
02605,GAMBRINUS,SK,2021,25,5,5,5,19.767857142857146,5.267857142857143,5.264285714285714,False,,,972.1060952737998,249.5,1049.0,1118.0,1008.0,1255.5,
02803,EXCELENT,CZ,2021,25,5,5,5,19.767857142857146,5.267857142857143,5.264285714285714,False,,,56.13808079070001,72.3,282.6,326.7,305.7,260.1,
02803,EXCELENT,SK,2021,25,5,5,5,19.767857142857146,5.267857142857143,5.264285714285714,False,,,39.73221518582,6.6,65.4,62.1,60.3,84.9,
02805,EXCELENT,CZ,2021,25,5,5,5,19.767857142857146,5.267857142857143,5.264285714285714,False,,,263.30253430782,105.5,754.0,760.5,771.5,1058.5,
04000,SARIS,SK,2021,25,5,5,5,19.767857142857146,5.267857142857143,5.264285714285714,False,,,221.57814991327996,,159.6,188.2,184.6,206.95000000000002,
04002,SARIS,SK,2021,25,5,5,5,19.767857142857146,5.267857142857143,5.264285714285714,False,,,,0.75,6.9,6.75,,,
04003,SARIS,SK,2021,25,5,5,5,19.767857142857146,5.267857142857143,5.264285714285714,False,,,91.86227876906,16.8,123.3,108.0,128.1,121.2,
04005,SARIS,SK,2021,25,5,5,5,19.767857142857146,5.267857142857143,5.264285714285714,False,,,993.4820503347601,129.0,1051.5,990.0,1183.0,1298.0,
04203,SARIS,SK,2021,25,5,5,5,19.767857142857146,5.267857142857143,5.264285714285714,False,,,120.24855566632,33.9,160.2,171.9,137.1,151.2,
04205,SARIS,SK,2021,25,5,5,5,19.767857142857146,5.267857142857143,5.264285714285714,False,,,757.4322263438401,106.0,754.5,621.5,704.5,1135.5,
04303,SARIS,SK,2021,25,5,5,5,19.767857142857146,5.267857142857143,5.264285714285714,False,,,48.94384490427999,5.1,42.6,44.7,45.0,59.7,
04402,SARIS,SK,2021,25,5,5,5,19.767857142857146,5.267857142857143,5.264285714285714,False,,,2.43081799502,,,,,,
04403,SARIS,SK,2021,25,5,5,5,19.767857142857146,5.267857142857143,5.264285714285714,False,,,75.55487630505999,,,,5.7,25.5,
05000,RADEGAST,CZ,2021,25,5,5,5,19.767857142857146,5.267857142857143,5.264285714285714,False,,,854.77364234024,197.18,947.1700000000001,1010.12,914.65,1191.29,
05000,RADEGAST,SK,2021,25,5,5,5,19.767857142857146,5.267857142857143,5.264285714285714,False,,,23.360351692099997,15.0,30.0,40.0,40.0,25.0,
05002,RADEGAST,CZ,2021,25,5,5,5,19.767857142857146,5.267857142857143,5.264285714285714,False,,,254.40071903124,139.95,677.4,672.75,455.40000000000003,288.3,
05002,RADEGAST,SK,2021,25,5,5,5,19.767857142857146,5.267857142857143,5.264285714285714,False,,,,2.55,11.1,17.4,,,
05003,RADEGAST,CZ,2021,25,5,5,5,19.767857142857146,5.267857142857143,5.264285714285714,False,,,608.0002473756401,261.3,1165.5,1338.6,1056.0,930.0,
05003,RADEGAST,SK,2021,25,5,5,5,19.767857142857146,5.267857142857143,5.264285714285714,False,,,44.71986951994,7.2,110.1,92.4,74.7339,68.1,
05005,RADEGAST,CZ,2021,25,5,5,5,19.767857142857146,5.267857142857143,5.264285714285714,False,,,3964.7815286773402,1000.5,6199.5,6842.5,5894.0,5875.0,
05005,RADEGAST,SK,2021,25,5,5,5,19.767857142857146,5.267857142857143,5.264285714285714,False,,,436.05840163741993,138.0,570.0,687.5,646.5,659.5,
05100,RADEGAST,CZ,2021,25,5,5,5,19.767857142857146,5.267857142857143,5.264285714285714,False,,,260.06634184224004,71.93,275.3,333.54,308.31,316.44,
05100,RADEGAST,SK,2021,25,5,5,5,19.767857142857146,5.267857142857143,5.264285714285714,False,,,83.99442714340002,10.0,75.0,80.0,70.0,95.0,
05103,RADEGAST,CZ,2021,25,5,5,5,19.767857142857146,5.267857142857143,5.264285714285714,False,,,684.20086342748,368.4,1430.1,1374.9,1051.8,1055.4,
05103,RADEGAST,SK,2021,25,5,5,5,19.767857142857146,5.267857142857143,5.264285714285714,False,,,67.85129748392,30.0,159.6,119.1,104.1,102.3,
05105,RADEGAST,CZ,2021,25,5,5,5,19.767857142857146,5.267857142857143,5.264285714285714,False,,,6066.148068144558,1556.5,7747.5,7765.0,6759.5,9372.5,
05105,RADEGAST,SK,2021,25,5,5,5,19.767857142857146,5.267857142857143,5.264285714285714,False,,,1451.3026505162002,434.5,1732.5,1592.0,1465.0,1728.5,
05202,BIRELL,CZ,2021,25,5,5,5,19.767857142857146,5.267857142857143,5.264285714285714,False,,,96.81258372774,12.45,73.8,79.65,78.9,131.55,
05202,BIRELL,SK,2021,25,5,5,5,19.767857142857146,5.267857142857143,5.264285714285714,False,,,24.3270531839,3.15,21.45,24.75,23.4,25.05,
05203,BIRELL,CZ,2021,25,5,5,5,19.767857142857146,5.267857142857143,5.264285714285714,False,,,659.17882684244,127.5,542.7,577.2,569.7,816.6,
05203,BIRELL,SK,2021,25,5,5,5,19.767857142857146,5.267857142857143,5.264285714285714,False,,,90.58018543290001,11.7,64.2,78.0,64.8,114.3,
05603,RADEGAST,CZ,2021,25,5,5,5,19.767857142857146,5.267857142857143,5.264285714285714,False,,,321.30332344922,50.7,329.7,355.2,438.59999999999997,,
05903,RADEGAST,CZ,2021,25,5,5,5,19.767857142857146,5.267857142857143,5.264285714285714,False,,,,14.1,145.2,193.8,,,
06003,KOZEL,CZ,2021,25,5,5,5,19.767857142857146,5.267857142857143,5.264285714285714,False,,,32.302383986020004,3.3,33.0,21.3,51.9,23.7,
06005,KOZEL,CZ,2021,25,5,5,5,19.767857142857146,5.267857142857143,5.264285714285714,False,,,250.5426640369,9.5,94.5,86.5,150.0,165.0,
06005,KOZEL,SK,2021,25,5,5,5,19.767857142857146,5.267857142857143,5.264285714285714,False,,,15.045607128800004,,,,,11.0,
06100,KOZEL,CZ,2021,25,5,5,5,19.767857142857146,5.267857142857143,5.264285714285714,False,,,25.711426547360002,,,,28.53,56.37,
06103,KOZEL,CZ,2021,25,5,5,5,19.767857142857146,5.267857142857143,5.264285714285714,False,,,178.42971336369996,95.4,303.0,309.3,287.1,322.8,
06103,KOZEL,SK,2021,25,5,5,5,19.767857142857146,5.267857142857143,5.264285714285714,False,,,29.945552721600002,4.8,23.4,32.4,34.5,63.3,
06105,KOZEL,CZ,2021,25,5,5,5,19.767857142857146,5.267857142857143,5.264285714285714,False,,,1071.5010769900202,244.0,1227.5,1231.0,1342.0,1932.5,
06105,KOZEL,SK,2021,25,5,5,5,19.767857142857146,5.267857142857143,5.264285714285714,False,,,277.28521602329994,50.5,220.5,199.0,222.0,425.5,
06202,KOZEL,CZ,2021,25,5,5,5,19.767857142857146,5.267857142857143,5.264285714285714,False,,,46.92481479916,7.95,43.5,49.65,49.050000000000004,64.95,
06203,KOZEL,CZ,2021,25,5,5,5,19.767857142857146,5.267857142857143,5.264285714285714,False,,,493.43365309511995,73.8,369.90000000000003,369.29999999999995,410.7,663.9,
06205,KOZEL,CZ,2021,25,5,5,5,19.767857142857146,5.267857142857143,5.264285714285714,False,,,31.955587361779997,3.0,18.0,11.0,23.5,36.0,
06500,KOZEL,CZ,2021,25,5,5,5,19.767857142857146,5.267857142857143,5.264285714285714,False,,,622.99090783646,150.35,653.88,748.71,698.5400999999999,841.5799999999999,
06500,KOZEL,SK,2021,25,5,5,5,19.767857142857146,5.267857142857143,5.264285714285714,False,,,45.67227185012,,54.8,30.0,45.0,75.0,
06502,KOZEL,CZ,2021,25,5,5,5,19.767857142857146,5.267857142857143,5.264285714285714,False,,,,61.2,147.3,119.85,,,
06503,KOZEL,CZ,2021,25,5,5,5,19.767857142857146,5.267857142857143,5.264285714285714,False,,,869.7816223100799,269.1,1457.7,1539.0,1467.8999999999999,1078.1999999999998,
06503,KOZEL,SK,2021,25,5,5,5,19.767857142857146,5.267857142857143,5.264285714285714,False,,,31.242181761239994,4.2,27.0,44.4,43.2,45.9,
06505,KOZEL,CZ,2021,25,5,5,5,19.767857142857146,5.267857142857143,5.264285714285714,False,,,7350.624740115221,1430.0,8669.5,8579.5,8775.0,10469.5,
06505,KOZEL,SK,2021,25,5,5,5,19.767857142857146,5.267857142857143,5.264285714285714,False,,,271.46297773363995,39.5,247.5,203.5,258.5,444.5,
07005,TOPVAR,SK,2021,25,5,5,5,19.767857142857146,5.267857142857143,5.264285714285714,False,,,257.02231901646,27.0,200.5,224.5,288.5,363.0,
07105,TOPVAR,SK,2021,25,5,5,5,19.767857142857146,5.267857142857143,5.264285714285714,False,,,58.53482575754,8.5,48.0,59.5,92.0,123.5,
07205,TOPVAR,SK,2021,25,5,5,5,19.767857142857146,5.267857142857143,5.264285714285714,False,,,157.6002496922,22.0,110.0,97.0,138.0,299.0,
07303,TOPVAR,SK,2021,25,5,5,5,19.767857142857146,5.267857142857143,5.264285714285714,False,,,46.5938595109,9.0,57.6,47.1,45.3,67.8,
08202,MASTER,CZ,2021,25,5,5,5,19.767857142857146,5.267857142857143,5.264285714285714,False,,,22.618085503819998,3.0,21.0,25.95,25.05,37.05,
08302,MASTER,CZ,2021,25,5,5,5,19.767857142857146,5.267857142857143,5.264285714285714,False,,,17.589189389519998,2.25,12.9,12.6,14.55,25.8,
08302,MASTER,SK,2021,25,5,5,5,19.767857142857146,5.267857142857143,5.264285714285714,False,,,50.810207908200006,3.0,15.75,22.2,18.0,20.4,
09303,MASTER,CZ,2021,25,5,5,5,19.767857142857146,5.267857142857143,5.264285714285714,False,,,17.928582921620002,,,,,,
11202,BIRELL,CZ,2021,25,5,5,5,19.767857142857146,5.267857142857143,5.264285714285714,False,,,171.78511178022,33.15,212.85,249.9,164.4,159.75,
11202,BIRELL,SK,2021,25,5,5,5,19.767857142857146,5.267857142857143,5.264285714285714,False,,,100.48182945648,9.75,150.15,158.7,70.05,56.4,
11203,BIRELL,CZ,2021,25,5,5,5,19.767857142857146,5.267857142857143,5.264285714285714,False,,,2667.79147629054,330.3,1782.0,2207.7,1249.2,1851.9,
11203,BIRELL,SK,2021,25,5,5,5,19.767857142857146,5.267857142857143,5.264285714285714,False,,,760.20723057348,120.9,737.4,714.6,489.6,1114.5,
11205,BIRELL,CZ,2021,25,5,5,5,19.767857142857146,5.267857142857143,5.264285714285714,False,,,,132.5,814.0,751.5,284.5,,
11205,BIRELL,SK,2021,25,5,5,5,19.767857142857146,5.267857142857143,5.264285714285714,False,,,220.03581167151998,41.0,305.5,189.5,127.0,233.0,
15002,KINGSWOOD,CZ,2021,25,5,5,5,19.767857142857146,5.267857142857143,5.264285714285714,False,,,42.055904755000014,10.251,47.583,41.463,50.184,68.085,
15003,KINGSWOOD,CZ,2021,25,5,5,5,19.767857142857146,5.267857142857143,5.264285714285714,False,,,212.06592087276,36.6,187.8,165.0,115.5,214.2,
15202,KINGSWOOD,CZ,2021,25,5,5,5,19.767857142857146,5.267857142857143,5.264285714285714,False,,,4.19666848182,,,,,,
20105,SWIST,CZ,2021,25,5,5,5,19.767857142857146,5.267857142857143,5.264285714285714,False,,,204.19999999997995,18.0,169.5,179.0,179.5,299.0,
20205,SWIST,CZ,2021,25,5,5,5,19.767857142857146,5.267857142857143,5.264285714285714,False,,,669.3624913776799,140.0,660.5,685.0,543.0,878.0,
21005,SWIST,SK,2021,25,5,5,5,19.767857142857146,5.267857142857143,5.264285714285714,False,,,468.86471297356,73.5,429.5,447.0,485.0,727.5,
01000,PILSNER URQUELL,CZ,2021,26,5,5,3,22.242857142857144,3.5142857142857147,10.771428571428572,False,,,2518.86956572886,,505.34999999999997,2992.18,2959.5,3429.56,
01000,PILSNER URQUELL,SK,2021,26,5,5,4,22.242857142857144,3.5142857142857147,10.771428571428572,False,,,364.01928743024,,,520.0,475.0,410.0,
01002,PILSNER URQUELL,CZ,2021,26,5,5,3,22.242857142857144,3.5142857142857147,10.771428571428572,False,,,688.31470922802,,192.9,1212.0,970.65,981.0,
01002,PILSNER URQUELL,SK,2021,26,5,5,4,22.242857142857144,3.5142857142857147,10.771428571428572,False,,,90.79822854279999,,37.05,165.15,117.44999999999999,107.7,
01003,PILSNER URQUELL,CZ,2021,26,5,5,3,22.242857142857144,3.5142857142857147,10.771428571428572,False,,,3114.5602546280998,,876.9,4474.8,3868.7999999999997,3357.0,
01003,PILSNER URQUELL,SK,2021,26,5,5,4,22.242857142857144,3.5142857142857147,10.771428571428572,False,,,532.92194640112,,137.1,875.1,606.0,738.3,
01005,PILSNER URQUELL,CZ,2021,26,5,5,3,22.242857142857144,3.5142857142857147,10.771428571428572,False,,,8523.857323822522,,2159.0,12705.5,11577.5,14307.5,
01005,PILSNER URQUELL,SK,2021,26,5,5,4,22.242857142857144,3.5142857142857147,10.771428571428572,False,,,1211.32264059518,,314.5,2043.5,1331.0,1686.5,
02003,GAMBRINUS,CZ,2021,26,5,5,3,22.242857142857144,3.5142857142857147,10.771428571428572,False,,,199.61388080472,,10.8,112.8,125.1,127.5,
02300,GAMBRINUS,CZ,2021,26,5,5,3,22.242857142857144,3.5142857142857147,10.771428571428572,False,,,309.1347889697,,58.31,279.6,279.62,403.43010000000004,
02302,GAMBRINUS,CZ,2021,26,5,5,3,22.242857142857144,3.5142857142857147,10.771428571428572,False,,,,,22.5,33.0,,,
02303,GAMBRINUS,CZ,2021,26,5,5,3,22.242857142857144,3.5142857142857147,10.771428571428572,False,,,422.07987655345994,,77.7,372.6,458.4,513.0,
02305,GAMBRINUS,CZ,2021,26,5,5,3,22.242857142857144,3.5142857142857147,10.771428571428572,False,,,2650.0452702792,,341.5,2251.5,2373.5,3438.0,
02500,GAMBRINUS,CZ,2021,26,5,5,3,22.242857142857144,3.5142857142857147,10.771428571428572,False,,,223.93046883440002,,53.32,239.25,325.46999999999997,361.44,
02503,GAMBRINUS,CZ,2021,26,5,5,3,22.242857142857144,3.5142857142857147,10.771428571428572,False,,,80.06184809216002,,22.5,107.7,143.4,157.8,
02503,GAMBRINUS,SK,2021,26,5,5,4,22.242857142857144,3.5142857142857147,10.771428571428572,False,,,19.857863536800004,,8.1,35.4,38.7,31.2141,
02505,GAMBRINUS,CZ,2021,26,5,5,3,22.242857142857144,3.5142857142857147,10.771428571428572,False,,,686.7107702855001,,155.0,847.0,1007.0,1794.5,
02600,GAMBRINUS,CZ,2021,26,5,5,3,22.242857142857144,3.5142857142857147,10.771428571428572,False,,,997.5243513217001,,152.11,850.0500000000001,945.24,1327.7,
02600,GAMBRINUS,SK,2021,26,5,5,4,22.242857142857144,3.5142857142857147,10.771428571428572,False,,,109.13602005323999,,5.0,140.0,150.0,155.0,
02603,GAMBRINUS,CZ,2021,26,5,5,3,22.242857142857144,3.5142857142857147,10.771428571428572,False,,,565.7739486503199,,141.0,771.6,792.3,972.0,
02603,GAMBRINUS,SK,2021,26,5,5,4,22.242857142857144,3.5142857142857147,10.771428571428572,False,,,117.21327787522,,29.7,183.6,147.29999999999998,129.3,
02605,GAMBRINUS,CZ,2021,26,5,5,3,22.242857142857144,3.5142857142857147,10.771428571428572,False,,,6172.134207872439,,1026.0,5854.0,6602.0,10753.0,
02605,GAMBRINUS,SK,2021,26,5,5,4,22.242857142857144,3.5142857142857147,10.771428571428572,False,,,972.1060952737998,,249.5,1049.0,895.5,1409.5,
02803,EXCELENT,CZ,2021,26,5,5,3,22.242857142857144,3.5142857142857147,10.771428571428572,False,,,56.13808079070001,,72.3,282.6,248.4,335.4,
02803,EXCELENT,SK,2021,26,5,5,4,22.242857142857144,3.5142857142857147,10.771428571428572,False,,,39.73221518582,,6.6,65.4,49.8,57.6,
02805,EXCELENT,CZ,2021,26,5,5,3,22.242857142857144,3.5142857142857147,10.771428571428572,False,,,263.30253430782,,105.5,754.0,686.5,1514.5,
04000,SARIS,SK,2021,26,5,5,4,22.242857142857144,3.5142857142857147,10.771428571428572,False,,,221.57814991327996,,,159.6,170.2,260.55,
04002,SARIS,SK,2021,26,5,5,4,22.242857142857144,3.5142857142857147,10.771428571428572,False,,,,,0.75,6.9,,,
04003,SARIS,SK,2021,26,5,5,4,22.242857142857144,3.5142857142857147,10.771428571428572,False,,,91.86227876906,,16.8,123.3,180.9,117.3,
04005,SARIS,SK,2021,26,5,5,4,22.242857142857144,3.5142857142857147,10.771428571428572,False,,,993.4820503347601,,129.0,1051.5,1066.0,1519.5,
04203,SARIS,SK,2021,26,5,5,4,22.242857142857144,3.5142857142857147,10.771428571428572,False,,,120.24855566632,,33.9,160.2,154.8,177.3,
04205,SARIS,SK,2021,26,5,5,4,22.242857142857144,3.5142857142857147,10.771428571428572,False,,,757.4322263438401,,106.0,754.5,641.0,1208.0,
04303,SARIS,SK,2021,26,5,5,4,22.242857142857144,3.5142857142857147,10.771428571428572,False,,,48.94384490427999,,5.1,42.6,43.5,73.2,
04402,SARIS,SK,2021,26,5,5,4,22.242857142857144,3.5142857142857147,10.771428571428572,False,,,2.43081799502,,,,1.2,,
04403,SARIS,SK,2021,26,5,5,4,22.242857142857144,3.5142857142857147,10.771428571428572,False,,,75.55487630505999,,,,4.8,54.0,
05000,RADEGAST,CZ,2021,26,5,5,3,22.242857142857144,3.5142857142857147,10.771428571428572,False,,,854.77364234024,,197.18,947.1700000000001,865.83,1101.56,
05000,RADEGAST,SK,2021,26,5,5,4,22.242857142857144,3.5142857142857147,10.771428571428572,False,,,23.360351692099997,,15.0,30.0,15.0,10.0,
05002,RADEGAST,CZ,2021,26,5,5,3,22.242857142857144,3.5142857142857147,10.771428571428572,False,,,254.40071903124,,139.95,677.4,351.59999999999997,291.9,
05002,RADEGAST,SK,2021,26,5,5,4,22.242857142857144,3.5142857142857147,10.771428571428572,False,,,,,2.55,11.1,,,
05003,RADEGAST,CZ,2021,26,5,5,3,22.242857142857144,3.5142857142857147,10.771428571428572,False,,,608.0002473756401,,261.3,1165.5,975.3,752.4000000000001,
05003,RADEGAST,SK,2021,26,5,5,4,22.242857142857144,3.5142857142857147,10.771428571428572,False,,,44.71986951994,,7.2,110.1,77.39999999999999,62.4,
05005,RADEGAST,CZ,2021,26,5,5,3,22.242857142857144,3.5142857142857147,10.771428571428572,False,,,3964.7815286773402,,1000.5,6199.5,4857.5,5468.0,
05005,RADEGAST,SK,2021,26,5,5,4,22.242857142857144,3.5142857142857147,10.771428571428572,False,,,436.05840163741993,,138.0,570.0,503.5,627.5,
05100,RADEGAST,CZ,2021,26,5,5,3,22.242857142857144,3.5142857142857147,10.771428571428572,False,,,260.06634184224004,,71.93,275.3,276.86,389.1001,
05100,RADEGAST,SK,2021,26,5,5,4,22.242857142857144,3.5142857142857147,10.771428571428572,False,,,83.99442714340002,,10.0,75.0,90.0,90.0,
05103,RADEGAST,CZ,2021,26,5,5,3,22.242857142857144,3.5142857142857147,10.771428571428572,False,,,684.20086342748,,368.4,1430.1,940.8,869.7,
05103,RADEGAST,SK,2021,26,5,5,4,22.242857142857144,3.5142857142857147,10.771428571428572,False,,,67.85129748392,,30.0,159.6,124.5,113.1,
05105,RADEGAST,CZ,2021,26,5,5,3,22.242857142857144,3.5142857142857147,10.771428571428572,False,,,6066.148068144558,,1556.5,7747.5,6277.0,8392.0,
05105,RADEGAST,SK,2021,26,5,5,4,22.242857142857144,3.5142857142857147,10.771428571428572,False,,,1451.3026505162002,,434.5,1732.5,1262.5,2275.0,
05202,BIRELL,CZ,2021,26,5,5,3,22.242857142857144,3.5142857142857147,10.771428571428572,False,,,96.81258372774,,12.45,73.8,81.30000000000001,139.2,
05202,BIRELL,SK,2021,26,5,5,4,22.242857142857144,3.5142857142857147,10.771428571428572,False,,,24.3270531839,,3.15,21.45,21.15,37.95,
05203,BIRELL,CZ,2021,26,5,5,3,22.242857142857144,3.5142857142857147,10.771428571428572,False,,,659.17882684244,,127.5,542.7,549.6,950.7,
05203,BIRELL,SK,2021,26,5,5,4,22.242857142857144,3.5142857142857147,10.771428571428572,False,,,90.58018543290001,,11.7,64.2,59.7,113.1,
05603,RADEGAST,CZ,2021,26,5,5,3,22.242857142857144,3.5142857142857147,10.771428571428572,False,,,321.30332344922,,50.7,329.7,235.5,,
05903,RADEGAST,CZ,2021,26,5,5,3,22.242857142857144,3.5142857142857147,10.771428571428572,False,,,,,14.1,145.2,,,
06003,KOZEL,CZ,2021,26,5,5,3,22.242857142857144,3.5142857142857147,10.771428571428572,False,,,32.302383986020004,,3.3,33.0,61.2,26.1,
06005,KOZEL,CZ,2021,26,5,5,3,22.242857142857144,3.5142857142857147,10.771428571428572,False,,,250.5426640369,,9.5,94.5,148.0,174.0,
06005,KOZEL,SK,2021,26,5,5,4,22.242857142857144,3.5142857142857147,10.771428571428572,False,,,15.045607128800004,,,,,11.5,
06100,KOZEL,CZ,2021,26,5,5,3,22.242857142857144,3.5142857142857147,10.771428571428572,False,,,25.711426547360002,,,,47.39,84.92,
06103,KOZEL,CZ,2021,26,5,5,3,22.242857142857144,3.5142857142857147,10.771428571428572,False,,,178.42971336369996,,95.4,303.0,235.8,339.9,
06103,KOZEL,SK,2021,26,5,5,4,22.242857142857144,3.5142857142857147,10.771428571428572,False,,,29.945552721600002,,4.8,23.4,45.6,47.7,
06105,KOZEL,CZ,2021,26,5,5,3,22.242857142857144,3.5142857142857147,10.771428571428572,False,,,1071.5010769900202,,244.0,1227.5,1409.5,2116.5,
06105,KOZEL,SK,2021,26,5,5,4,22.242857142857144,3.5142857142857147,10.771428571428572,False,,,277.28521602329994,,50.5,220.5,198.0,451.0,
06202,KOZEL,CZ,2021,26,5,5,3,22.242857142857144,3.5142857142857147,10.771428571428572,False,,,46.92481479916,,7.95,43.5,41.55,72.75,
06203,KOZEL,CZ,2021,26,5,5,3,22.242857142857144,3.5142857142857147,10.771428571428572,False,,,493.43365309511995,,73.8,369.90000000000003,362.4,724.8,
06205,KOZEL,CZ,2021,26,5,5,3,22.242857142857144,3.5142857142857147,10.771428571428572,False,,,31.955587361779997,,3.0,18.0,21.0,38.0,
06500,KOZEL,CZ,2021,26,5,5,3,22.242857142857144,3.5142857142857147,10.771428571428572,False,,,622.99090783646,,150.35,653.88,702.4601,979.6700000000001,
06500,KOZEL,SK,2021,26,5,5,4,22.242857142857144,3.5142857142857147,10.771428571428572,False,,,45.67227185012,,,54.8,65.0,60.0,
06502,KOZEL,CZ,2021,26,5,5,3,22.242857142857144,3.5142857142857147,10.771428571428572,False,,,,,61.2,147.3,,,
06503,KOZEL,CZ,2021,26,5,5,3,22.242857142857144,3.5142857142857147,10.771428571428572,False,,,869.7816223100799,,269.1,1457.7,1212.9,1139.7,
06503,KOZEL,SK,2021,26,5,5,4,22.242857142857144,3.5142857142857147,10.771428571428572,False,,,31.242181761239994,,4.2,27.0,55.5,41.7,
06505,KOZEL,CZ,2021,26,5,5,3,22.242857142857144,3.5142857142857147,10.771428571428572,False,,,7350.624740115221,,1430.0,8669.5,7874.0,11155.5,
06505,KOZEL,SK,2021,26,5,5,4,22.242857142857144,3.5142857142857147,10.771428571428572,False,,,271.46297773363995,,39.5,247.5,252.0,448.5,
07005,TOPVAR,SK,2021,26,5,5,4,22.242857142857144,3.5142857142857147,10.771428571428572,False,,,257.02231901646,,27.0,200.5,252.0,483.0,
07105,TOPVAR,SK,2021,26,5,5,4,22.242857142857144,3.5142857142857147,10.771428571428572,False,,,58.53482575754,,8.5,48.0,54.5,133.0,
07205,TOPVAR,SK,2021,26,5,5,4,22.242857142857144,3.5142857142857147,10.771428571428572,False,,,157.6002496922,,22.0,110.0,142.0,274.0,
07303,TOPVAR,SK,2021,26,5,5,4,22.242857142857144,3.5142857142857147,10.771428571428572,False,,,46.5938595109,,9.0,57.6,22.2,73.8,
08202,MASTER,CZ,2021,26,5,5,3,22.242857142857144,3.5142857142857147,10.771428571428572,False,,,22.618085503819998,,3.0,21.0,23.85,36.9,
08302,MASTER,CZ,2021,26,5,5,3,22.242857142857144,3.5142857142857147,10.771428571428572,False,,,17.589189389519998,,2.25,12.9,15.75,25.5,
08302,MASTER,SK,2021,26,5,5,4,22.242857142857144,3.5142857142857147,10.771428571428572,False,,,50.810207908200006,,3.0,15.75,18.3,18.6,
09303,MASTER,CZ,2021,26,5,5,3,22.242857142857144,3.5142857142857147,10.771428571428572,False,,,17.928582921620002,,,,,,
11202,BIRELL,CZ,2021,26,5,5,3,22.242857142857144,3.5142857142857147,10.771428571428572,False,,,171.78511178022,,33.15,212.85,119.85,164.85,
11202,BIRELL,SK,2021,26,5,5,4,22.242857142857144,3.5142857142857147,10.771428571428572,False,,,100.48182945648,,9.75,150.15,90.44999999999999,61.95,
11203,BIRELL,CZ,2021,26,5,5,3,22.242857142857144,3.5142857142857147,10.771428571428572,False,,,2667.79147629054,,330.3,1782.0,980.7,2231.1,
11203,BIRELL,SK,2021,26,5,5,4,22.242857142857144,3.5142857142857147,10.771428571428572,False,,,760.20723057348,,120.9,737.4,435.9,956.4,
11205,BIRELL,CZ,2021,26,5,5,3,22.242857142857144,3.5142857142857147,10.771428571428572,False,,,,,132.5,814.0,280.5,,
11205,BIRELL,SK,2021,26,5,5,4,22.242857142857144,3.5142857142857147,10.771428571428572,False,,,220.03581167151998,,41.0,305.5,121.0,378.8575,
15002,KINGSWOOD,CZ,2021,26,5,5,3,22.242857142857144,3.5142857142857147,10.771428571428572,False,,,42.055904755000014,,10.251,47.583,45.747,71.145,
15003,KINGSWOOD,CZ,2021,26,5,5,3,22.242857142857144,3.5142857142857147,10.771428571428572,False,,,212.06592087276,,36.6,187.8,141.6,356.09999999999997,
15202,KINGSWOOD,CZ,2021,26,5,5,3,22.242857142857144,3.5142857142857147,10.771428571428572,False,,,4.19666848182,,,,,17.442,
20105,SWIST,CZ,2021,26,5,5,3,22.242857142857144,3.5142857142857147,10.771428571428572,False,,,204.19999999997995,,18.0,169.5,162.0,259.0,
20205,SWIST,CZ,2021,26,5,5,3,22.242857142857144,3.5142857142857147,10.771428571428572,False,,,669.3624913776799,,140.0,660.5,473.5,925.5,
21005,SWIST,SK,2021,26,5,5,4,22.242857142857144,3.5142857142857147,10.771428571428572,False,,,468.86471297356,,73.5,429.5,418.5,607.0,
01000,PILSNER URQUELL,CZ,2021,27,3,5,5,20.71785714285714,1.7857142857142856,8.882142857142856,False,,,2973.318796872375,,,505.34999999999997,2886.5901,2494.46,
01000,PILSNER URQUELL,SK,2021,27,4,5,5,20.71785714285714,1.7857142857142856,8.882142857142856,False,,,443.1238463981501,,,,485.0,420.0,
01002,PILSNER URQUELL,CZ,2021,27,3,5,5,20.71785714285714,1.7857142857142856,8.882142857142856,False,,,1003.284301517825,,,192.9,1133.1,907.8,
01002,PILSNER URQUELL,SK,2021,27,4,5,5,20.71785714285714,1.7857142857142856,8.882142857142856,False,,,115.601396317775,,,37.05,162.75,101.4,
01003,PILSNER URQUELL,CZ,2021,27,3,5,5,20.71785714285714,1.7857142857142856,8.882142857142856,False,,,3272.442887403775,,,876.9,4436.7,1749.9,
01003,PILSNER URQUELL,SK,2021,27,4,5,5,20.71785714285714,1.7857142857142856,8.882142857142856,False,,,623.6998495407249,,,137.1,829.8,621.6,
01005,PILSNER URQUELL,CZ,2021,27,3,5,5,20.71785714285714,1.7857142857142856,8.882142857142856,False,,,10711.535009642252,,,2159.0,13855.0,11213.0,
01005,PILSNER URQUELL,SK,2021,27,4,5,5,20.71785714285714,1.7857142857142856,8.882142857142856,False,,,1596.269077005075,,,314.5,2011.5,1485.5,
02003,GAMBRINUS,CZ,2021,27,3,5,5,20.71785714285714,1.7857142857142856,8.882142857142856,False,,,244.10373993987506,,,10.8,129.0,147.9,
02300,GAMBRINUS,CZ,2021,27,3,5,5,20.71785714285714,1.7857142857142856,8.882142857142856,False,,,363.35308621165,,,58.31,357.4501,337.0001,
02302,GAMBRINUS,CZ,2021,27,3,5,5,20.71785714285714,1.7857142857142856,8.882142857142856,False,,,,,,22.5,,,
02303,GAMBRINUS,CZ,2021,27,3,5,5,20.71785714285714,1.7857142857142856,8.882142857142856,False,,,468.00342605674996,,,77.7,480.0,351.9,
02305,GAMBRINUS,CZ,2021,27,3,5,5,20.71785714285714,1.7857142857142856,8.882142857142856,False,,,3240.278188889625,,,341.5,2784.5,2130.5,
02500,GAMBRINUS,CZ,2021,27,3,5,5,20.71785714285714,1.7857142857142856,8.882142857142856,False,,,285.499225228325,,,53.32,360.73,276.46,
02503,GAMBRINUS,CZ,2021,27,3,5,5,20.71785714285714,1.7857142857142856,8.882142857142856,False,,,101.12333086290002,,,22.5,145.2,132.3,
02503,GAMBRINUS,SK,2021,27,4,5,5,20.71785714285714,1.7857142857142856,8.882142857142856,False,,,26.526232868824998,,,8.1,33.3,36.6,
02505,GAMBRINUS,CZ,2021,27,3,5,5,20.71785714285714,1.7857142857142856,8.882142857142856,False,,,717.0065305229001,,,155.0,1121.5,959.0,
02600,GAMBRINUS,CZ,2021,27,3,5,5,20.71785714285714,1.7857142857142856,8.882142857142856,False,,,1121.7640174834,,,152.11,986.4499999999999,1050.5001,
02600,GAMBRINUS,SK,2021,27,4,5,5,20.71785714285714,1.7857142857142856,8.882142857142856,False,,,135.19389180385,,,5.0,145.0,175.0,
02603,GAMBRINUS,CZ,2021,27,3,5,5,20.71785714285714,1.7857142857142856,8.882142857142856,False,,,749.7101264999,,,141.0,834.6,861.6,
02603,GAMBRINUS,SK,2021,27,4,5,5,20.71785714285714,1.7857142857142856,8.882142857142856,False,,,183.69892967427498,,,29.7,198.0,192.0,
02605,GAMBRINUS,CZ,2021,27,3,5,5,20.71785714285714,1.7857142857142856,8.882142857142856,False,,,6998.5638889207985,,,1026.0,7709.5,6326.0,
02605,GAMBRINUS,SK,2021,27,4,5,5,20.71785714285714,1.7857142857142856,8.882142857142856,False,,,1166.4797348033499,,,249.5,1192.5,1049.5,
02803,EXCELENT,CZ,2021,27,3,5,5,20.71785714285714,1.7857142857142856,8.882142857142856,False,,,77.44801034162501,,,72.3,313.5,220.2,
02803,EXCELENT,SK,2021,27,4,5,5,20.71785714285714,1.7857142857142856,8.882142857142856,False,,,45.136505529675006,,,6.6,62.4,45.0,
02805,EXCELENT,CZ,2021,27,3,5,5,20.71785714285714,1.7857142857142856,8.882142857142856,False,,,322.64403260975007,,,105.5,1116.5,1445.0,
04000,SARIS,SK,2021,27,4,5,5,20.71785714285714,1.7857142857142856,8.882142857142856,False,,,228.019572826125,,,,204.4,219.8,
04002,SARIS,SK,2021,27,4,5,5,20.71785714285714,1.7857142857142856,8.882142857142856,False,,,,,,0.75,,,
04003,SARIS,SK,2021,27,4,5,5,20.71785714285714,1.7857142857142856,8.882142857142856,False,,,106.1719248815,,,16.8,133.8,124.2,
04005,SARIS,SK,2021,27,4,5,5,20.71785714285714,1.7857142857142856,8.882142857142856,False,,,1206.8663568971501,,,129.0,1171.0,1271.5,
04203,SARIS,SK,2021,27,4,5,5,20.71785714285714,1.7857142857142856,8.882142857142856,False,,,140.644731842025,,,33.9,159.3,153.6,
04205,SARIS,SK,2021,27,4,5,5,20.71785714285714,1.7857142857142856,8.882142857142856,False,,,965.4166993493501,,,106.0,808.0,1141.5,
04303,SARIS,SK,2021,27,4,5,5,20.71785714285714,1.7857142857142856,8.882142857142856,False,,,66.8373772616,,,5.1,58.8,80.1,
04402,SARIS,SK,2021,27,4,5,5,20.71785714285714,1.7857142857142856,8.882142857142856,False,,,1.7345815874500001,,,,2.7,,
04403,SARIS,SK,2021,27,4,5,5,20.71785714285714,1.7857142857142856,8.882142857142856,False,,,53.9179168261,,,,6.0,42.9,
05000,RADEGAST,CZ,2021,27,3,5,5,20.71785714285714,1.7857142857142856,8.882142857142856,False,,,1186.710229982325,,,197.18,993.03,1116.4001,
05000,RADEGAST,SK,2021,27,4,5,5,20.71785714285714,1.7857142857142856,8.882142857142856,False,,,35.231176783425006,,,15.0,30.0,20.0,
05002,RADEGAST,CZ,2021,27,3,5,5,20.71785714285714,1.7857142857142856,8.882142857142856,False,,,366.63523897544997,,,139.95,473.4,306.0,
05002,RADEGAST,SK,2021,27,4,5,5,20.71785714285714,1.7857142857142856,8.882142857142856,False,,,,,,2.55,,,
05003,RADEGAST,CZ,2021,27,3,5,5,20.71785714285714,1.7857142857142856,8.882142857142856,False,,,785.2201550566749,,,261.3,1200.0,730.2,
05003,RADEGAST,SK,2021,27,4,5,5,20.71785714285714,1.7857142857142856,8.882142857142856,False,,,58.224679219775,,,7.2,85.5,61.5,
05005,RADEGAST,CZ,2021,27,3,5,5,20.71785714285714,1.7857142857142856,8.882142857142856,False,,,5362.929263538099,,,1000.5,6918.0,5235.0,
05005,RADEGAST,SK,2021,27,4,5,5,20.71785714285714,1.7857142857142856,8.882142857142856,False,,,540.5865409907,,,138.0,538.5,458.5,
05100,RADEGAST,CZ,2021,27,3,5,5,20.71785714285714,1.7857142857142856,8.882142857142856,False,,,659.495153484325,,,71.93,297.57,392.96999999999997,
05100,RADEGAST,SK,2021,27,4,5,5,20.71785714285714,1.7857142857142856,8.882142857142856,False,,,120.10915164465,,,10.0,100.0,100.0,
05103,RADEGAST,CZ,2021,27,3,5,5,20.71785714285714,1.7857142857142856,8.882142857142856,False,,,910.777725109225,,,368.4,1292.1000000000001,863.7,
05103,RADEGAST,SK,2021,27,4,5,5,20.71785714285714,1.7857142857142856,8.882142857142856,False,,,91.386747518675,,,30.0,98.39999999999999,105.3,
05105,RADEGAST,CZ,2021,27,3,5,5,20.71785714285714,1.7857142857142856,8.882142857142856,False,,,7546.562738107427,,,1556.5,8463.5,6884.5,
05105,RADEGAST,SK,2021,27,4,5,5,20.71785714285714,1.7857142857142856,8.882142857142856,False,,,1651.7983518543751,,,434.5,1540.0,1407.0,
05202,BIRELL,CZ,2021,27,3,5,5,20.71785714285714,1.7857142857142856,8.882142857142856,False,,,105.123261099525,,,12.45,95.1,108.45,
05202,BIRELL,SK,2021,27,4,5,5,20.71785714285714,1.7857142857142856,8.882142857142856,False,,,30.835412334325,,,3.15,25.2,29.4,
05203,BIRELL,CZ,2021,27,3,5,5,20.71785714285714,1.7857142857142856,8.882142857142856,False,,,803.5185300811249,,,127.5,744.6,837.3,
05203,BIRELL,SK,2021,27,4,5,5,20.71785714285714,1.7857142857142856,8.882142857142856,False,,,101.98849916555,,,11.7,88.5,98.4,
05603,RADEGAST,CZ,2021,27,3,5,5,20.71785714285714,1.7857142857142856,8.882142857142856,False,,,400.64320982555006,,,50.7,465.9,,
05903,RADEGAST,CZ,2021,27,3,5,5,20.71785714285714,1.7857142857142856,8.882142857142856,False,,,,,,14.1,,,
06003,KOZEL,CZ,2021,27,3,5,5,20.71785714285714,1.7857142857142856,8.882142857142856,False,,,43.435128791050005,,,3.3,44.4,18.6,
06005,KOZEL,CZ,2021,27,3,5,5,20.71785714285714,1.7857142857142856,8.882142857142856,False,,,305.5611140279,,,9.5,152.0,144.5,
06005,KOZEL,SK,2021,27,4,5,5,20.71785714285714,1.7857142857142856,8.882142857142856,False,,,18.147008390049997,,,,,11.0,
06100,KOZEL,CZ,2021,27,3,5,5,20.71785714285714,1.7857142857142856,8.882142857142856,False,,,32.6030770585,,,,18.98,37.85,
06103,KOZEL,CZ,2021,27,3,5,5,20.71785714285714,1.7857142857142856,8.882142857142856,False,,,241.90792434802503,,,95.4,368.1,290.7,
06103,KOZEL,SK,2021,27,4,5,5,20.71785714285714,1.7857142857142856,8.882142857142856,False,,,42.77858440645001,,,4.8,29.4,52.8,
06105,KOZEL,CZ,2021,27,3,5,5,20.71785714285714,1.7857142857142856,8.882142857142856,False,,,1485.6252154983997,,,244.0,1671.0,1834.5,
06105,KOZEL,SK,2021,27,4,5,5,20.71785714285714,1.7857142857142856,8.882142857142856,False,,,330.7916222413,,,50.5,251.5,349.0,
06202,KOZEL,CZ,2021,27,3,5,5,20.71785714285714,1.7857142857142856,8.882142857142856,False,,,60.65785499992501,,,7.95,54.15,54.6,
06203,KOZEL,CZ,2021,27,3,5,5,20.71785714285714,1.7857142857142856,8.882142857142856,False,,,623.8513715929503,,,73.8,496.8,622.5,
06205,KOZEL,CZ,2021,27,3,5,5,20.71785714285714,1.7857142857142856,8.882142857142856,False,,,45.42499073695,,,3.0,21.5,40.5,
06500,KOZEL,CZ,2021,27,3,5,5,20.71785714285714,1.7857142857142856,8.882142857142856,False,,,786.9649320750748,,,150.35,785.3301,866.8399999999999,
06500,KOZEL,SK,2021,27,4,5,5,20.71785714285714,1.7857142857142856,8.882142857142856,False,,,61.894548839749994,,,,65.0,45.0,
06502,KOZEL,CZ,2021,27,3,5,5,20.71785714285714,1.7857142857142856,8.882142857142856,False,,,,,,61.2,,,
06503,KOZEL,CZ,2021,27,3,5,5,20.71785714285714,1.7857142857142856,8.882142857142856,False,,,1071.9123658862,,,269.1,1541.1,914.7,
06503,KOZEL,SK,2021,27,4,5,5,20.71785714285714,1.7857142857142856,8.882142857142856,False,,,37.71654903164999,,,4.2,65.7,29.7,
06505,KOZEL,CZ,2021,27,3,5,5,20.71785714285714,1.7857142857142856,8.882142857142856,False,,,8569.43557882525,,,1430.0,10745.0,8452.5,
06505,KOZEL,SK,2021,27,4,5,5,20.71785714285714,1.7857142857142856,8.882142857142856,False,,,362.61705280075006,,,39.5,289.0,387.5,
07005,TOPVAR,SK,2021,27,4,5,5,20.71785714285714,1.7857142857142856,8.882142857142856,False,,,290.02032677077506,,,27.0,250.0,257.0,
07105,TOPVAR,SK,2021,27,4,5,5,20.71785714285714,1.7857142857142856,8.882142857142856,False,,,62.682230428025,,,8.5,94.5,75.5,
07205,TOPVAR,SK,2021,27,4,5,5,20.71785714285714,1.7857142857142856,8.882142857142856,False,,,171.597819347275,,,22.0,152.0,209.0,
07303,TOPVAR,SK,2021,27,4,5,5,20.71785714285714,1.7857142857142856,8.882142857142856,False,,,53.937690343374996,,,9.0,56.1,39.6,
08202,MASTER,CZ,2021,27,3,5,5,20.71785714285714,1.7857142857142856,8.882142857142856,False,,,31.712910178025002,,,3.0,36.75,31.2,
08302,MASTER,CZ,2021,27,3,5,5,20.71785714285714,1.7857142857142856,8.882142857142856,False,,,22.568466836924994,,,2.25,18.75,18.75,
08302,MASTER,SK,2021,27,4,5,5,20.71785714285714,1.7857142857142856,8.882142857142856,False,,,69.78306247094999,,,3.0,19.65,13.8,
09303,MASTER,CZ,2021,27,3,5,5,20.71785714285714,1.7857142857142856,8.882142857142856,False,,,13.662196155100002,,,,,,
11202,BIRELL,CZ,2021,27,3,5,5,20.71785714285714,1.7857142857142856,8.882142857142856,False,,,230.39917272084998,,,33.15,181.35,145.5,
11202,BIRELL,SK,2021,27,4,5,5,20.71785714285714,1.7857142857142856,8.882142857142856,False,,,82.69019289525,,,9.75,95.55,48.9,
11203,BIRELL,CZ,2021,27,3,5,5,20.71785714285714,1.7857142857142856,8.882142857142856,False,,,3014.7466258841996,,,330.3,1651.5,1766.1,
11203,BIRELL,SK,2021,27,4,5,5,20.71785714285714,1.7857142857142856,8.882142857142856,False,,,882.582381417325,,,120.9,793.8,901.5,
11205,BIRELL,CZ,2021,27,3,5,5,20.71785714285714,1.7857142857142856,8.882142857142856,False,,,879.1651567581248,,,132.5,680.0,175.0,
11205,BIRELL,SK,2021,27,4,5,5,20.71785714285714,1.7857142857142856,8.882142857142856,False,,,337.82113644169993,,,41.0,274.0,422.0,
15002,KINGSWOOD,CZ,2021,27,3,5,5,20.71785714285714,1.7857142857142856,8.882142857142856,False,,,60.67469510585,,,10.251,58.752,110.16000000000001,
15003,KINGSWOOD,CZ,2021,27,3,5,5,20.71785714285714,1.7857142857142856,8.882142857142856,False,,,314.2152619709251,,,36.6,266.7,398.1,
15202,KINGSWOOD,CZ,2021,27,3,5,5,20.71785714285714,1.7857142857142856,8.882142857142856,False,,,23.9498850942,,,,,61.353,
20105,SWIST,CZ,2021,27,3,5,5,20.71785714285714,1.7857142857142856,8.882142857142856,False,,,255.24061246862502,,,18.0,258.0,256.5,
20205,SWIST,CZ,2021,27,3,5,5,20.71785714285714,1.7857142857142856,8.882142857142856,False,,,534.7020987704501,,,140.0,836.5,828.0,
21005,SWIST,SK,2021,27,4,5,5,20.71785714285714,1.7857142857142856,8.882142857142856,False,,,,,,73.5,535.0,688.5,
01000,PILSNER URQUELL,CZ,2021,28,5,3,5,17.367857142857144,2.2392857142857143,5.017857142857142,False,,,2973.318796872375,,,,2401.23,2709.54,
01000,PILSNER URQUELL,SK,2021,28,5,4,5,17.367857142857144,2.2392857142857143,5.017857142857142,False,,,443.1238463981501,,,,545.0,395.0,
01002,PILSNER URQUELL,CZ,2021,28,5,3,5,17.367857142857144,2.2392857142857143,5.017857142857142,False,,,1003.284301517825,,,,850.2,845.4,
01002,PILSNER URQUELL,SK,2021,28,5,4,5,17.367857142857144,2.2392857142857143,5.017857142857142,False,,,115.601396317775,,,,134.4,106.95,
01003,PILSNER URQUELL,CZ,2021,28,5,3,5,17.367857142857144,2.2392857142857143,5.017857142857142,False,,,3272.442887403775,,,,3720.6,2782.5,
01003,PILSNER URQUELL,SK,2021,28,5,4,5,17.367857142857144,2.2392857142857143,5.017857142857142,False,,,623.6998495407249,,,,795.9,636.6,
01005,PILSNER URQUELL,CZ,2021,28,5,3,5,17.367857142857144,2.2392857142857143,5.017857142857142,False,,,10711.535009642252,,,,11585.5,10070.0,
01005,PILSNER URQUELL,SK,2021,28,5,4,5,17.367857142857144,2.2392857142857143,5.017857142857142,False,,,1596.269077005075,,,,2132.0,1468.5,
02003,GAMBRINUS,CZ,2021,28,5,3,5,17.367857142857144,2.2392857142857143,5.017857142857142,False,,,244.10373993987506,,,,124.2,140.7,
02300,GAMBRINUS,CZ,2021,28,5,3,5,17.367857142857144,2.2392857142857143,5.017857142857142,False,,,363.35308621165,,,,275.7102,355.72,
02302,GAMBRINUS,CZ,2021,28,5,3,5,17.367857142857144,2.2392857142857143,5.017857142857142,False,,,,,,,,,
02303,GAMBRINUS,CZ,2021,28,5,3,5,17.367857142857144,2.2392857142857143,5.017857142857142,False,,,468.00342605674996,,,,376.20000000000005,319.8,
02305,GAMBRINUS,CZ,2021,28,5,3,5,17.367857142857144,2.2392857142857143,5.017857142857142,False,,,3240.278188889625,,,,2229.5,2630.5,
02500,GAMBRINUS,CZ,2021,28,5,3,5,17.367857142857144,2.2392857142857143,5.017857142857142,False,,,285.499225228325,,,,235.59,384.79,
02503,GAMBRINUS,CZ,2021,28,5,3,5,17.367857142857144,2.2392857142857143,5.017857142857142,False,,,101.12333086290002,,,,111.0,121.2,
02503,GAMBRINUS,SK,2021,28,5,4,5,17.367857142857144,2.2392857142857143,5.017857142857142,False,,,26.526232868824998,,,,35.1,24.9,
02505,GAMBRINUS,CZ,2021,28,5,3,5,17.367857142857144,2.2392857142857143,5.017857142857142,False,,,717.0065305229001,,,,912.5,940.5,
02600,GAMBRINUS,CZ,2021,28,5,3,5,17.367857142857144,2.2392857142857143,5.017857142857142,False,,,1121.7640174834,,,,854.16,1121.8500000000001,
02600,GAMBRINUS,SK,2021,28,5,4,5,17.367857142857144,2.2392857142857143,5.017857142857142,False,,,135.19389180385,,,,150.0,155.0,
02603,GAMBRINUS,CZ,2021,28,5,3,5,17.367857142857144,2.2392857142857143,5.017857142857142,False,,,749.7101264999,,,,731.4,661.8,
02603,GAMBRINUS,SK,2021,28,5,4,5,17.367857142857144,2.2392857142857143,5.017857142857142,False,,,183.69892967427498,,,,166.5,182.1,
02605,GAMBRINUS,CZ,2021,28,5,3,5,17.367857142857144,2.2392857142857143,5.017857142857142,False,,,6998.5638889207985,,,,6468.5,8058.5,
02605,GAMBRINUS,SK,2021,28,5,4,5,17.367857142857144,2.2392857142857143,5.017857142857142,False,,,1166.4797348033499,,,,1164.5,1092.0,
02803,EXCELENT,CZ,2021,28,5,3,5,17.367857142857144,2.2392857142857143,5.017857142857142,False,,,77.44801034162501,,,,257.7,214.5,
02803,EXCELENT,SK,2021,28,5,4,5,17.367857142857144,2.2392857142857143,5.017857142857142,False,,,45.136505529675006,,,,65.4,36.6,
02805,EXCELENT,CZ,2021,28,5,3,5,17.367857142857144,2.2392857142857143,5.017857142857142,False,,,322.64403260975007,,,,766.0,705.0,
04000,SARIS,SK,2021,28,5,4,5,17.367857142857144,2.2392857142857143,5.017857142857142,False,,,228.019572826125,,,,182.0,169.8,
04002,SARIS,SK,2021,28,5,4,5,17.367857142857144,2.2392857142857143,5.017857142857142,False,,,,,,,,,
04003,SARIS,SK,2021,28,5,4,5,17.367857142857144,2.2392857142857143,5.017857142857142,False,,,106.1719248815,,,,125.1,95.7,
04005,SARIS,SK,2021,28,5,4,5,17.367857142857144,2.2392857142857143,5.017857142857142,False,,,1206.8663568971501,,,,1399.5,1217.5,
04203,SARIS,SK,2021,28,5,4,5,17.367857142857144,2.2392857142857143,5.017857142857142,False,,,140.644731842025,,,,176.7,141.0,
04205,SARIS,SK,2021,28,5,4,5,17.367857142857144,2.2392857142857143,5.017857142857142,False,,,965.4166993493501,,,,966.5,1035.5,
04303,SARIS,SK,2021,28,5,4,5,17.367857142857144,2.2392857142857143,5.017857142857142,False,,,66.8373772616,,,,56.1,70.5,
04402,SARIS,SK,2021,28,5,4,5,17.367857142857144,2.2392857142857143,5.017857142857142,False,,,1.7345815874500001,,,,3.0,,
04403,SARIS,SK,2021,28,5,4,5,17.367857142857144,2.2392857142857143,5.017857142857142,False,,,53.9179168261,,,,4.2,22.8,
05000,RADEGAST,CZ,2021,28,5,3,5,17.367857142857144,2.2392857142857143,5.017857142857142,False,,,1186.710229982325,,,,882.76,1057.1301,
05000,RADEGAST,SK,2021,28,5,4,5,17.367857142857144,2.2392857142857143,5.017857142857142,False,,,35.231176783425006,,,,30.0,15.0,
05002,RADEGAST,CZ,2021,28,5,3,5,17.367857142857144,2.2392857142857143,5.017857142857142,False,,,366.63523897544997,,,,423.15,267.0,
05002,RADEGAST,SK,2021,28,5,4,5,17.367857142857144,2.2392857142857143,5.017857142857142,False,,,,,,,,,
05003,RADEGAST,CZ,2021,28,5,3,5,17.367857142857144,2.2392857142857143,5.017857142857142,False,,,785.2201550566749,,,,974.6999999999999,711.3000000000001,
05003,RADEGAST,SK,2021,28,5,4,5,17.367857142857144,2.2392857142857143,5.017857142857142,False,,,58.224679219775,,,,99.0,49.8,
05005,RADEGAST,CZ,2021,28,5,3,5,17.367857142857144,2.2392857142857143,5.017857142857142,False,,,5362.929263538099,,,,5430.0,4607.5,
05005,RADEGAST,SK,2021,28,5,4,5,17.367857142857144,2.2392857142857143,5.017857142857142,False,,,540.5865409907,,,,600.0,534.0,
05100,RADEGAST,CZ,2021,28,5,3,5,17.367857142857144,2.2392857142857143,5.017857142857142,False,,,659.495153484325,,,,252.36999999999998,905.94,
05100,RADEGAST,SK,2021,28,5,4,5,17.367857142857144,2.2392857142857143,5.017857142857142,False,,,120.10915164465,,,,95.0,80.0,
05103,RADEGAST,CZ,2021,28,5,3,5,17.367857142857144,2.2392857142857143,5.017857142857142,False,,,910.777725109225,,,,1306.2,751.8,
05103,RADEGAST,SK,2021,28,5,4,5,17.367857142857144,2.2392857142857143,5.017857142857142,False,,,91.386747518675,,,,177.9,98.1,
05105,RADEGAST,CZ,2021,28,5,3,5,17.367857142857144,2.2392857142857143,5.017857142857142,False,,,7546.562738107427,,,,8448.0,6946.5,
05105,RADEGAST,SK,2021,28,5,4,5,17.367857142857144,2.2392857142857143,5.017857142857142,False,,,1651.7983518543751,,,,1839.0,1426.0,
05202,BIRELL,CZ,2021,28,5,3,5,17.367857142857144,2.2392857142857143,5.017857142857142,False,,,105.123261099525,,,,76.95,104.85,
05202,BIRELL,SK,2021,28,5,4,5,17.367857142857144,2.2392857142857143,5.017857142857142,False,,,30.835412334325,,,,31.200000000000003,29.4,
05203,BIRELL,CZ,2021,28,5,3,5,17.367857142857144,2.2392857142857143,5.017857142857142,False,,,803.5185300811249,,,,608.7,759.0,
05203,BIRELL,SK,2021,28,5,4,5,17.367857142857144,2.2392857142857143,5.017857142857142,False,,,101.98849916555,,,,78.89999999999999,116.1,
05603,RADEGAST,CZ,2021,28,5,3,5,17.367857142857144,2.2392857142857143,5.017857142857142,False,,,400.64320982555006,,,,333.6,,
05903,RADEGAST,CZ,2021,28,5,3,5,17.367857142857144,2.2392857142857143,5.017857142857142,False,,,,,,,,,
06003,KOZEL,CZ,2021,28,5,3,5,17.367857142857144,2.2392857142857143,5.017857142857142,False,,,43.435128791050005,,,,26.1,22.8,
06005,KOZEL,CZ,2021,28,5,3,5,17.367857142857144,2.2392857142857143,5.017857142857142,False,,,305.5611140279,,,,128.5,157.5,
06005,KOZEL,SK,2021,28,5,4,5,17.367857142857144,2.2392857142857143,5.017857142857142,False,,,18.147008390049997,,,,,8.0,
06100,KOZEL,CZ,2021,28,5,3,5,17.367857142857144,2.2392857142857143,5.017857142857142,False,,,32.6030770585,,,,47.21,46.77,
06103,KOZEL,CZ,2021,28,5,3,5,17.367857142857144,2.2392857142857143,5.017857142857142,False,,,241.90792434802503,,,,265.5,265.5,
06103,KOZEL,SK,2021,28,5,4,5,17.367857142857144,2.2392857142857143,5.017857142857142,False,,,42.77858440645001,,,,41.1,54.0,
06105,KOZEL,CZ,2021,28,5,3,5,17.367857142857144,2.2392857142857143,5.017857142857142,False,,,1485.6252154983997,,,,1348.0,1781.5,
06105,KOZEL,SK,2021,28,5,4,5,17.367857142857144,2.2392857142857143,5.017857142857142,False,,,330.7916222413,,,,259.5,332.5,
06202,KOZEL,CZ,2021,28,5,3,5,17.367857142857144,2.2392857142857143,5.017857142857142,False,,,60.65785499992501,,,,40.5,64.5,
06203,KOZEL,CZ,2021,28,5,3,5,17.367857142857144,2.2392857142857143,5.017857142857142,False,,,623.8513715929503,,,,411.6,570.9,
06205,KOZEL,CZ,2021,28,5,3,5,17.367857142857144,2.2392857142857143,5.017857142857142,False,,,45.42499073695,,,,21.0,45.5,
06500,KOZEL,CZ,2021,28,5,3,5,17.367857142857144,2.2392857142857143,5.017857142857142,False,,,786.9649320750748,,,,652.52,784.75,
06500,KOZEL,SK,2021,28,5,4,5,17.367857142857144,2.2392857142857143,5.017857142857142,False,,,61.894548839749994,,,,55.0,75.0,
06502,KOZEL,CZ,2021,28,5,3,5,17.367857142857144,2.2392857142857143,5.017857142857142,False,,,,,,,,,
06503,KOZEL,CZ,2021,28,5,3,5,17.367857142857144,2.2392857142857143,5.017857142857142,False,,,1071.9123658862,,,,1233.3,977.7,
06503,KOZEL,SK,2021,28,5,4,5,17.367857142857144,2.2392857142857143,5.017857142857142,False,,,37.71654903164999,,,,59.699999999999996,37.5,
06505,KOZEL,CZ,2021,28,5,3,5,17.367857142857144,2.2392857142857143,5.017857142857142,False,,,8569.43557882525,,,,8308.0,7869.5,
06505,KOZEL,SK,2021,28,5,4,5,17.367857142857144,2.2392857142857143,5.017857142857142,False,,,362.61705280075006,,,,345.5,357.5,
07005,TOPVAR,SK,2021,28,5,4,5,17.367857142857144,2.2392857142857143,5.017857142857142,False,,,290.02032677077506,,,,240.0,296.5,
07105,TOPVAR,SK,2021,28,5,4,5,17.367857142857144,2.2392857142857143,5.017857142857142,False,,,62.682230428025,,,,90.5,132.5,
07205,TOPVAR,SK,2021,28,5,4,5,17.367857142857144,2.2392857142857143,5.017857142857142,False,,,171.597819347275,,,,171.5,139.5,
07303,TOPVAR,SK,2021,28,5,4,5,17.367857142857144,2.2392857142857143,5.017857142857142,False,,,53.937690343374996,,,,66.3,56.4,
08202,MASTER,CZ,2021,28,5,3,5,17.367857142857144,2.2392857142857143,5.017857142857142,False,,,31.712910178025002,,,,25.8,37.05,
08302,MASTER,CZ,2021,28,5,3,5,17.367857142857144,2.2392857142857143,5.017857142857142,False,,,22.568466836924994,,,,14.7,23.85,
08302,MASTER,SK,2021,28,5,4,5,17.367857142857144,2.2392857142857143,5.017857142857142,False,,,69.78306247094999,,,,22.65,23.1,
09303,MASTER,CZ,2021,28,5,3,5,17.367857142857144,2.2392857142857143,5.017857142857142,False,,,13.662196155100002,,,,,,
11202,BIRELL,CZ,2021,28,5,3,5,17.367857142857144,2.2392857142857143,5.017857142857142,False,,,230.39917272084998,,,,150.0,172.8,
11202,BIRELL,SK,2021,28,5,4,5,17.367857142857144,2.2392857142857143,5.017857142857142,False,,,82.69019289525,,,,102.0,52.5,
11203,BIRELL,CZ,2021,28,5,3,5,17.367857142857144,2.2392857142857143,5.017857142857142,False,,,3014.7466258841996,,,,1530.0,1209.8999999999999,
11203,BIRELL,SK,2021,28,5,4,5,17.367857142857144,2.2392857142857143,5.017857142857142,False,,,882.582381417325,,,,901.8,807.6,
11205,BIRELL,CZ,2021,28,5,3,5,17.367857142857144,2.2392857142857143,5.017857142857142,False,,,879.1651567581248,,,,583.5,550.0,
11205,BIRELL,SK,2021,28,5,4,5,17.367857142857144,2.2392857142857143,5.017857142857142,False,,,337.82113644169993,,,,320.0,300.5,
15002,KINGSWOOD,CZ,2021,28,5,3,5,17.367857142857144,2.2392857142857143,5.017857142857142,False,,,60.67469510585,,,,38.097,51.561,
15003,KINGSWOOD,CZ,2021,28,5,3,5,17.367857142857144,2.2392857142857143,5.017857142857142,False,,,314.2152619709251,,,,136.8,267.6,
15202,KINGSWOOD,CZ,2021,28,5,3,5,17.367857142857144,2.2392857142857143,5.017857142857142,False,,,23.9498850942,,,,,17.442,
20105,SWIST,CZ,2021,28,5,3,5,17.367857142857144,2.2392857142857143,5.017857142857142,False,,,255.24061246862502,,,,171.0,257.5,
20205,SWIST,CZ,2021,28,5,3,5,17.367857142857144,2.2392857142857143,5.017857142857142,False,,,534.7020987704501,,,,629.5,789.5,
21005,SWIST,SK,2021,28,5,4,5,17.367857142857144,2.2392857142857143,5.017857142857142,False,,,,,,,621.5,590.0,
01000,PILSNER URQUELL,CZ,2021,29,5,5,5,18.417857142857144,3.1500000000000004,6.932142857142857,False,,,2973.318796872375,,,,2643.9012,2878.1,
01000,PILSNER URQUELL,SK,2021,29,5,5,5,18.417857142857144,3.1500000000000004,6.932142857142857,False,,,443.1238463981501,,,,440.0,360.0,
01002,PILSNER URQUELL,CZ,2021,29,5,5,5,18.417857142857144,3.1500000000000004,6.932142857142857,False,,,1003.284301517825,,,,939.45,658.35,
01002,PILSNER URQUELL,SK,2021,29,5,5,5,18.417857142857144,3.1500000000000004,6.932142857142857,False,,,115.601396317775,,,,121.8,103.5,
01003,PILSNER URQUELL,CZ,2021,29,5,5,5,18.417857142857144,3.1500000000000004,6.932142857142857,False,,,3272.442887403775,,,,3694.2,3201.9,
01003,PILSNER URQUELL,SK,2021,29,5,5,5,18.417857142857144,3.1500000000000004,6.932142857142857,False,,,623.6998495407249,,,,689.1,458.1,
01005,PILSNER URQUELL,CZ,2021,29,5,5,5,18.417857142857144,3.1500000000000004,6.932142857142857,False,,,10711.535009642252,,,,11090.0,8886.5,
01005,PILSNER URQUELL,SK,2021,29,5,5,5,18.417857142857144,3.1500000000000004,6.932142857142857,False,,,1596.269077005075,,,,1663.5,1151.0,
02003,GAMBRINUS,CZ,2021,29,5,5,5,18.417857142857144,3.1500000000000004,6.932142857142857,False,,,244.10373993987506,,,,117.9,113.7,
02300,GAMBRINUS,CZ,2021,29,5,5,5,18.417857142857144,3.1500000000000004,6.932142857142857,False,,,363.35308621165,,,,293.6101,310.91999999999996,
02302,GAMBRINUS,CZ,2021,29,5,5,5,18.417857142857144,3.1500000000000004,6.932142857142857,False,,,,,,,,,
02303,GAMBRINUS,CZ,2021,29,5,5,5,18.417857142857144,3.1500000000000004,6.932142857142857,False,,,468.00342605674996,,,,382.5,318.9,
02305,GAMBRINUS,CZ,2021,29,5,5,5,18.417857142857144,3.1500000000000004,6.932142857142857,False,,,3240.278188889625,,,,2360.0,2333.0,
02500,GAMBRINUS,CZ,2021,29,5,5,5,18.417857142857144,3.1500000000000004,6.932142857142857,False,,,285.499225228325,,,,369.49,294.34000000000003,
02503,GAMBRINUS,CZ,2021,29,5,5,5,18.417857142857144,3.1500000000000004,6.932142857142857,False,,,101.12333086290002,,,,120.3,125.7,
02503,GAMBRINUS,SK,2021,29,5,5,5,18.417857142857144,3.1500000000000004,6.932142857142857,False,,,26.526232868824998,,,,27.9,21.3,
02505,GAMBRINUS,CZ,2021,29,5,5,5,18.417857142857144,3.1500000000000004,6.932142857142857,False,,,717.0065305229001,,,,1111.0,932.0,
02600,GAMBRINUS,CZ,2021,29,5,5,5,18.417857142857144,3.1500000000000004,6.932142857142857,False,,,1121.7640174834,,,,986.86,1316.2001,
02600,GAMBRINUS,SK,2021,29,5,5,5,18.417857142857144,3.1500000000000004,6.932142857142857,False,,,135.19389180385,,,,145.0,125.0,
02603,GAMBRINUS,CZ,2021,29,5,5,5,18.417857142857144,3.1500000000000004,6.932142857142857,False,,,749.7101264999,,,,704.4000000000001,736.8,
02603,GAMBRINUS,SK,2021,29,5,5,5,18.417857142857144,3.1500000000000004,6.932142857142857,False,,,183.69892967427498,,,,175.8,141.6,
02605,GAMBRINUS,CZ,2021,29,5,5,5,18.417857142857144,3.1500000000000004,6.932142857142857,False,,,6998.5638889207985,,,,6073.0,6759.5,
02605,GAMBRINUS,SK,2021,29,5,5,5,18.417857142857144,3.1500000000000004,6.932142857142857,False,,,1166.4797348033499,,,,1027.0,911.0,
02803,EXCELENT,CZ,2021,29,5,5,5,18.417857142857144,3.1500000000000004,6.932142857142857,False,,,77.44801034162501,,,,284.4,255.3,
02803,EXCELENT,SK,2021,29,5,5,5,18.417857142857144,3.1500000000000004,6.932142857142857,False,,,45.136505529675006,,,,68.1,37.5,
02805,EXCELENT,CZ,2021,29,5,5,5,18.417857142857144,3.1500000000000004,6.932142857142857,False,,,322.64403260975007,,,,785.0,764.0,
04000,SARIS,SK,2021,29,5,5,5,18.417857142857144,3.1500000000000004,6.932142857142857,False,,,228.019572826125,,,,189.2,249.0,
04002,SARIS,SK,2021,29,5,5,5,18.417857142857144,3.1500000000000004,6.932142857142857,False,,,,,,,,,
04003,SARIS,SK,2021,29,5,5,5,18.417857142857144,3.1500000000000004,6.932142857142857,False,,,106.1719248815,,,,93.3,93.6,
04005,SARIS,SK,2021,29,5,5,5,18.417857142857144,3.1500000000000004,6.932142857142857,False,,,1206.8663568971501,,,,1086.0,1196.0,
04203,SARIS,SK,2021,29,5,5,5,18.417857142857144,3.1500000000000004,6.932142857142857,False,,,140.644731842025,,,,137.4,114.6,
04205,SARIS,SK,2021,29,5,5,5,18.417857142857144,3.1500000000000004,6.932142857142857,False,,,965.4166993493501,,,,768.0,896.0,
04303,SARIS,SK,2021,29,5,5,5,18.417857142857144,3.1500000000000004,6.932142857142857,False,,,66.8373772616,,,,50.1,49.8,
04402,SARIS,SK,2021,29,5,5,5,18.417857142857144,3.1500000000000004,6.932142857142857,False,,,1.7345815874500001,,,,2.55,,
04403,SARIS,SK,2021,29,5,5,5,18.417857142857144,3.1500000000000004,6.932142857142857,False,,,53.9179168261,,,,3.9,31.5,
05000,RADEGAST,CZ,2021,29,5,5,5,18.417857142857144,3.1500000000000004,6.932142857142857,False,,,1186.710229982325,,,,918.13,1199.23,
05000,RADEGAST,SK,2021,29,5,5,5,18.417857142857144,3.1500000000000004,6.932142857142857,False,,,35.231176783425006,,,,20.0,20.0,
05002,RADEGAST,CZ,2021,29,5,5,5,18.417857142857144,3.1500000000000004,6.932142857142857,False,,,366.63523897544997,,,,347.1,198.15,
05002,RADEGAST,SK,2021,29,5,5,5,18.417857142857144,3.1500000000000004,6.932142857142857,False,,,,,,,,,
05003,RADEGAST,CZ,2021,29,5,5,5,18.417857142857144,3.1500000000000004,6.932142857142857,False,,,785.2201550566749,,,,1078.8000000000002,594.0,
05003,RADEGAST,SK,2021,29,5,5,5,18.417857142857144,3.1500000000000004,6.932142857142857,False,,,58.224679219775,,,,81.0,46.2,
05005,RADEGAST,CZ,2021,29,5,5,5,18.417857142857144,3.1500000000000004,6.932142857142857,False,,,5362.929263538099,,,,5654.5,4656.0,
05005,RADEGAST,SK,2021,29,5,5,5,18.417857142857144,3.1500000000000004,6.932142857142857,False,,,540.5865409907,,,,488.5,437.5,
05100,RADEGAST,CZ,2021,29,5,5,5,18.417857142857144,3.1500000000000004,6.932142857142857,False,,,659.495153484325,,,,348.09,750.86,
05100,RADEGAST,SK,2021,29,5,5,5,18.417857142857144,3.1500000000000004,6.932142857142857,False,,,120.10915164465,,,,90.0,95.0,
05103,RADEGAST,CZ,2021,29,5,5,5,18.417857142857144,3.1500000000000004,6.932142857142857,False,,,910.777725109225,,,,1347.3000000000002,591.3,
05103,RADEGAST,SK,2021,29,5,5,5,18.417857142857144,3.1500000000000004,6.932142857142857,False,,,91.386747518675,,,,91.5,69.6,
05105,RADEGAST,CZ,2021,29,5,5,5,18.417857142857144,3.1500000000000004,6.932142857142857,False,,,7546.562738107427,,,,7545.0,6169.0,
05105,RADEGAST,SK,2021,29,5,5,5,18.417857142857144,3.1500000000000004,6.932142857142857,False,,,1651.7983518543751,,,,1503.5,1390.5,
05202,BIRELL,CZ,2021,29,5,5,5,18.417857142857144,3.1500000000000004,6.932142857142857,False,,,105.123261099525,,,,75.3,87.6,
05202,BIRELL,SK,2021,29,5,5,5,18.417857142857144,3.1500000000000004,6.932142857142857,False,,,30.835412334325,,,,26.7,22.65,
05203,BIRELL,CZ,2021,29,5,5,5,18.417857142857144,3.1500000000000004,6.932142857142857,False,,,803.5185300811249,,,,611.4,635.1,
05203,BIRELL,SK,2021,29,5,5,5,18.417857142857144,3.1500000000000004,6.932142857142857,False,,,101.98849916555,,,,64.2,71.1,
05603,RADEGAST,CZ,2021,29,5,5,5,18.417857142857144,3.1500000000000004,6.932142857142857,False,,,400.64320982555006,,,,344.7,,
05903,RADEGAST,CZ,2021,29,5,5,5,18.417857142857144,3.1500000000000004,6.932142857142857,False,,,,,,,,,
06003,KOZEL,CZ,2021,29,5,5,5,18.417857142857144,3.1500000000000004,6.932142857142857,False,,,43.435128791050005,,,,37.2,18.0,
06005,KOZEL,CZ,2021,29,5,5,5,18.417857142857144,3.1500000000000004,6.932142857142857,False,,,305.5611140279,,,,139.5,163.5,
06005,KOZEL,SK,2021,29,5,5,5,18.417857142857144,3.1500000000000004,6.932142857142857,False,,,18.147008390049997,,,,,7.5,
06100,KOZEL,CZ,2021,29,5,5,5,18.417857142857144,3.1500000000000004,6.932142857142857,False,,,32.6030770585,,,,28.47,75.25,
06103,KOZEL,CZ,2021,29,5,5,5,18.417857142857144,3.1500000000000004,6.932142857142857,False,,,241.90792434802503,,,,258.0,260.1,
06103,KOZEL,SK,2021,29,5,5,5,18.417857142857144,3.1500000000000004,6.932142857142857,False,,,42.77858440645001,,,,31.8,31.8,
06105,KOZEL,CZ,2021,29,5,5,5,18.417857142857144,3.1500000000000004,6.932142857142857,False,,,1485.6252154983997,,,,1358.5,1404.5,
06105,KOZEL,SK,2021,29,5,5,5,18.417857142857144,3.1500000000000004,6.932142857142857,False,,,330.7916222413,,,,220.5,248.0,
06202,KOZEL,CZ,2021,29,5,5,5,18.417857142857144,3.1500000000000004,6.932142857142857,False,,,60.65785499992501,,,,50.55,51.6,
06203,KOZEL,CZ,2021,29,5,5,5,18.417857142857144,3.1500000000000004,6.932142857142857,False,,,623.8513715929503,,,,423.3,583.1999999999999,
06205,KOZEL,CZ,2021,29,5,5,5,18.417857142857144,3.1500000000000004,6.932142857142857,False,,,45.42499073695,,,,24.5,37.5,
06500,KOZEL,CZ,2021,29,5,5,5,18.417857142857144,3.1500000000000004,6.932142857142857,False,,,786.9649320750748,,,,723.49,676.76,
06500,KOZEL,SK,2021,29,5,5,5,18.417857142857144,3.1500000000000004,6.932142857142857,False,,,61.894548839749994,,,,55.0,55.0,
06502,KOZEL,CZ,2021,29,5,5,5,18.417857142857144,3.1500000000000004,6.932142857142857,False,,,,,,,,,
06503,KOZEL,CZ,2021,29,5,5,5,18.417857142857144,3.1500000000000004,6.932142857142857,False,,,1071.9123658862,,,,1363.5,828.9,
06503,KOZEL,SK,2021,29,5,5,5,18.417857142857144,3.1500000000000004,6.932142857142857,False,,,37.71654903164999,,,,27.6,26.7,
06505,KOZEL,CZ,2021,29,5,5,5,18.417857142857144,3.1500000000000004,6.932142857142857,False,,,8569.43557882525,,,,9699.5,7271.0,
06505,KOZEL,SK,2021,29,5,5,5,18.417857142857144,3.1500000000000004,6.932142857142857,False,,,362.61705280075006,,,,277.5,269.0,
07005,TOPVAR,SK,2021,29,5,5,5,18.417857142857144,3.1500000000000004,6.932142857142857,False,,,290.02032677077506,,,,221.5,309.0,
07105,TOPVAR,SK,2021,29,5,5,5,18.417857142857144,3.1500000000000004,6.932142857142857,False,,,62.682230428025,,,,66.5,57.5,
07205,TOPVAR,SK,2021,29,5,5,5,18.417857142857144,3.1500000000000004,6.932142857142857,False,,,171.597819347275,,,,123.5,172.0,
07303,TOPVAR,SK,2021,29,5,5,5,18.417857142857144,3.1500000000000004,6.932142857142857,False,,,53.937690343374996,,,,44.7,44.7,
08202,MASTER,CZ,2021,29,5,5,5,18.417857142857144,3.1500000000000004,6.932142857142857,False,,,31.712910178025002,,,,22.95,32.85,
08302,MASTER,CZ,2021,29,5,5,5,18.417857142857144,3.1500000000000004,6.932142857142857,False,,,22.568466836924994,,,,17.85,24.0,
08302,MASTER,SK,2021,29,5,5,5,18.417857142857144,3.1500000000000004,6.932142857142857,False,,,69.78306247094999,,,,19.35,21.0,
09303,MASTER,CZ,2021,29,5,5,5,18.417857142857144,3.1500000000000004,6.932142857142857,False,,,13.662196155100002,,,,,,
11202,BIRELL,CZ,2021,29,5,5,5,18.417857142857144,3.1500000000000004,6.932142857142857,False,,,230.39917272084998,,,,158.25,77.55,
11202,BIRELL,SK,2021,29,5,5,5,18.417857142857144,3.1500000000000004,6.932142857142857,False,,,82.69019289525,,,,82.5,41.25,
11203,BIRELL,CZ,2021,29,5,5,5,18.417857142857144,3.1500000000000004,6.932142857142857,False,,,3014.7466258841996,,,,1324.2,964.8,
11203,BIRELL,SK,2021,29,5,5,5,18.417857142857144,3.1500000000000004,6.932142857142857,False,,,882.582381417325,,,,558.0,575.1,
11205,BIRELL,CZ,2021,29,5,5,5,18.417857142857144,3.1500000000000004,6.932142857142857,False,,,879.1651567581248,,,,582.5,408.5,
11205,BIRELL,SK,2021,29,5,5,5,18.417857142857144,3.1500000000000004,6.932142857142857,False,,,337.82113644169993,,,,225.5,281.5,
15002,KINGSWOOD,CZ,2021,29,5,5,5,18.417857142857144,3.1500000000000004,6.932142857142857,False,,,60.67469510585,,,,45.747,45.594,
15003,KINGSWOOD,CZ,2021,29,5,5,5,18.417857142857144,3.1500000000000004,6.932142857142857,False,,,314.2152619709251,,,,126.3,404.1,
15202,KINGSWOOD,CZ,2021,29,5,5,5,18.417857142857144,3.1500000000000004,6.932142857142857,False,,,23.9498850942,,,,,50.49,
20105,SWIST,CZ,2021,29,5,5,5,18.417857142857144,3.1500000000000004,6.932142857142857,False,,,255.24061246862502,,,,220.5,226.5,
20205,SWIST,CZ,2021,29,5,5,5,18.417857142857144,3.1500000000000004,6.932142857142857,False,,,534.7020987704501,,,,643.0,573.5,
21005,SWIST,SK,2021,29,5,5,5,18.417857142857144,3.1500000000000004,6.932142857142857,False,,,,,,,497.5,528.0,
01000,PILSNER URQUELL,CZ,2021,30,5,5,5,22.00714285714286,1.125,8.692857142857143,False,,,2973.318796872375,,,,2784.5,3026.5185,
01000,PILSNER URQUELL,SK,2021,30,5,5,5,22.00714285714286,1.125,8.692857142857143,False,,,443.1238463981501,,,,475.0,420.0,
01002,PILSNER URQUELL,CZ,2021,30,5,5,5,22.00714285714286,1.125,8.692857142857143,False,,,1003.284301517825,,,,898.6500000000001,813.9,
01002,PILSNER URQUELL,SK,2021,30,5,5,5,22.00714285714286,1.125,8.692857142857143,False,,,115.601396317775,,,,111.45,108.9,
01003,PILSNER URQUELL,CZ,2021,30,5,5,5,22.00714285714286,1.125,8.692857142857143,False,,,3272.442887403775,,,,3693.6,3371.7,
01003,PILSNER URQUELL,SK,2021,30,5,5,5,22.00714285714286,1.125,8.692857142857143,False,,,623.6998495407249,,,,692.7,609.0,
01005,PILSNER URQUELL,CZ,2021,30,5,5,5,22.00714285714286,1.125,8.692857142857143,False,,,10711.535009642252,,,,11144.0,10849.5,
01005,PILSNER URQUELL,SK,2021,30,5,5,5,22.00714285714286,1.125,8.692857142857143,False,,,1596.269077005075,,,,1684.5,1548.0,
02003,GAMBRINUS,CZ,2021,30,5,5,5,22.00714285714286,1.125,8.692857142857143,False,,,244.10373993987506,,,,113.7,134.7,
02300,GAMBRINUS,CZ,2021,30,5,5,5,22.00714285714286,1.125,8.692857142857143,False,,,363.35308621165,,,,331.87,395.5601,
02302,GAMBRINUS,CZ,2021,30,5,5,5,22.00714285714286,1.125,8.692857142857143,False,,,,,,,,,
02303,GAMBRINUS,CZ,2021,30,5,5,5,22.00714285714286,1.125,8.692857142857143,False,,,468.00342605674996,,,,383.4,336.6,
02305,GAMBRINUS,CZ,2021,30,5,5,5,22.00714285714286,1.125,8.692857142857143,False,,,3240.278188889625,,,,2276.0,2530.5,
02500,GAMBRINUS,CZ,2021,30,5,5,5,22.00714285714286,1.125,8.692857142857143,False,,,285.499225228325,,,,297.08,365.4,
02503,GAMBRINUS,CZ,2021,30,5,5,5,22.00714285714286,1.125,8.692857142857143,False,,,101.12333086290002,,,,122.1,137.7,
02503,GAMBRINUS,SK,2021,30,5,5,5,22.00714285714286,1.125,8.692857142857143,False,,,26.526232868824998,,,,34.5,39.9,
02505,GAMBRINUS,CZ,2021,30,5,5,5,22.00714285714286,1.125,8.692857142857143,False,,,717.0065305229001,,,,898.0,1026.5,
02600,GAMBRINUS,CZ,2021,30,5,5,5,22.00714285714286,1.125,8.692857142857143,False,,,1121.7640174834,,,,769.25,1208.76,
02600,GAMBRINUS,SK,2021,30,5,5,5,22.00714285714286,1.125,8.692857142857143,False,,,135.19389180385,,,,150.0,170.0,
02603,GAMBRINUS,CZ,2021,30,5,5,5,22.00714285714286,1.125,8.692857142857143,False,,,749.7101264999,,,,688.1999999999999,727.8,
02603,GAMBRINUS,SK,2021,30,5,5,5,22.00714285714286,1.125,8.692857142857143,False,,,183.69892967427498,,,,215.7,148.8,
02605,GAMBRINUS,CZ,2021,30,5,5,5,22.00714285714286,1.125,8.692857142857143,False,,,6998.5638889207985,,,,6243.5,7508.5,
02605,GAMBRINUS,SK,2021,30,5,5,5,22.00714285714286,1.125,8.692857142857143,False,,,1166.4797348033499,,,,1106.0,1147.0,
02803,EXCELENT,CZ,2021,30,5,5,5,22.00714285714286,1.125,8.692857142857143,False,,,77.44801034162501,,,,257.1,233.4,
02803,EXCELENT,SK,2021,30,5,5,5,22.00714285714286,1.125,8.692857142857143,False,,,45.136505529675006,,,,74.7,86.1,
02805,EXCELENT,CZ,2021,30,5,5,5,22.00714285714286,1.125,8.692857142857143,False,,,322.64403260975007,,,,650.0,812.0,
04000,SARIS,SK,2021,30,5,5,5,22.00714285714286,1.125,8.692857142857143,False,,,228.019572826125,,,,150.2,209.6,
04002,SARIS,SK,2021,30,5,5,5,22.00714285714286,1.125,8.692857142857143,False,,,,,,,,,
04003,SARIS,SK,2021,30,5,5,5,22.00714285714286,1.125,8.692857142857143,False,,,106.1719248815,,,,118.2,109.8,
04005,SARIS,SK,2021,30,5,5,5,22.00714285714286,1.125,8.692857142857143,False,,,1206.8663568971501,,,,1029.5,1135.5,
04203,SARIS,SK,2021,30,5,5,5,22.00714285714286,1.125,8.692857142857143,False,,,140.644731842025,,,,155.4,142.8,
04205,SARIS,SK,2021,30,5,5,5,22.00714285714286,1.125,8.692857142857143,False,,,965.4166993493501,,,,718.5,897.0,
04303,SARIS,SK,2021,30,5,5,5,22.00714285714286,1.125,8.692857142857143,False,,,66.8373772616,,,,56.4,56.1,
04402,SARIS,SK,2021,30,5,5,5,22.00714285714286,1.125,8.692857142857143,False,,,1.7345815874500001,,,,9.3,,
04403,SARIS,SK,2021,30,5,5,5,22.00714285714286,1.125,8.692857142857143,False,,,53.9179168261,,,,,23.4,
05000,RADEGAST,CZ,2021,30,5,5,5,22.00714285714286,1.125,8.692857142857143,False,,,1186.710229982325,,,,918.26,1028.9201,
05000,RADEGAST,SK,2021,30,5,5,5,22.00714285714286,1.125,8.692857142857143,False,,,35.231176783425006,,,,30.0,10.0,
05002,RADEGAST,CZ,2021,30,5,5,5,22.00714285714286,1.125,8.692857142857143,False,,,366.63523897544997,,,,388.8,274.2,
05002,RADEGAST,SK,2021,30,5,5,5,22.00714285714286,1.125,8.692857142857143,False,,,,,,,,,
05003,RADEGAST,CZ,2021,30,5,5,5,22.00714285714286,1.125,8.692857142857143,False,,,785.2201550566749,,,,828.9000000000001,714.9,
05003,RADEGAST,SK,2021,30,5,5,5,22.00714285714286,1.125,8.692857142857143,False,,,58.224679219775,,,,76.2,62.7,
05005,RADEGAST,CZ,2021,30,5,5,5,22.00714285714286,1.125,8.692857142857143,False,,,5362.929263538099,,,,5199.0,5400.5,
05005,RADEGAST,SK,2021,30,5,5,5,22.00714285714286,1.125,8.692857142857143,False,,,540.5865409907,,,,567.5,487.5,
05100,RADEGAST,CZ,2021,30,5,5,5,22.00714285714286,1.125,8.692857142857143,False,,,659.495153484325,,,,272.16999999999996,485.54999999999995,
05100,RADEGAST,SK,2021,30,5,5,5,22.00714285714286,1.125,8.692857142857143,False,,,120.10915164465,,,,75.0,105.0,
05103,RADEGAST,CZ,2021,30,5,5,5,22.00714285714286,1.125,8.692857142857143,False,,,910.777725109225,,,,843.3,790.8,
05103,RADEGAST,SK,2021,30,5,5,5,22.00714285714286,1.125,8.692857142857143,False,,,91.386747518675,,,,104.4,99.9,
05105,RADEGAST,CZ,2021,30,5,5,5,22.00714285714286,1.125,8.692857142857143,False,,,7546.562738107427,,,,6323.0,7361.5,
05105,RADEGAST,SK,2021,30,5,5,5,22.00714285714286,1.125,8.692857142857143,False,,,1651.7983518543751,,,,1409.0,1618.5,
05202,BIRELL,CZ,2021,30,5,5,5,22.00714285714286,1.125,8.692857142857143,False,,,105.123261099525,,,,67.05,91.5,
05202,BIRELL,SK,2021,30,5,5,5,22.00714285714286,1.125,8.692857142857143,False,,,30.835412334325,,,,24.450000000000003,24.75,
05203,BIRELL,CZ,2021,30,5,5,5,22.00714285714286,1.125,8.692857142857143,False,,,803.5185300811249,,,,578.4,724.5,
05203,BIRELL,SK,2021,30,5,5,5,22.00714285714286,1.125,8.692857142857143,False,,,101.98849916555,,,,75.9,86.1,
05603,RADEGAST,CZ,2021,30,5,5,5,22.00714285714286,1.125,8.692857142857143,False,,,400.64320982555006,,,,396.9,,
05903,RADEGAST,CZ,2021,30,5,5,5,22.00714285714286,1.125,8.692857142857143,False,,,,,,,,,
06003,KOZEL,CZ,2021,30,5,5,5,22.00714285714286,1.125,8.692857142857143,False,,,43.435128791050005,,,,29.1,32.7,
06005,KOZEL,CZ,2021,30,5,5,5,22.00714285714286,1.125,8.692857142857143,False,,,305.5611140279,,,,152.0,166.0,
06005,KOZEL,SK,2021,30,5,5,5,22.00714285714286,1.125,8.692857142857143,False,,,18.147008390049997,,,,,7.0,
06100,KOZEL,CZ,2021,30,5,5,5,22.00714285714286,1.125,8.692857142857143,False,,,32.6030770585,,,,19.06,47.09,
06103,KOZEL,CZ,2021,30,5,5,5,22.00714285714286,1.125,8.692857142857143,False,,,241.90792434802503,,,,252.0,298.8,
06103,KOZEL,SK,2021,30,5,5,5,22.00714285714286,1.125,8.692857142857143,False,,,42.77858440645001,,,,31.5,63.9,
06105,KOZEL,CZ,2021,30,5,5,5,22.00714285714286,1.125,8.692857142857143,False,,,1485.6252154983997,,,,1402.5,1914.5,
06105,KOZEL,SK,2021,30,5,5,5,22.00714285714286,1.125,8.692857142857143,False,,,330.7916222413,,,,200.0,350.5,
06202,KOZEL,CZ,2021,30,5,5,5,22.00714285714286,1.125,8.692857142857143,False,,,60.65785499992501,,,,51.0,67.05,
06203,KOZEL,CZ,2021,30,5,5,5,22.00714285714286,1.125,8.692857142857143,False,,,623.8513715929503,,,,450.3,661.8000000000001,
06205,KOZEL,CZ,2021,30,5,5,5,22.00714285714286,1.125,8.692857142857143,False,,,45.42499073695,,,,22.0,41.5,
06500,KOZEL,CZ,2021,30,5,5,5,22.00714285714286,1.125,8.692857142857143,False,,,786.9649320750748,,,,682.74,857.45,
06500,KOZEL,SK,2021,30,5,5,5,22.00714285714286,1.125,8.692857142857143,False,,,61.894548839749994,,,,55.0,45.0,
06502,KOZEL,CZ,2021,30,5,5,5,22.00714285714286,1.125,8.692857142857143,False,,,,,,,,,
06503,KOZEL,CZ,2021,30,5,5,5,22.00714285714286,1.125,8.692857142857143,False,,,1071.9123658862,,,,1072.2,1081.8,
06503,KOZEL,SK,2021,30,5,5,5,22.00714285714286,1.125,8.692857142857143,False,,,37.71654903164999,,,,35.1,33.6,
06505,KOZEL,CZ,2021,30,5,5,5,22.00714285714286,1.125,8.692857142857143,False,,,8569.43557882525,,,,7799.0,9201.0,
06505,KOZEL,SK,2021,30,5,5,5,22.00714285714286,1.125,8.692857142857143,False,,,362.61705280075006,,,,300.0,372.5,
07005,TOPVAR,SK,2021,30,5,5,5,22.00714285714286,1.125,8.692857142857143,False,,,290.02032677077506,,,,250.0,300.5,
07105,TOPVAR,SK,2021,30,5,5,5,22.00714285714286,1.125,8.692857142857143,False,,,62.682230428025,,,,80.0,116.5,
07205,TOPVAR,SK,2021,30,5,5,5,22.00714285714286,1.125,8.692857142857143,False,,,171.597819347275,,,,96.5,242.5,
07303,TOPVAR,SK,2021,30,5,5,5,22.00714285714286,1.125,8.692857142857143,False,,,53.937690343374996,,,,47.1,59.4,
08202,MASTER,CZ,2021,30,5,5,5,22.00714285714286,1.125,8.692857142857143,False,,,31.712910178025002,,,,31.05,42.3,
08302,MASTER,CZ,2021,30,5,5,5,22.00714285714286,1.125,8.692857142857143,False,,,22.568466836924994,,,,19.35,31.05,
08302,MASTER,SK,2021,30,5,5,5,22.00714285714286,1.125,8.692857142857143,False,,,69.78306247094999,,,,23.1,20.55,
09303,MASTER,CZ,2021,30,5,5,5,22.00714285714286,1.125,8.692857142857143,False,,,13.662196155100002,,,,,,
11202,BIRELL,CZ,2021,30,5,5,5,22.00714285714286,1.125,8.692857142857143,False,,,230.39917272084998,,,,118.2,108.0,
11202,BIRELL,SK,2021,30,5,5,5,22.00714285714286,1.125,8.692857142857143,False,,,82.69019289525,,,,84.45,40.5,
11203,BIRELL,CZ,2021,30,5,5,5,22.00714285714286,1.125,8.692857142857143,False,,,3014.7466258841996,,,,1123.5,1369.5,
11203,BIRELL,SK,2021,30,5,5,5,22.00714285714286,1.125,8.692857142857143,False,,,882.582381417325,,,,595.5,674.4,
11205,BIRELL,CZ,2021,30,5,5,5,22.00714285714286,1.125,8.692857142857143,False,,,879.1651567581248,,,,610.0,562.0,
11205,BIRELL,SK,2021,30,5,5,5,22.00714285714286,1.125,8.692857142857143,False,,,337.82113644169993,,,,200.5,259.5,
15002,KINGSWOOD,CZ,2021,30,5,5,5,22.00714285714286,1.125,8.692857142857143,False,,,60.67469510585,,,,37.026,54.621,
15003,KINGSWOOD,CZ,2021,30,5,5,5,22.00714285714286,1.125,8.692857142857143,False,,,314.2152619709251,,,,152.7,313.5,
15202,KINGSWOOD,CZ,2021,30,5,5,5,22.00714285714286,1.125,8.692857142857143,False,,,23.9498850942,,,,,13.311,
20105,SWIST,CZ,2021,30,5,5,5,22.00714285714286,1.125,8.692857142857143,False,,,255.24061246862502,,,,194.0,277.0,
20205,SWIST,CZ,2021,30,5,5,5,22.00714285714286,1.125,8.692857142857143,False,,,534.7020987704501,,,,617.0,881.5,
21005,SWIST,SK,2021,30,5,5,5,22.00714285714286,1.125,8.692857142857143,False,,,,,,,408.5,653.5,
