SkuShort,ProductGroup,PrimaryPack,Country,Year,Week,NumberWorkdays,AvgTemp,AvgRain,AvgSun,IsLockdown,PdtHl,PrevWeekPdtHl1,BgtHl,SalesHl,PrevWeekSalesHl1,PrevWeekSalesHl2,PrevYearSalesHl1,PrevYearSalesHl2,OldPredSalesHl,AvgPrevWeekSalesHl,AvgPrevYearSalesHl,AvgPrevAllSalesHl,PredictSalesHl
0,1,3,0,2020,45,5,8,1,2,True,,,3153.3368283228256,145.68009999999998,5.0,55.0,2926.11,305.0,,30,1616,823,368.0725453198801
1,1,0,0,2020,45,5,8,1,2,True,,,531.108091814675,439.35,33.45,40.35,508.05,82.95,485.0013,37,296,166,482.0455919648188
2,1,0,0,2020,45,5,8,1,2,True,,,3064.7018448789,474.3,60.3,150.0,2825.7000000000003,535.2,382.0,105,1680,893,576.7377309761898
3,1,0,0,2020,45,5,8,1,2,True,,,6352.967479537125,715.0,121.5,159.0,6911.0,686.0,475.00139999999993,140,3798,1969,956.2245187093928
13,1,0,0,2020,45,5,8,1,2,True,,,470.529181388575,40.8,48.9,49.5,302.4,17.4,44.0011,49,160,105,144.22939038908726
14,1,0,0,2020,45,5,8,1,2,True,,,2225.12268997545,105.5,44.5,15.0,1770.5,193.0,13.4402,30,982,506,300.4408997533435
17,1,0,0,2020,45,5,8,1,2,True,,,100.38126768115,39.3,1.2,3.9,82.2,27.0,24.0004,3,55,29,55.48228474638465
18,1,0,0,2020,45,5,8,1,2,True,,,664.9096750869251,60.5,32.0,14.5,794.5,1007.0,17.0002,23,901,462,324.5292794392027
20,1,0,0,2020,45,5,8,1,2,True,,,581.87710383285,176.4,15.9,37.2,535.5,113.1,126.0,27,324,175,303.92933000811695
21,1,0,0,2020,45,5,8,1,2,True,,,5492.402766635525,228.5,23.0,141.0,5077.5,732.5,65.9999,82,2905,1494,460.603111511801
24,1,0,0,2020,45,5,8,1,2,True,,,165.61405595565,75.0,0.9,4.8,162.0,44.7,52.0016,3,103,53,79.16870694232105
25,1,0,0,2020,45,5,8,1,2,True,,,706.452295510425,38.0,27.5,10.5,517.5,1326.5,8.429699999999999,19,922,470,343.32179129479726
49,1,0,0,2020,45,5,8,1,2,True,,,118.071018923175,263.4,379.2000000000001,311.1,112.65,87.15,309.0002,345,100,223,175.83584904323894
50,1,0,0,2020,45,5,8,1,2,True,,,572.5964469837,238.8,12.0,23.4,612.0,55.2,185.0012,18,334,176,361.58936824756205
51,1,0,0,2020,45,5,8,1,2,True,,,3619.1265531971744,234.0,20.0,121.0,3732.5,327.5,127.9999,70,2030,1050,501.0161731534376
53,1,0,0,2020,45,5,8,1,2,True,,,466.163404520825,179.4,14.7,31.5,458.4,65.4,148.9997,23,262,142,241.73786933470046
54,1,0,0,2020,45,5,8,1,2,True,,,4357.890211433025,69.0,39.0,326.5,4122.0,886.0,107.7205,183,2504,1343,617.8144066870474
55,1,0,0,2020,45,5,8,1,2,True,,,86.159484602575,2.55,0.45,0.0,72.45,19.05,1.9992,0,46,23,0.0
56,1,0,0,2020,45,5,8,1,2,True,,,480.4899042154,3.0,0.0,0.6,469.2,50.4,1.1891,0,260,130,97.7667399277646
57,1,0,0,2020,45,5,8,1,2,True,,,,42.9,28.8,17.1,0.3,,17.9999,23,0,12,55.11711767460454
61,1,0,0,2020,45,5,8,1,2,True,,,33.225074212725,4.2,1.5,5.1,23.7,39.3,2.3276,3,32,17,0.0
62,1,0,0,2020,45,5,8,1,2,True,,,273.94998588865,2.0,1.5,2.5,127.0,9.5,1.4993,2,68,35,13.5270069909389
64,1,0,0,2020,45,5,8,1,2,True,,,,93.3,1.8,2.4,169.2,35.7,38.0001,2,102,52,72.78708718017475
65,1,0,0,2020,45,5,8,1,2,True,,,818.6997479450749,81.5,12.0,38.0,1079.5,255.5,29.6372,25,668,346,289.89377527185763
66,1,0,0,2020,45,5,8,1,2,True,,,43.290426137575,0.75,1.65,0.0,45.75,49.2,1.0002,1,47,24,0.0
67,1,0,0,2020,45,5,8,1,2,True,,,481.0587236734,3.0,3.3,7.5,455.7,5.4,4.0002,5,231,118,103.8831382207001
73,1,0,0,2020,45,5,8,1,2,True,,,508.5095842099249,217.2,0.6,6.3,714.0,34.5,178.0008,3,374,189,327.1645175843901
74,1,0,0,2020,45,5,8,1,2,True,,,3457.887021587125,269.0,6.0,30.0,5316.0,255.5,104.0006,18,2786,1402,966.0195440926635
85,1,0,0,2020,45,5,8,1,2,True,,,43.418494840325,3.6,1.5,1.05,21.6,26.1,,1,24,13,0.0
86,1,0,0,2020,45,5,8,1,2,True,,,34.096406769450006,0.9,0.75,1.65,27.9,15.45,,1,22,11,0.0
102,2,0,0,2020,45,5,8,1,2,True,,,196.026538517675,0.75,0.6,1.5,60.75,25.8,,1,43,22,0.0
103,2,0,0,2020,45,5,8,1,2,True,,,,1.8,0.0,4.8,305.4,137.1,,2,221,112,0.0
104,2,0,0,2020,45,5,8,1,2,True,,,,0.0,0.0,0.0,,,,0,0,0,0.0
110,0,0,0,2020,45,5,8,1,2,True,,,,0.153,0.153,0.306,22.797,22.797,,0,23,12,0.0
111,0,0,0,2020,45,5,8,1,2,True,,,,1.5,0.0,0.0,49.2,49.8,,0,50,25,0.0
115,3,0,0,2020,45,5,8,1,2,True,,,58.848825297525,4.0,9.0,0.0,92.5,104.0,,4,98,51,0.0
116,3,0,0,2020,45,5,8,1,2,True,,,123.28206742785002,4.0,5.5,21.5,200.0,187.5,10.0004,14,194,104,0.0
0,1,3,0,2020,46,5,6,0,1,True,,,3153.3368283228256,173.1801,145.68009999999998,5.0,2897.4695,330.0,40.0004,75,1614,845,425.09091113343476
1,1,0,0,2020,46,5,6,0,1,True,,,531.108091814675,606.15,50.1,33.45,471.75,77.7,500.0008,42,275,158,406.3675611706071
2,1,0,0,2020,46,5,6,0,1,True,,,3061.5869502360747,741.0,181.5,60.3,2686.5,556.8,445.0001,121,1622,871,900.6982600095009
3,1,0,0,2020,46,5,6,0,1,True,,,6352.967479537125,872.0,319.0,121.5,6865.5,707.5,585.0,220,3786,2003,1293.5290703387216
13,1,0,0,2020,46,5,6,0,1,True,,,470.529181388575,57.3,40.8,48.9,290.1,17.4,40.0009,45,154,99,116.76971582687771
14,1,0,0,2020,46,5,6,0,1,True,,,2225.12268997545,85.0,105.5,44.5,1680.0,186.5,48.0,75,933,504,267.8581215945558
17,1,0,0,2020,46,5,6,0,1,True,,,100.38126768115,68.1,6.6,1.2,98.7,19.8,31.0002,4,59,32,49.94225821293082
18,1,0,0,2020,46,5,6,0,1,True,,,664.9096750869251,75.0,60.5,32.0,926.5,1054.0,35.0004,46,990,518,282.7613931192491
20,1,0,0,2020,46,5,6,0,1,True,,,581.87710383285,275.1,48.9,15.9,518.1,108.3,165.001,32,313,173,323.6342269237383
21,1,0,0,2020,46,5,6,0,1,True,,,5492.402766635525,291.5,144.5,23.0,4973.5,641.0,131.0002,84,2807,1446,647.3707425818124
24,1,0,0,2020,46,5,6,0,1,True,,,165.61405595565,98.4,15.9,0.9,119.7,36.3,65.001,8,78,43,93.14283932642579
25,1,0,0,2020,46,5,6,0,1,True,,,706.452295510425,38.5,38.0,27.5,481.5,1300.5,43.9993,33,891,462,284.67261297936403
49,1,0,0,2020,46,5,6,0,1,True,,,118.071018923175,361.65,263.4,379.2000000000001,116.55,108.6,299.0002,321,113,217,228.31904735345896
50,1,0,0,2020,46,5,6,0,1,True,,,572.5964469837,334.8,24.6,12.0,582.3000000000001,63.3,220.0009,18,323,171,370.72397784397737
51,1,0,0,2020,46,5,6,0,1,True,,,3619.1265531971744,382.5,121.5,20.0,3299.5,372.0,282.0002,71,1836,953,786.4385312714203
53,1,0,0,2020,46,5,6,0,1,True,,,466.163404520825,270.29999999999995,30.3,14.7,451.8,68.7,190.99990000000005,22,260,141,221.25244151549128
54,1,0,0,2020,46,5,6,0,1,True,,,4357.890211433025,185.5,391.5,39.0,3959.5,961.0,193.0,215,2460,1338,870.5483370839605
55,1,0,0,2020,46,5,6,0,1,True,,,86.159484602575,1.65,0.3,0.45,69.0,17.25,1.9992,0,43,22,0.0
56,1,0,0,2020,46,5,6,0,1,True,,,480.4899042154,2.4,0.3,0.0,465.0,42.3,1.1891,0,254,127,61.88840088184998
57,1,0,0,2020,46,5,6,0,1,True,,,,39.3,42.9,28.8,,,25.0011,36,0,18,23.377966251280164
61,1,0,0,2020,46,5,6,0,1,True,,,33.225074212725,9.9,4.2,1.5,18.6,41.4,2.3276,3,30,16,0.0
62,1,0,0,2020,46,5,6,0,1,True,,,273.94998588865,1.5,2.0,1.5,127.5,8.5,1.4993,2,68,35,0.0
64,1,0,0,2020,46,5,6,0,1,True,,,145.891580892075,87.60000000000001,3.0,1.8,189.0,35.7,48.0004,2,112,57,43.96831201982856
65,1,0,0,2020,46,5,6,0,1,True,,,818.6997479450749,72.5,43.0,12.0,902.5,171.5,51.9996,28,537,282,234.29733593327117
66,1,0,0,2020,46,5,6,0,1,True,,,43.290426137575,1.95,0.75,1.65,39.0,40.95,1.0002,1,40,21,0.0
67,1,0,0,2020,46,5,6,0,1,True,,,481.0587236734,3.6,3.0,3.3,453.0,7.8,4.0002,3,230,117,61.55016988582192
73,1,0,0,2020,46,5,6,0,1,True,,,508.5095842099249,369.3,15.6,0.6,698.4000000000001,33.6,230.00080000000003,8,366,187,384.2368540022994
74,1,0,0,2020,46,5,6,0,1,True,,,3457.887021587125,375.5,49.0,6.0,5273.5,221.5,156.0009,28,2748,1388,1092.8162165908388
84,1,0,0,2020,46,5,6,0,1,True,,,,0.0,,0.0,0.0,,,0,0,0,0.0
85,1,0,0,2020,46,5,6,0,1,True,,,43.418494840325,3.0,3.6,1.5,22.5,30.0,,3,26,14,0.0
86,1,0,0,2020,46,5,6,0,1,True,,,34.096406769450006,0.75,1.35,0.75,20.1,14.25,,1,17,9,0.0
102,2,0,0,2020,46,5,6,0,1,True,,,196.026538517675,0.0,0.6,0.6,50.4,21.0,1.0003,1,36,18,0.0
103,2,0,0,2020,46,5,6,0,1,True,,,,3.3,7.8,0.0,248.1,106.2,5.0,4,177,91,0.0
110,0,0,0,2020,46,5,6,0,1,True,,,,0.0,0.153,0.153,22.491,19.278,,0,21,11,0.0
111,0,0,0,2020,46,5,6,0,1,True,,,,0.6,1.5,0.0,56.7,39.9,,1,48,25,0.0
115,3,0,0,2020,46,5,6,0,1,True,,,58.848825297525,1.5,4.0,9.0,106.0,81.0,5.0,6,94,50,0.0
116,3,0,0,2020,46,5,6,0,1,True,,,123.28206742785002,5.5,4.0,5.5,153.0,169.5,6.9995,5,161,83,0.0
0,1,3,0,2020,47,4,5,0,3,True,,,3153.3368283228256,175.15,120.0,145.68009999999998,3174.8101,335.0,146.0011,133,1755,944,437.23842720356885
1,1,0,0,2020,47,4,5,0,3,True,,,531.108091814675,611.25,65.4,50.1,553.8,70.35,450.001,58,312,185,520.3153643040212
2,1,0,0,2020,47,4,5,0,3,True,,,3064.7018448789,912.0,225.6,181.5,2689.5,405.3,469.9998000000001,204,1547,875,982.1115473942134
3,1,0,0,2020,47,4,5,0,3,True,,,6331.8823198201,1115.0,323.0,319.0,6867.0,550.5,680.0014,321,3709,2015,2304.5209306556135
12,1,3,0,2020,47,4,5,0,3,True,,,405.75826142265,0.0,,,310.92,,,0,155,78,0.0
13,1,0,0,2020,47,4,5,0,3,True,,,470.529181388575,70.5,57.3,40.8,342.9,21.6,38.0018,49,182,116,156.59755207426292
14,1,0,0,2020,47,4,5,0,3,True,,,2225.12268997545,89.5,85.0,105.5,1794.0,197.0,107.0004,95,996,545,279.5291152648262
16,1,3,0,2020,47,4,5,0,3,True,,,246.208635211375,0.0,,,356.29,373.96,,0,365,183,113.88039505897261
17,1,0,0,2020,47,4,5,0,3,True,,,100.38126768115,62.4,8.1,6.6,120.3,24.3,38.0009,7,72,40,82.80143261072212
18,1,0,0,2020,47,4,5,0,3,True,,,664.9096750869251,105.5,75.0,60.5,794.0,1073.0,58.0004,68,934,501,279.82859030569955
19,1,3,0,2020,47,4,5,0,3,True,,,1132.3429352914752,0.0,0.0,,1018.8701,135.0,,0,577,288,100.29731842577223
20,1,0,0,2020,47,4,5,0,3,True,,,581.87710383285,289.8,53.7,48.9,516.9,102.9,175.0001,51,310,181,335.457788623856
21,1,0,0,2020,47,4,5,0,3,True,,,5492.402766635525,387.5,232.5,144.5,4645.5,489.5,215.0,188,2568,1378,1045.1375181365906
24,1,0,0,2020,47,4,5,0,3,True,,,165.61405595565,68.69999999999999,10.2,15.9,157.2,36.9,73.00080000000001,13,97,55,111.68801605076575
25,1,0,0,2020,47,4,5,0,3,True,,,706.452295510425,66.0,38.5,38.0,507.0,1308.5,38.0006,38,908,473,302.49232360013326
48,1,3,0,2020,47,4,5,0,3,True,,,948.7842131297002,0.0,0.0,,994.13,10.0,,0,502,251,92.20834781301313
49,1,0,0,2020,47,4,5,0,3,True,,,,420.75,361.65,263.4,100.95,93.45,280.0001,313,97,205,234.848113482147
50,1,0,0,2020,47,4,5,0,3,True,,,572.5964469837,461.7,56.4,24.6,559.5,51.9,260.0014,40,306,173,443.04364969416326
51,1,0,0,2020,47,4,5,0,3,True,,,3619.1265531971744,449.5,152.5,121.5,3567.0,273.5,250.0017,137,1920,1029,924.019741809703
52,1,3,0,2020,47,4,5,0,3,True,,,261.238886661175,0.0,0.0,,260.36,50.0,,0,155,78,0.0
53,1,0,0,2020,47,4,5,0,3,True,,,466.163404520825,407.7,48.0,30.3,431.1,51.6,170.0019,39,241,140,277.27427349649105
54,1,0,0,2020,47,4,5,0,3,True,,,4357.890211433025,266.0,431.5,391.5,4034.5,609.5,118.001,412,2322,1367,1993.1855127633637
55,1,0,0,2020,47,4,5,0,3,True,,,86.159484602575,1.05,1.35,0.3,68.1,13.8,1.9994,1,41,21,0.0
56,1,0,0,2020,47,4,5,0,3,True,,,480.4899042154,6.0,0.0,0.3,428.7,37.2,1.189,0,233,117,66.6214620814947
57,1,0,0,2020,47,4,5,0,3,True,,,,43.2,39.3,42.9,,,35.0,41,0,21,54.27856887671906
61,1,0,0,2020,47,4,5,0,3,True,,,33.225074212725,5.1,9.9,4.2,17.7,48.9,3.3281,7,33,20,0.0
62,1,0,0,2020,47,4,5,0,3,True,,,273.94998588865,5.5,1.5,2.0,107.5,5.5,1.4996,2,56,29,0.0
64,1,0,0,2020,47,4,5,0,3,True,,,145.891580892075,111.9,3.9,3.0,159.6,18.3,85.0001,3,89,46,54.82863634058674
65,1,0,0,2020,47,4,5,0,3,True,,,818.6997479450749,125.0,49.5,43.0,862.5,183.0,75.0012,46,523,284,239.74157096117298
66,1,0,0,2020,47,4,5,0,3,True,,,43.290426137575,2.1,1.95,0.75,40.95,42.45,1.0001,1,42,22,0.0
67,1,0,0,2020,47,4,5,0,3,True,,,481.0587236734,8.1,3.6,3.0,408.3,5.4,2.9998,3,207,105,106.28800776511497
72,1,3,0,2020,47,4,5,0,3,True,,,727.953578472325,0.0,,,721.4901,35.0,,0,378,189,490.7609740977934
73,1,0,0,2020,47,4,5,0,3,True,,,508.5095842099249,456.3,5.7,15.6,641.4,26.4,210.001,11,334,172,374.8068238612283
74,1,0,0,2020,47,4,5,0,3,True,,,3457.887021587125,537.0,50.0,49.0,4916.5,221.5,250.9999,50,2569,1309,927.2674447898008
85,1,0,0,2020,47,4,5,0,3,True,,,43.418494840325,3.45,3.0,3.6,27.45,35.55,,3,32,17,0.0
86,1,0,0,2020,47,4,5,0,3,True,,,34.096406769450006,0.15,1.95,1.35,21.45,11.7,,2,17,9,0.0
102,2,0,0,2020,47,4,5,0,3,True,,,196.026538517675,1.65,1.05,0.6,58.65,21.75,1.0001,1,40,21,0.0
103,2,0,0,2020,47,4,5,0,3,True,,,,5.7,0.0,7.8,253.5,94.2,2.0004,4,174,89,0.0
104,2,0,0,2020,47,4,5,0,3,True,,,,0.0,,0.0,,0.0,,0,0,0,0.0
110,0,0,0,2020,47,4,5,0,3,True,,,,0.612,0.0,0.153,21.879,27.234,,0,25,12,0.0
111,0,0,0,2020,47,4,5,0,3,True,,,,1.5,0.6,1.5,50.1,42.0,,1,46,24,0.0
115,3,0,0,2020,47,4,5,0,3,True,,,58.848825297525,5.5,1.5,4.0,96.5,99.5,4.9999,3,98,50,0.0
116,3,0,0,2020,47,4,5,0,3,True,,,123.28206742785002,4.5,5.5,4.0,174.5,160.5,5.0005,5,168,86,0.0
0,1,3,0,2020,48,5,0,0,1,True,,,2328.936786610784,225.03,107.0,120.0,3318.0002,290.0,176.0002,114,1804,959,390.1719552966665
1,1,0,0,2020,48,5,0,0,1,True,,,,788.1,58.8,65.4,546.9,66.9,581.0004,62,307,184,476.67886112768286
2,1,0,0,2020,48,5,0,0,1,True,,,2484.036434826617,1519.5,271.8,225.6,3217.8,452.7,662.9996,249,1835,1042,1321.0983487748572
3,1,0,0,2020,48,5,0,0,1,True,,,5599.825462892016,2604.5,416.0,323.0,8023.5,589.0,823.0001,370,4306,2338,2862.8713910550846
12,1,3,0,2020,48,5,0,0,1,True,,,279.6815232538833,0.0,0.0,,322.90020000000004,,,0,161,81,0.0
13,1,0,0,2020,48,5,0,0,1,True,,,319.9170851255,153.6,70.5,57.3,409.5,21.0,55.5001,64,215,140,113.41918901829419
14,1,0,0,2020,48,5,0,0,1,True,,,1515.6484288658996,486.0,89.5,85.0,2388.0,192.0,93.0,87,1290,689,347.7448875220106
16,1,3,0,2020,48,5,0,0,1,True,,,171.39093017496666,0.0,0.0,,329.86,382.36,,0,356,178,15.704430541310163
17,1,0,0,2020,48,5,0,0,1,True,,,74.35399064663333,111.6,5.1,8.1,90.6,21.0,57.7993,7,56,31,41.66120798620353
18,1,0,0,2020,48,5,0,0,1,True,,,466.7310000956833,320.5,105.5,75.0,897.0,1056.5,72.00059999999999,90,977,534,261.24787827767545
19,1,3,0,2020,48,5,0,0,1,True,,,787.8361866437666,0.0,0.0,0.0,991.78,95.0,,0,543,272,23.233448762906185
20,1,0,0,2020,48,5,0,0,1,True,,,423.7285655840833,416.7,67.8,53.7,562.2,96.0,260.0,61,329,195,319.83316984461226
21,1,0,0,2020,48,5,0,0,1,True,,,3666.7486209796334,1372.0,310.0,232.5,5115.0,537.5,282.9998,271,2826,1549,1187.6046877660208
24,1,0,0,2020,48,5,0,0,1,True,,,136.47597937853334,177.0,20.7,10.2,137.7,30.3,92.0013,15,84,50,85.78257252779045
25,1,0,0,2020,48,5,0,0,1,True,,,572.48894465515,186.0,66.0,38.5,537.0,1366.5,40.8001,52,952,502,214.2159853676345
48,1,3,0,2020,48,5,0,0,1,True,,,659.6862672231167,19.8,10.0,0.0,926.34,5.0,,5,466,235,53.79052895897075
49,1,0,0,2020,48,5,0,0,1,True,,,,412.35,420.75,361.65,129.6,122.7,358.0002,391,126,259,263.0184860454663
50,1,0,0,2020,48,5,0,0,1,True,,,,502.5,58.5,56.4,682.5,57.6,321.0008,57,370,214,393.80710480245256
51,1,0,0,2020,48,5,0,0,1,True,,,2575.9522650468,1365.5,228.0,152.5,3805.5,295.5,361.5,190,2050,1120,1176.0085746606
52,1,3,0,2020,48,5,0,0,1,True,,,229.40707128613332,0.0,0.0,0.0,242.0,40.0,,0,141,70,0.0
53,1,0,0,2020,48,5,0,0,1,True,,,316.5369918637833,432.0,62.1,48.0,569.7,50.1,233.0,55,310,182,363.6068591110074
54,1,0,0,2020,48,5,0,0,1,True,,,2848.2786242301668,888.5,524.0,431.5,4343.5,785.0,163.5006,478,2564,1521,1904.8034971695017
55,1,0,0,2020,48,5,0,0,1,True,,,53.81019547918334,9.0,0.3,1.35,72.45,16.8,2.2001,1,45,23,0.0
56,1,0,0,2020,48,5,0,0,1,True,,,331.9575004572,57.6,0.0,0.0,460.2,42.9,1.309,0,252,126,45.635097537220965
57,1,0,0,2020,48,5,0,0,1,True,,,,110.7,43.2,39.3,,,38.5,41,0,21,18.441028576512917
61,1,0,0,2020,48,5,0,0,1,True,,,21.673322888633333,12.9,5.1,9.9,15.3,32.1,5.8609,8,24,16,0.0
62,1,0,0,2020,48,5,0,0,1,True,,,187.08183425086665,34.0,5.5,1.5,117.5,8.0,1.6506,4,63,33,0.0
64,1,0,0,2020,48,5,0,0,1,True,,,,144.9,7.2,3.9,190.2,33.3,103.5008,6,112,59,56.51084695157364
65,1,0,0,2020,48,5,0,0,1,True,,,609.5588814652833,302.0,58.0,49.5,1029.0,156.0,76.5006,54,592,323,254.51116735234683
66,1,0,0,2020,48,5,0,0,1,True,,,28.548274140066667,10.05,2.1,1.95,38.7,37.95,1.1,2,38,20,0.0
67,1,0,0,2020,48,5,0,0,1,True,,,363.37934150235,49.8,8.1,3.6,404.4,5.4,3.2997,6,205,105,120.61727887642309
72,1,3,0,2020,48,5,0,0,1,True,,,498.2902094762,0.0,0.0,,719.1999000000001,50.0,,0,385,192,95.69269017131478
73,1,0,0,2020,48,5,0,0,1,True,,,403.15581727806665,646.5,23.1,5.7,760.8000000000001,30.3,325.0005,14,396,205,431.9533544375334
74,1,0,0,2020,48,5,0,0,1,True,,,2656.3511350073,1639.5,64.5,50.0,5776.0,210.0,353.5008,57,2993,1525,1036.8679316414807
84,1,0,0,2020,48,5,0,0,1,True,,,,24.0,,0.0,,,,0,0,0,0.0
85,1,0,0,2020,48,5,0,0,1,True,,,28.098382415616665,5.25,3.45,3.0,21.6,31.95,,3,27,15,0.0
86,1,0,0,2020,48,5,0,0,1,True,,,24.315993492533337,1.8,3.0,1.95,22.05,12.0,,2,17,10,0.0
102,2,0,0,2020,48,5,0,0,1,True,,,124.32811467476668,7.65,0.6,1.05,51.45,18.9,1.1004,1,35,18,0.0
103,2,0,0,2020,48,5,0,0,1,True,,,,50.7,0.6,0.0,267.0,85.6308,2.1997,0,176,88,0.0
104,2,0,0,2020,48,5,0,0,1,True,,,,4.5,0.0,,,,,0,0,0,0.0
110,0,0,0,2020,48,5,0,0,1,True,,,,1.53,0.612,0.0,23.868,20.655,,0,22,11,0.0
111,0,0,0,2020,48,5,0,0,1,True,,,,4.5,1.5,0.6,51.3,56.1,,1,54,27,0.0
115,3,0,0,2020,48,5,0,0,1,True,,,36.48411604973333,15.5,5.5,1.5,92.5,101.5,5.5,4,97,50,0.0
116,3,0,0,2020,48,5,0,0,1,True,,,76.43036597898335,42.0,4.5,5.5,186.5,143.0,5.5002,5,165,85,0.0
0,1,3,0,2020,49,5,2,0,2,True,,,2328.936786610784,1371.7180999999998,71.0,107.0,3139.0701,300.0,176.0002,89,1720,904,233.8410826678012
1,1,0,0,2020,49,5,2,0,2,True,,,446.8323890457,735.9,52.2,58.8,489.75,48.6,559.0013,56,269,162,391.7269517924261
2,1,0,0,2020,49,5,2,0,2,True,,,2484.042385631634,2175.3,226.8,271.8,3057.6,398.4,887.1487999999999,249,1728,989,1199.7122800760828
3,1,0,0,2020,49,5,2,0,2,True,,,5615.596055016399,3836.5,298.0,416.0,7783.0,473.5,1746.0525,357,4128,2243,3037.7248547860054
6,1,0,0,2020,49,5,2,0,2,True,,,,0.32,,,0.48,1.76,,0,1,1,10.844165784613416
7,1,0,0,2020,49,5,2,0,2,True,,,226.19195547450008,0.0,,,124.2,134.7,,0,129,65,23.918335294900626
12,1,3,0,2020,49,5,2,0,2,True,,,279.6815232538833,114.43,0.0,0.0,352.5101,,,0,176,88,0.0
13,1,0,0,2020,49,5,2,0,2,True,,,319.9170851255,172.8,153.6,70.5,346.2,21.3,77.0079,112,184,148,110.41904990551973
14,1,0,0,2020,49,5,2,0,2,True,,,1515.6484288658996,597.0,486.0,89.5,1890.0,221.0,284.9998,288,1056,672,590.207366147604
16,1,3,0,2020,49,5,2,0,2,True,,,171.39093017496666,236.09,0.0,0.0,336.3,316.96,,0,327,163,18.80583064843217
17,1,0,0,2020,49,5,2,0,2,True,,,74.35399064663333,87.0,0.0,5.1,92.1,21.9,60.0002,3,57,30,28.469301735340178
18,1,0,0,2020,49,5,2,0,2,True,,,466.7310000956833,541.0,320.5,105.5,885.0,966.0,158.013,213,926,569,444.60217312564146
19,1,3,0,2020,49,5,2,0,2,True,,,787.8361866437666,454.59,0.0,0.0,831.85,125.0,,0,478,239,9.287270216038246
20,1,0,0,2020,49,5,2,0,2,True,,,423.7285655840833,462.9,68.4,67.8,502.5,72.0,241.3695,68,287,178,385.91446624948134
21,1,0,0,2020,49,5,2,0,2,True,,,3666.7486209796334,2541.0,231.5,310.0,5140.0,440.0,670.0,271,2790,1530,1189.586134339241
24,1,0,0,2020,49,5,2,0,2,True,,,136.47597937853334,141.0,13.2,20.7,126.6,25.2,80.21560000000001,17,76,46,76.58302175110866
25,1,0,0,2020,49,5,2,0,2,True,,,572.48894465515,214.5,186.0,66.0,455.0,1292.0,69.99980000000001,126,874,500,367.4765480320623
48,1,3,0,2020,49,5,2,0,2,True,,,659.6862672231167,397.07,0.0,10.0,860.4601,10.0,,5,435,220,118.07016878167722
49,1,0,0,2020,49,5,2,0,2,True,,,93.41302384728334,355.95,412.35,420.75,102.75,73.2,350.0006,417,88,252,219.5304232623259
50,1,0,0,2020,49,5,2,0,2,True,,,434.9466531540001,638.1,41.4,58.5,574.5,45.6,250.6696,50,310,180,390.2442195923339
51,1,0,0,2020,49,5,2,0,2,True,,,2575.9522650468,2377.0,143.0,228.0,3355.5,290.0,615.0019000000001,186,1823,1004,758.5852588576823
52,1,3,0,2020,49,5,2,0,2,True,,,229.40707128613332,103.47,12.0,0.0,298.47,50.0,,6,174,90,0.0
53,1,0,0,2020,49,5,2,0,2,True,,,316.5369918637833,513.9,42.0,62.1,412.8,49.2,238.99990000000005,52,231,142,251.36539754791139
54,1,0,0,2020,49,5,2,0,2,True,,,2848.2786242301668,2016.5,407.0,524.0,3839.0,480.0,565.0008,466,2160,1312,1754.9488947880895
55,1,0,0,2020,49,5,2,0,2,True,,,53.81019547918334,8.85,0.0,0.3,72.6,15.3,9.919,0,44,22,0.0
56,1,0,0,2020,49,5,2,0,2,True,,,331.9575004572,56.7,0.3,0.0,410.4,33.9,19.0004,0,222,111,38.80277716396951
57,1,0,0,2020,49,5,2,0,2,True,,,,111.0,110.7,43.2,,,30.3876,77,0,38,17.94501608999052
58,1,0,0,2020,49,5,2,0,2,True,,,,0.0,0.0,,,,,0,0,0,0.0
61,1,0,0,2020,49,5,2,0,2,True,,,21.673322888633333,13.2,12.9,5.1,18.9,36.3,3.2463,9,28,18,0.0
62,1,0,0,2020,49,5,2,0,2,True,,,187.08183425086665,32.5,34.0,5.5,127.0,6.0,6.2618,20,66,43,26.078092971329937
64,1,0,0,2020,49,5,2,0,2,True,,,100.33741712356668,163.2,5.4,7.2,187.2,16.2,92.9583,6,102,54,53.14039030837129
65,1,0,0,2020,49,5,2,0,2,True,,,609.5588814652833,550.0,45.0,58.0,862.5,126.0,170.4961,52,494,273,220.46085682803857
66,1,0,0,2020,49,5,2,0,2,True,,,28.548274140066667,6.300000000000001,10.05,2.1,42.0,40.35,5.4517,6,41,24,0.0
67,1,0,0,2020,49,5,2,0,2,True,,,368.1833140836167,26.7,49.8,8.1,415.2,5.7,10.9997,29,210,120,164.15996973626065
68,1,0,0,2020,49,5,2,0,2,True,,,26.38080943811667,0.0,,,31.5,30.5,,0,31,16,14.688218931219472
72,1,3,0,2020,49,5,2,0,2,True,,,498.2902094762,332.08,0.0,0.0,665.1,30.0,,0,348,174,111.41151876225132
73,1,0,0,2020,49,5,2,0,2,True,,,403.15581727806665,727.8,2.7,23.1,748.2,16.2,312.9858,13,382,198,301.7910239396168
74,1,0,0,2020,49,5,2,0,2,True,,,2656.3511350073,3125.5,54.0,64.5,5369.0,179.0,964.9152,59,2774,1417,1117.5803787598222
83,1,0,0,2020,49,5,2,0,2,True,,,,0.3,,,0.0,,,0,0,0,0.0
84,1,0,0,2020,49,5,2,0,2,True,,,,0.0,24.0,,,,,12,0,6,49.280595124047636
85,1,0,0,2020,49,5,2,0,2,True,,,28.098382415616665,11.4,5.25,3.45,20.55,25.05,2.1928,4,23,14,0.0
86,1,0,0,2020,49,5,2,0,2,True,,,24.315993492533337,3.45,2.85,3.0,22.35,9.9,1.3362,3,16,10,0.0
102,2,0,0,2020,49,5,2,0,2,True,,,124.32811467476668,9.15,0.0,0.6,46.95,19.5,3.2266,0,33,17,0.0
103,2,0,0,2020,49,5,2,0,2,True,,,,0.0,0.0,0.6,220.8,76.8,6.035299999999999,0,149,75,0.0
104,2,0,0,2020,49,5,2,0,2,True,,,,0.0,4.5,0.0,,,,2,0,1,0.0
110,0,0,0,2020,49,5,2,0,2,True,,,,9.027,1.53,0.612,20.196,25.245,2.5048,1,23,12,0.0
111,0,0,0,2020,49,5,2,0,2,True,,,,0.0,4.5,1.5,46.2,49.5,5.0002,3,48,25,0.0
115,3,0,0,2020,49,5,2,0,2,True,,,36.48411604973333,26.0,15.5,5.5,88.5,105.5,5.9995,10,97,54,0.0
116,3,0,0,2020,49,5,2,0,2,True,,,76.43036597898335,61.5,42.0,4.5,155.5,154.5,6.0004,23,155,89,0.0
0,1,3,0,2020,50,5,3,0,1,True,,,2328.936786610784,1180.15,85.0,71.0,3313.6802,335.0,582.4081,78,1824,951,370.13961740504834
1,1,0,0,2020,50,5,3,0,1,True,,,446.8323890457,748.35,56.55,52.2,625.35,100.95,687.6011,54,363,209,578.7489746571322
2,1,0,0,2020,50,5,3,0,1,True,,,2484.042385631634,2768.1000000000004,222.6,226.8,3353.7,477.0,1736.9996,225,1915,1070,1282.5622888864402
3,1,0,0,2020,50,5,3,0,1,True,,,5615.596055016399,5874.0,302.0,298.0,8646.5,774.5,3154.8637,300,4710,2505,2444.6543552334433
6,1,0,0,2020,50,5,3,0,1,True,,,,0.0,0.32,,0.48,,,0,0,0,16.341067118004784
7,1,0,0,2020,50,5,3,0,1,True,,,226.19195547450008,0.0,0.0,,123.9,155.1,,0,140,70,36.49760875555848
12,1,3,0,2020,50,5,3,0,1,True,,,279.6815232538833,42.17,114.43,0.0,277.1001,,48.5395,57,139,98,0.0
13,1,0,0,2020,50,5,3,0,1,True,,,319.9170851255,233.4,172.8,153.6,372.6,27.6,137.9999,163,200,182,92.34013617281474
14,1,0,0,2020,50,5,3,0,1,True,,,1515.6484288658996,1078.5,597.0,486.0,1964.0,243.0,655.0002999999999,542,1104,822,629.9449604177353
16,1,3,0,2020,50,5,3,0,1,True,,,171.39093017496666,124.66,236.09,0.0,340.64,451.2,53.29469999999999,118,396,257,239.29120848575218
17,1,0,0,2020,50,5,3,0,1,True,,,74.35399064663333,122.1,2.7,0.0,133.8,19.5,121.0002,1,77,39,37.288810392010596
18,1,0,0,2020,50,5,3,0,1,True,,,466.7310000956833,729.0,541.0,320.5,961.0,1095.5,428.1665,431,1028,730,515.0583140259602
19,1,3,0,2020,50,5,3,0,1,True,,,787.8361866437666,265.16,20.0,0.0,938.94,105.0,152.7379,10,522,266,181.105962825881
20,1,0,0,2020,50,5,3,0,1,True,,,423.7285655840833,497.1,46.8,68.4,584.4,92.7,462.0015,58,339,198,307.8191243389537
21,1,0,0,2020,50,5,3,0,1,True,,,3666.7486209796334,3258.5,219.0,231.5,4828.0,497.5,1822.3312,225,2663,1444,1201.4034609849543
24,1,0,0,2020,50,5,3,0,1,True,,,136.47597937853334,141.9,9.3,13.2,151.5,41.1,125.0011,11,96,54,84.96157853096334
25,1,0,0,2020,50,5,3,0,1,True,,,572.48894465515,256.5,214.5,186.0,511.5,1597.0,208.001,200,1054,627,310.9426897723862
48,1,3,0,2020,50,5,3,0,1,True,,,659.6862672231167,309.66,5.0,0.0,968.2101,5.0,147.0985,2,487,245,25.71746564857926
49,1,0,0,2020,50,5,3,0,1,True,,,93.41302384728334,264.45,355.95,412.35,148.95,124.5,349.9999,384,137,260,231.59287833389763
50,1,0,0,2020,50,5,3,0,1,True,,,434.9466531540001,880.5,35.099999999999994,41.4,663.9000000000001,69.9,396.646,38,367,203,392.60650476045373
51,1,0,0,2020,50,5,3,0,1,True,,,2575.9522650468,3496.0,150.0,143.0,3818.5,253.0,1695.0001,146,2036,1091,869.3397260152861
52,1,3,0,2020,50,5,3,0,1,True,,,229.40707128613332,35.94,15.0,12.0,207.91,40.0,49.1615,14,124,69,0.0
53,1,0,0,2020,50,5,3,0,1,True,,,316.5369918637833,518.7,46.2,42.0,515.7,57.3,405.0006,44,286,165,420.707551101327
54,1,0,0,2020,50,5,3,0,1,True,,,2848.2786242301668,2807.5,381.0,407.0,4262.0,748.0,1262.0158,394,2505,1450,1665.6541331564467
55,1,0,0,2020,50,5,3,0,1,True,,,53.81019547918334,19.5,0.0,0.0,75.0,16.5,12.0748,0,46,23,0.0
56,1,0,0,2020,50,5,3,0,1,True,,,331.9575004572,91.8,0.0,0.3,492.0,43.2,59.6185,0,268,134,63.60708811812897
57,1,0,0,2020,50,5,3,0,1,True,,,,96.9,111.0,110.7,,,85.622,111,0,55,59.10739092848042
58,1,0,0,2020,50,5,3,0,1,True,,,,0.0,0.0,0.0,,,,0,0,0,0.0
61,1,0,0,2020,50,5,3,0,1,True,,,21.673322888633333,7.800000000000001,13.2,12.9,21.3,38.4,6.1518,13,30,21,0.0
62,1,0,0,2020,50,5,3,0,1,True,,,187.08183425086665,55.0,32.5,34.0,120.0,6.5,24.9579,33,63,48,35.775930865444856
64,1,0,0,2020,50,5,3,0,1,True,,,100.33741712356668,200.4,3.6,5.4,159.3,30.0,120.6001,4,95,50,47.05401676156826
65,1,0,0,2020,50,5,3,0,1,True,,,609.5588814652833,629.5,39.5,45.0,1047.0,190.0,320.5705,42,618,330,315.9039738476662
66,1,0,0,2020,50,5,3,0,1,True,,,28.548274140066667,0.75,6.300000000000001,10.05,40.65,42.3,18.1142,8,41,25,0.0
67,1,0,0,2020,50,5,3,0,1,True,,,363.37934150235,101.1,26.7,49.8,450.9,5.4,52.0008,38,228,133,146.89030578160865
68,1,0,0,2020,50,5,3,0,1,True,,,26.38080943811667,0.0,0.0,,33.5,29.5,4.0,0,32,16,0.0
72,1,3,0,2020,50,5,3,0,1,True,,,,114.63,0.0,0.0,605.75,45.0,119.8905,0,325,163,126.83117487343644
73,1,0,0,2020,50,5,3,0,1,True,,,403.15581727806665,756.0,16.5,2.7,718.2,36.9,640.0003,10,378,194,384.47849239860165
74,1,0,0,2020,50,5,3,0,1,True,,,2656.3511350073,3997.0,43.0,54.0,5399.5,239.5,2006.6505,48,2820,1434,1167.7149909151333
83,1,0,0,2020,50,5,3,0,1,True,,,,0.3,0.3,,0.0,,,0,0,0,17.45074575928092
84,1,0,0,2020,50,5,3,0,1,True,,,,0.0,0.0,24.0,,,,12,0,6,0.0
85,1,0,0,2020,50,5,3,0,1,True,,,28.098382415616665,12.9,11.4,5.25,24.0,28.05,7.049500000000001,8,26,17,0.0
86,1,0,0,2020,50,5,3,0,1,True,,,24.315993492533337,5.25,2.85,2.85,21.6,8.85,3.102,3,15,9,0.0
102,2,0,0,2020,50,5,3,0,1,True,,,124.32811467476668,16.95,0.0,0.0,43.2,19.95,7.390899999999999,0,32,16,0.0
103,2,0,0,2020,50,5,3,0,1,True,,,,21.6,0.0,0.0,238.2,89.4,47.105,0,164,82,0.0
104,2,0,0,2020,50,5,3,0,1,True,,,,0.0,0.0,4.5,,,2.3998,2,0,1,0.0
110,0,0,0,2020,50,5,3,0,1,True,,,,7.038,9.027,1.53,22.797,30.447,1.8907,5,27,16,0.0
111,0,0,0,2020,50,5,3,0,1,True,,,,0.0,0.0,4.5,56.4,62.1,5.7134,2,59,31,0.0
115,3,0,0,2020,50,5,3,0,1,True,,,36.48411604973333,29.5,26.0,15.5,83.5,107.0,22.5621,21,95,58,0.0
116,3,0,0,2020,50,5,3,0,1,True,,,76.43036597898335,72.5,61.5,42.0,157.5,150.0,63.6374,52,154,103,0.0
0,1,3,0,2020,51,5,2,0,1,True,,,2328.936786610784,276.72,95.0,85.0,3871.9801,410.0,2500.0,90,2141,1115,578.8884535062954
1,1,0,0,2020,51,5,2,0,1,True,,,446.8323890457,1326.15,64.2,56.55,1100.25,121.65,982.6487,60,611,336,846.0069755887687
2,1,0,0,2020,51,5,2,0,1,True,,,2484.042385631634,2778.3,197.1,222.6,5493.0,768.9,3088.7803,210,3131,1670,1763.651199306595
3,1,0,0,2020,51,5,2,0,1,True,,,5615.596055016399,3110.5,260.5,302.0,13487.5,1047.5,5894.5668000000005,281,7268,3774,3906.6655485959614
13,1,0,0,2020,51,5,2,0,1,True,,,319.9170851255,184.2,233.4,172.8,564.3,31.2,262.6636,203,298,250,468.4741944199458
14,1,0,0,2020,51,5,2,0,1,True,,,1515.6484288658996,344.0,1078.5,597.0,2746.0,365.5,1097.0209,838,1556,1197,1230.0407687336701
17,1,0,0,2020,51,5,2,0,1,True,,,74.35399064663333,93.9,6.9,2.7,227.1,33.6,138.6367,5,130,68,74.99618345086216
18,1,0,0,2020,51,5,2,0,1,True,,,466.7310000956833,263.5,729.0,541.0,1496.0,1684.5,816.5275,635,1590,1113,889.0076908473803
20,1,0,0,2020,51,5,2,0,1,True,,,423.7285655840833,492.3,56.1,46.8,976.8,136.5,662.6365,51,557,304,389.4654673920154
21,1,0,0,2020,51,5,2,0,1,True,,,3666.7486209796334,1201.5,171.5,219.0,8334.5,909.5,3710.2785,195,4622,2409,1925.415476826737
24,1,0,0,2020,51,5,2,0,1,True,,,136.47597937853334,160.5,13.8,9.3,296.4,62.4,187.8522,12,179,95,126.0534137926655
25,1,0,0,2020,51,5,2,0,1,True,,,572.48894465515,123.0,256.5,214.5,932.5,2305.5,302.87100000000004,236,1619,927,307.00760400491157
49,1,0,0,2020,51,5,2,0,1,True,,,93.41302384728334,531.45,264.45,355.95,241.65,209.7,490.4431,310,226,268,247.28112951437342
50,1,0,0,2020,51,5,2,0,1,True,,,417.2599341341167,824.1,38.1,35.099999999999994,984.6,67.5,1115.0003,37,526,281,504.8453574186022
51,1,0,0,2020,51,5,2,0,1,True,,,2575.9522650468,1462.5,150.0,150.0,5519.5,421.0,3615.5807,150,2970,1560,1497.1927241635085
53,1,0,0,2020,51,5,2,0,1,True,,,316.5369918637833,630.9,27.0,46.2,882.3,82.8,687.2445,37,483,260,389.0481681155608
54,1,0,0,2020,51,5,2,0,1,True,,,2848.2786242301668,990.5,355.0,381.0,6487.0,1205.5,3141.8861,368,3846,2107,2432.590557133091
55,1,0,0,2020,51,5,2,0,1,True,,,53.81019547918334,3.6,0.0,0.0,107.7,19.8,20.7474,0,64,32,0.0
56,1,0,0,2020,51,5,2,0,1,True,,,331.9575004572,0.0,0.0,0.0,714.3,68.1,128.2046,0,391,196,243.17663596599766
57,1,0,0,2020,51,5,2,0,1,True,,,,90.3,96.9,111.0,,,163.7464,104,0,52,88.60870754409441
58,1,0,0,2020,51,5,2,0,1,True,,,,0.0,0.0,0.0,,,,0,0,0,0.0
61,1,0,0,2020,51,5,2,0,1,True,,,21.673322888633333,18.6,7.800000000000001,13.2,32.4,52.5,19.085,10,42,26,0.0
62,1,0,0,2020,51,5,2,0,1,True,,,187.08183425086665,14.0,55.0,32.5,160.0,6.5,45.2528,44,83,64,100.48851393457633
64,1,0,0,2020,51,5,2,0,1,True,,,100.33741712356668,207.3,3.6,3.6,299.7,47.1,206.4925,4,173,89,106.6227598034669
65,1,0,0,2020,51,5,2,0,1,True,,,609.5588814652833,359.0,33.0,39.5,1496.0,233.0,796.9173,36,864,450,552.5505465351973
66,1,0,0,2020,51,5,2,0,1,True,,,28.548274140066667,4.8,0.75,6.300000000000001,62.25,57.6,19.7169,4,60,32,0.0
67,1,0,0,2020,51,5,2,0,1,True,,,368.1833140836167,0.3,101.1,26.7,716.1,6.9,94.2634,64,362,213,427.07440197833415
73,1,0,0,2020,51,5,2,0,1,True,,,403.15581727806665,865.8,5.699999999999999,16.5,1352.4,33.9,949.5663,11,693,352,477.4566971732817
74,1,0,0,2020,51,5,2,0,1,True,,,2656.3511350073,1754.5,54.0,43.0,8479.5,337.5,4644.0113,48,4408,2228,2068.172993811057
84,1,0,0,2020,51,5,2,0,1,True,,,,0.0,0.0,0.0,,,,0,0,0,0.0
85,1,0,0,2020,51,5,2,0,1,True,,,28.098382415616665,6.3,12.9,11.4,43.95,49.05,17.7291,12,46,29,0.0
86,1,0,0,2020,51,5,2,0,1,True,,,24.315993492533337,1.5,0.75,2.85,35.7,14.85,9.1758,2,25,14,0.0
102,2,0,0,2020,51,5,2,0,1,True,,,124.32811467476668,0.6,0.0,0.0,67.35,30.15,24.8,0,49,24,0.0
103,2,0,0,2020,51,5,2,0,1,True,,,,0.0,0.0,0.0,352.5,136.5,75.5857,0,244,122,0.0
104,2,0,0,2020,51,5,2,0,1,True,,,,0.0,0.0,0.0,,,3.9904,0,0,0,0.0
110,0,0,0,2020,51,5,2,0,1,True,,,,0.0,7.038,9.027,33.813,40.392,9.1616,8,37,23,0.0
111,0,0,0,2020,51,5,2,0,1,True,,,,0.0,0.0,0.0,90.9,84.0,17.7484,0,87,44,0.0
115,3,0,0,2020,51,5,2,0,1,True,,,36.48411604973333,4.5,29.5,26.0,155.0,137.0,52.53489999999999,28,146,87,0.0
116,3,0,0,2020,51,5,2,0,1,True,,,76.43036597898335,10.5,72.5,61.5,235.0,248.5,104.225,67,242,154,0.0
0,1,3,0,2020,52,3,3,2,1,True,,,2328.936786610784,104.32,276.72,95.0,2453.8311000000003,145.0,100.0,186,1299,743,961.6449703660331
1,1,0,0,2020,52,3,3,2,1,True,,,446.8323890457,1161.15,73.95,64.2,492.15,39.15,589.9998,69,266,167,384.8847310015743
2,1,0,0,2020,52,3,3,2,1,True,,,2484.042385631634,1747.8,134.7,197.1,1812.0,250.8,655.2552999999999,166,1031,599,880.456625099722
3,1,0,0,2020,52,3,3,2,1,True,,,5599.825462892016,1054.5,92.5,260.5,4999.5,436.0,722.2748,176,2718,1447,847.4408143685948
13,1,0,0,2020,52,3,3,2,1,True,,,319.9170851255,95.7,184.2,233.4,139.5,21.9,40.803,209,81,145,162.68798249771083
14,1,0,0,2020,52,3,3,2,1,True,,,1515.6484288658996,28.0,344.0,1078.5,872.5,141.0,146.9536,711,507,609,208.58263402724057
17,1,0,0,2020,52,3,3,2,1,True,,,74.35399064663333,92.1,5.1,6.9,57.3,21.0,25.6258,6,39,23,63.77687654498745
18,1,0,0,2020,52,3,3,2,1,True,,,466.7310000956833,96.0,263.5,729.0,535.5,622.5,120.3064,496,579,538,0.0
20,1,0,0,2020,52,3,3,2,1,True,,,423.7285655840833,354.90000000000003,36.0,56.1,268.5,62.1,170.6535,46,165,106,220.64881761197682
21,1,0,0,2020,52,3,3,2,1,True,,,3666.7486209796334,511.5,66.0,171.5,2612.5,346.0,441.6952,119,1479,799,391.96586995411184
24,1,0,0,2020,52,3,3,2,1,True,,,136.47597937853334,147.9,3.9,13.8,111.9,9.9,43.6282,9,61,35,59.02885925637862
25,1,0,0,2020,52,3,3,2,1,True,,,572.48894465515,108.0,123.0,256.5,276.5,881.0,55.0725,190,579,384,111.9657150076619
49,1,0,0,2020,52,3,3,2,1,True,,,93.41302384728334,669.45,531.45,264.45,137.4,107.4,309.9996,398,122,260,251.81361617596477
50,1,0,0,2020,52,3,3,2,1,True,,,417.2599341341167,792.6,21.9,38.1,448.8,33.6,325.0003,30,241,136,237.89023915899097
51,1,0,0,2020,52,3,3,2,1,True,,,2575.9522650468,486.0,27.5,150.0,2443.5,166.0,435.0011,89,1305,697,581.7959036365202
53,1,0,0,2020,52,3,3,2,1,True,,,316.5369918637833,564.9000000000001,36.6,27.0,302.7,38.4,185.0013,32,171,101,195.03341962230667
54,1,0,0,2020,52,3,3,2,1,True,,,2848.2786242301668,314.0,96.5,355.0,2581.5,429.0,413.73,226,1505,866,655.2556318488566
55,1,0,0,2020,52,3,3,2,1,True,,,53.81019547918334,0.0,0.0,0.0,26.55,5.7,2.5648,0,16,8,0.0
56,1,0,0,2020,52,3,3,2,1,True,,,331.9575004572,0.0,0.0,0.0,240.9,21.0,10.2007,0,131,65,2.540626047342821
57,1,0,0,2020,52,3,3,2,1,True,,,,51.6,90.3,96.9,,,21.047,94,0,47,54.6442357444125
61,1,0,0,2020,52,3,3,2,1,True,,,21.673322888633333,6.3,18.6,7.800000000000001,8.4,20.4,2.3729,13,14,14,0.0
62,1,0,0,2020,52,3,3,2,1,True,,,187.08183425086665,2.0,14.0,55.0,88.0,8.0,5.4763,34,48,41,4.289164470646431
64,1,0,0,2020,52,3,3,2,1,True,,,100.33741712356668,121.5,6.3,3.6,122.7,14.4,69.6214,5,69,37,48.67617656987676
65,1,0,0,2020,52,3,3,2,1,True,,,609.5588814652833,135.0,21.0,33.0,621.5,114.5,86.0008,27,368,198,219.29381166826383
66,1,0,0,2020,52,3,3,2,1,True,,,28.548274140066667,0.0,4.8,0.75,22.8,20.4,2.4911,3,22,12,0.0
67,1,0,0,2020,52,3,3,2,1,True,,,363.37934150235,0.0,0.3,101.1,292.8,2.1,6.1442,51,147,99,144.06922664366286
73,1,0,0,2020,52,3,3,2,1,True,,,403.15581727806665,661.2,8.1,5.699999999999999,477.9,23.7,349.8127,7,251,129,436.60064988594957
74,1,0,0,2020,52,3,3,2,1,True,,,2656.3511350073,572.5,14.5,54.0,3295.5,133.0,547.2891,34,1714,874,855.7582739187503
84,1,0,0,2020,52,3,3,2,1,True,,,,0.0,0.0,0.0,,,,0,0,0,0.0
85,1,0,0,2020,52,3,3,2,1,True,,,28.098382415616665,4.8,6.3,12.9,12.6,13.65,2.2388,10,13,11,0.0
86,1,0,0,2020,52,3,3,2,1,True,,,24.315993492533337,0.3,0.0,0.75,10.8,5.25,1.1186,0,8,4,0.0
102,2,0,0,2020,52,3,3,2,1,True,,,124.32811467476668,0.0,0.3,0.0,16.2,10.5,4.5925,0,13,7,0.0
103,2,0,0,2020,52,3,3,2,1,True,,,,0.0,0.0,0.0,96.6,71.4,11.4436,0,84,42,0.0
104,2,0,0,2020,52,3,3,2,1,True,,,,0.0,0.0,0.0,,,1.0,0,0,0,0.0
110,0,0,0,2020,52,3,3,2,1,True,,,,1.53,0.0,7.038,11.169,13.617,1.116,4,12,8,0.0
111,0,0,0,2020,52,3,3,2,1,True,,,,1.5,0.0,0.0,25.8,24.3,2.125,0,25,13,0.0
115,3,0,0,2020,52,3,3,2,1,True,,,36.48411604973333,1.5,4.5,29.5,37.5,46.0,3.4947,17,42,29,0.0
116,3,0,0,2020,52,3,3,2,1,True,,,76.43036597898335,2.5,10.5,72.5,57.5,64.5,8.8324,42,61,51,0.0
0,1,3,0,2020,53,4,1,1,3,True,,,2328.936786610784,114.71,104.32,276.72,2453.8311000000003,145.0,310.00100000000003,191,1299,745,676.2315810614707
1,1,0,0,2020,53,4,1,1,3,True,,,,1088.7,77.55,73.95,492.15,39.15,970.0018,76,266,171,395.5393516821066
2,1,0,0,2020,53,4,1,1,3,True,,,2484.036434826617,1335.0,138.9,134.7,1812.0,250.8,1245.0007,137,1031,584,1039.1177326711015
3,1,0,0,2020,53,4,1,1,3,True,,,5599.825462892016,951.0,79.0,92.5,4999.5,436.0,1503.0,86,2718,1402,1010.5981439596533
13,1,0,0,2020,53,4,1,1,3,True,,,319.9170851255,109.5,95.7,184.2,139.5,21.9,80.9996,140,81,110,148.41158154604088
14,1,0,0,2020,53,4,1,1,3,True,,,1515.6484288658996,65.5,28.0,344.0,872.5,141.0,268.9157,186,507,346,127.94059264171356
17,1,0,0,2020,53,4,1,1,3,True,,,,99.9,4.5,5.1,57.3,21.0,46.6918,5,39,22,44.09468592282547
18,1,0,0,2020,53,4,1,1,3,True,,,466.7310000956833,93.5,96.0,263.5,535.5,622.5,227.7049,180,579,379,112.91109051921413
20,1,0,0,2020,53,4,1,1,3,True,,,423.7285655840833,509.7000000000001,31.8,36.0,268.5,62.1,342.9574,34,165,100,155.9203328165389
21,1,0,0,2020,53,4,1,1,3,True,,,3666.7486209796334,606.5,30.5,66.0,2612.5,346.0,730.0,48,1479,764,578.0933613161808
24,1,0,0,2020,53,4,1,1,3,True,,,,159.0,7.5,3.9,111.9,9.9,74.5559,6,61,33,60.48876676677346
25,1,0,0,2020,53,4,1,1,3,True,,,572.48894465515,108.5,108.0,123.0,276.5,881.0,100.9922,116,579,347,120.1457322211002
49,1,0,0,2020,53,4,1,1,3,True,,,93.41302384728334,462.15,669.45,531.45,137.4,107.4,490.0001,600,122,361,300.3165590204399
50,1,0,0,2020,53,4,1,1,3,True,,,417.2599341341167,591.0,18.3,21.9,448.8,33.6,635.0014,20,241,131,244.77188291526923
51,1,0,0,2020,53,4,1,1,3,True,,,2575.9522650468,556.5,47.5,27.5,2443.5,166.0,615.0019000000001,38,1305,671,741.4450014564165
53,1,0,0,2020,53,4,1,1,3,True,,,,402.0,42.6,36.6,302.7,38.4,295.0005,40,171,105,236.18405634469596
54,1,0,0,2020,53,4,1,1,3,True,,,2848.2786242301668,391.0,98.0,96.5,2581.5,429.0,575.0004,97,1505,801,727.6519372340249
55,1,0,0,2020,53,4,1,1,3,True,,,53.81019547918334,0.6,0.75,0.0,26.55,5.7,4.6335,0,16,8,0.0
56,1,0,0,2020,53,4,1,1,3,True,,,331.9575004572,0.0,0.0,0.0,240.9,21.0,12.0005,0,131,65,15.279448683167821
57,1,0,0,2020,53,4,1,1,3,True,,,,42.0,51.6,90.3,,,38.885,71,0,35,48.79122787991855
61,1,0,0,2020,53,4,1,1,3,True,,,21.673322888633333,6.0,6.3,18.6,8.4,20.4,4.3014,12,14,13,0.0
62,1,0,0,2020,53,4,1,1,3,True,,,187.08183425086665,3.0,2.0,14.0,88.0,8.0,9.7627,8,48,28,3.923952381112407
64,1,0,0,2020,53,4,1,1,3,True,,,,180.6,3.0,6.3,122.7,14.4,120.9999,5,69,37,36.536941347115764
65,1,0,0,2020,53,4,1,1,3,True,,,609.5588814652833,218.0,8.5,21.0,621.5,114.5,156.0009,15,368,191,252.52046267958136
66,1,0,0,2020,53,4,1,1,3,True,,,28.548274140066667,0.0,0.0,4.8,22.8,20.4,4.558,2,22,12,0.0
67,1,0,0,2020,53,4,1,1,3,True,,,363.37934150235,1.2,0.0,0.3,292.8,2.1,7.481299999999999,0,147,74,48.271196607444836
73,1,0,0,2020,53,4,1,1,3,True,,,403.15581727806665,465.0,3.6,8.1,477.9,23.7,630.0002000000001,6,251,128,361.8135271003335
74,1,0,0,2020,53,4,1,1,3,True,,,2656.3511350073,590.0,6.0,14.5,3295.5,133.0,1000.0007,10,1714,862,991.864507379503
84,1,0,0,2020,53,4,1,1,3,True,,,,0.0,0.0,0.0,,,,0,0,0,0.0
85,1,0,0,2020,53,4,1,1,3,True,,,28.098382415616665,3.9,4.8,6.3,12.6,13.65,4.0954,6,13,9,0.0
102,2,0,0,2020,53,4,1,1,3,True,,,124.32811467476668,0.45,0.9,0.3,16.2,10.5,2.2856,1,13,7,0.0
103,2,0,0,2020,53,4,1,1,3,True,,,,0.0,0.6,0.0,96.6,71.4,5.0002,0,84,42,0.0
104,2,0,0,2020,53,4,1,1,3,True,,,,0.0,0.0,0.0,,,1.0002,0,0,0,0.0
110,0,0,0,2020,53,4,1,1,3,True,,,,1.683,1.53,0.0,11.169,13.617,1.9981,1,12,7,0.0
111,0,0,0,2020,53,4,1,1,3,True,,,,1.2,1.5,0.0,25.8,24.3,3.7633,1,25,13,0.0
115,3,0,0,2020,53,4,1,1,3,True,,,36.48411604973333,1.5,1.5,4.5,37.5,46.0,4.0731,3,42,22,0.0
116,3,0,0,2020,53,4,1,1,3,True,,,76.43036597898335,1.0,2.5,10.5,57.5,64.5,5.8048,6,61,34,0.0
1,1,0,1,2020,45,5,8,1,2,True,,,90.28707646505,50.1,33.45,40.35,508.05,82.95,45.0006,37,296,166,34.68368596131886
2,1,0,1,2020,45,5,8,1,2,True,,,565.513237321575,181.5,60.3,150.0,2825.7000000000003,535.2,130.0001,105,1680,893,114.07863930260044
3,1,0,1,2020,45,5,8,1,2,True,,,742.5576081551001,319.0,121.5,159.0,6911.0,686.0,145.0007,140,3798,1969,141.90660697486123
17,1,0,1,2020,45,5,8,1,2,True,,,22.878236281175,6.6,1.2,3.9,82.2,27.0,3.0004,3,55,29,0.0
20,1,0,1,2020,45,5,8,1,2,True,,,110.5941270543,48.9,15.9,37.2,535.5,113.1,32.0003,27,324,175,0.0
21,1,0,1,2020,45,5,8,1,2,True,,,623.04596429095,144.5,23.0,141.0,5077.5,732.5,115.0013,82,2905,1494,133.0312577717058
24,1,0,1,2020,45,5,8,1,2,True,,,36.03187608395,15.9,0.9,4.8,162.0,44.7,4.6486,3,103,53,0.0
32,1,0,1,2020,45,5,8,1,2,True,,,108.072636302125,40.8,25.8,31.2,102.0,125.1,22.0,28,114,71,20.684222125199696
33,1,0,1,2020,45,5,8,1,2,True,,,788.8516724365752,223.5,42.0,185.0,789.0,880.0,136.4504,114,834,474,88.24363304167325
38,1,0,1,2020,45,5,8,1,2,True,,,88.14622737949999,25.8,10.2,30.0,96.9,107.4,21.5553,20,102,61,13.145901152806045
39,1,0,1,2020,45,5,8,1,2,True,,,403.23777902935,52.0,14.0,45.5,329.0,479.0,50.0004,30,404,217,37.077892378640556
40,1,0,1,2020,45,5,8,1,2,True,,,21.051719781175,4.5,0.9,4.2,25.2,26.4,5.2401,3,26,14,0.0
41,1,0,1,2020,45,5,8,1,2,True,,,,0.6,,0.45,,,,0,0,0,3.652510115662638
50,1,0,1,2020,45,5,8,1,2,True,,,,24.6,12.0,23.4,612.0,55.2,20.0004,18,334,176,10.690409159704014
51,1,0,1,2020,45,5,8,1,2,True,,,359.61522089834995,121.5,20.0,121.0,3732.5,327.5,109.0,70,2030,1050,122.99853754179772
53,1,0,1,2020,45,5,8,1,2,True,,,,30.3,14.7,31.5,458.4,65.4,33.0,23,262,142,13.11636956987079
54,1,0,1,2020,45,5,8,1,2,True,,,953.6006189963,391.5,39.0,326.5,4122.0,886.0,295.0005,183,2504,1343,125.96593960260579
55,1,0,1,2020,45,5,8,1,2,True,,,15.5990048588,0.3,0.45,0.0,72.45,19.05,0.6499,0,46,23,0.0
56,1,0,1,2020,45,5,8,1,2,True,,,40.943113203375,0.3,0.0,0.6,469.2,50.4,0.8001,0,260,130,8.48912990233238
64,1,0,1,2020,45,5,8,1,2,True,,,,3.0,1.8,2.4,169.2,35.7,2.7258,2,102,52,0.0
65,1,0,1,2020,45,5,8,1,2,True,,,,43.0,12.0,38.0,1079.5,255.5,33.999900000000004,25,668,346,14.36970405665251
73,1,0,1,2020,45,5,8,1,2,True,,,24.886696790300004,15.6,0.6,6.3,714.0,34.5,3.9042,3,374,189,9.259171652743133
74,1,0,1,2020,45,5,8,1,2,True,,,190.5611873804,49.0,6.0,30.0,5316.0,255.5,21.0001,18,2786,1402,0.0
77,1,0,1,2020,45,5,8,1,2,True,,,211.3241250531,52.5,6.0,62.0,165.5,324.0,27.6298,34,245,139,11.41528010362485
78,1,0,1,2020,45,5,8,1,2,True,,,70.85794988779999,14.5,0.0,19.0,63.5,111.0,13.2763,10,87,48,0.0
79,1,0,1,2020,45,5,8,1,2,True,,,150.233969185225,21.0,1.5,10.0,98.0,199.5,8.0001,6,149,77,1.3887915048024295
80,1,0,1,2020,45,5,8,1,2,True,,,24.15590555755,3.3,0.3,1.2,16.5,25.8,1.3001,1,21,11,0.0
86,1,0,1,2020,45,5,8,1,2,True,,,28.53173245805,1.35,0.75,1.65,27.9,15.45,1.1497,1,22,11,0.0
102,2,0,1,2020,45,5,8,1,2,True,,,,0.6,0.6,1.5,60.75,25.8,0.8001,1,43,22,0.0
103,2,0,1,2020,45,5,8,1,2,True,,,,7.8,0.0,4.8,305.4,137.1,4.0,2,221,112,11.854945083114044
118,3,0,1,2020,45,5,8,1,2,True,,,,46.5,11.5,52.0,268.0,,19.4998,32,134,83,27.160191752152585
0,1,3,1,2020,46,5,6,0,1,True,,,402.70563201085,120.0,145.68009999999998,5.0,2897.4695,330.0,,75,1614,845,38.68848903535942
1,1,0,1,2020,46,5,6,0,1,True,,,90.28707646505,65.4,50.1,33.45,471.75,77.7,22.5004,42,275,158,19.50698898571729
2,1,0,1,2020,46,5,6,0,1,True,,,565.513237321575,225.6,181.5,60.3,2686.5,556.8,65.00059999999999,121,1622,871,188.40088187756018
3,1,0,1,2020,46,5,6,0,1,True,,,742.5576081551001,323.0,319.0,121.5,6865.5,707.5,72.5002,220,3786,2003,283.1559340055319
17,1,0,1,2020,46,5,6,0,1,True,,,22.878236281175,8.1,6.6,1.2,98.7,19.8,1.5002,4,59,32,0.0
19,1,3,1,2020,46,5,6,0,1,True,,,136.12234044430002,0.0,,,929.12,110.0,,0,520,260,0.0
20,1,0,1,2020,46,5,6,0,1,True,,,110.5941270543,53.7,48.9,15.9,518.1,108.3,16.0003,32,313,173,0.0
21,1,0,1,2020,46,5,6,0,1,True,,,623.04596429095,232.5,144.5,23.0,4973.5,641.0,57.5006,84,2807,1446,162.48369092828923
24,1,0,1,2020,46,5,6,0,1,True,,,36.03187608395,10.2,15.9,0.9,119.7,36.3,2.3243,8,78,43,0.0
31,1,3,1,2020,46,5,6,0,1,True,,,,0.0,,,151.0,204.6,,0,178,89,0.0
32,1,0,1,2020,46,5,6,0,1,True,,,108.072636302125,69.3,40.8,25.8,95.4,102.0,11.0005,33,99,66,12.25077366668391
33,1,0,1,2020,46,5,6,0,1,True,,,788.8516724365752,329.0,223.5,42.0,621.5,761.0,68.2256,133,691,412,122.38061753126904
38,1,0,1,2020,46,5,6,0,1,True,,,88.14622737949999,33.6,25.8,10.2,86.1,73.2,10.778099999999998,18,80,49,3.356926933111619
39,1,0,1,2020,46,5,6,0,1,True,,,403.23777902935,74.0,52.0,14.0,314.0,367.0,24.9998,33,340,187,25.10466485426928
40,1,0,1,2020,46,5,6,0,1,True,,,21.051719781175,4.8,4.5,0.9,21.9,21.0,2.6198,3,21,12,0.0
41,1,0,1,2020,46,5,6,0,1,True,,,,0.15,0.6,,,,,0,0,0,0.0
48,1,3,1,2020,46,5,6,0,1,True,,,29.79254130605,0.0,,,824.5500000000001,5.0,,0,415,207,0.0
50,1,0,1,2020,46,5,6,0,1,True,,,,56.4,24.6,12.0,582.3000000000001,63.3,10.0,18,323,171,0.0
51,1,0,1,2020,46,5,6,0,1,True,,,359.61522089834995,152.5,121.5,20.0,3299.5,372.0,54.5001,71,1836,953,132.33443798355933
52,1,3,1,2020,46,5,6,0,1,True,,,94.388666639275,0.0,,,254.46,55.0,,0,155,77,0.0
53,1,0,1,2020,46,5,6,0,1,True,,,,48.0,30.3,14.7,451.8,68.7,16.4999,22,260,141,0.0
54,1,0,1,2020,46,5,6,0,1,True,,,953.6006189963,431.5,391.5,39.0,3959.5,961.0,147.5008,215,2460,1338,263.4567998515937
55,1,0,1,2020,46,5,6,0,1,True,,,15.5990048588,1.35,0.3,0.45,69.0,17.25,0.3252,0,43,22,0.0
56,1,0,1,2020,46,5,6,0,1,True,,,40.943113203375,0.0,0.3,0.0,465.0,42.3,0.3999,0,254,127,0.0
58,1,0,1,2020,46,5,6,0,1,True,,,,0.0,,,,,,0,0,0,0.0
64,1,0,1,2020,46,5,6,0,1,True,,,,3.9,3.0,1.8,189.0,35.7,1.3629,2,112,57,0.0
65,1,0,1,2020,46,5,6,0,1,True,,,155.78142658027502,49.5,43.0,12.0,902.5,171.5,17.0003,28,537,282,10.20075120526284
73,1,0,1,2020,46,5,6,0,1,True,,,24.886696790300004,5.7,15.6,0.6,698.4000000000001,33.6,1.9376,8,366,187,0.0
74,1,0,1,2020,46,5,6,0,1,True,,,190.5611873804,50.0,49.0,6.0,5273.5,221.5,10.4999,28,2748,1388,14.328394353875968
77,1,0,1,2020,46,5,6,0,1,True,,,211.3241250531,105.5,52.5,6.0,221.0,278.5,13.8146,29,250,140,15.299482340294922
78,1,0,1,2020,46,5,6,0,1,True,,,70.85794988779999,25.0,14.5,0.0,48.0,105.5,6.6018,7,77,42,0.0
79,1,0,1,2020,46,5,6,0,1,True,,,150.233969185225,28.5,21.0,1.5,101.0,188.0,4.0001,11,144,78,0.0
80,1,0,1,2020,46,5,6,0,1,True,,,24.15590555755,3.9,3.3,0.3,18.0,33.6,0.6501,2,26,14,0.0
86,1,0,1,2020,46,5,6,0,1,True,,,28.53173245805,1.95,1.35,0.75,20.1,14.25,0.5753,1,17,9,0.0
91,1,0,1,2020,46,5,6,0,1,True,,,13.542303085924996,0.0,,,,,,0,0,0,0.0
102,2,0,1,2020,46,5,6,0,1,True,,,,1.05,0.6,0.6,50.4,21.0,0.4001,1,36,18,0.0
103,2,0,1,2020,46,5,6,0,1,True,,,129.13491547855,0.0,7.8,0.0,248.1,106.2,1.9998,4,177,91,0.0
118,3,0,1,2020,46,5,6,0,1,True,,,,66.0,46.5,11.5,252.5,,9.7503,29,126,78,17.607918970912404
0,1,3,1,2020,47,4,5,0,3,True,,,402.70563201085,107.0,120.0,145.68009999999998,3174.8101,335.0,,133,1755,944,30.660668392945585
1,1,0,1,2020,47,4,5,0,3,True,,,90.28707646505,58.8,65.4,50.1,553.8,70.35,65.2498,58,312,185,6.204147474781538
2,1,0,1,2020,47,4,5,0,3,True,,,565.513237321575,271.8,225.6,181.5,2689.5,405.3,187.5,204,1547,875,135.30991664043668
3,1,0,1,2020,47,4,5,0,3,True,,,742.5576081551001,416.0,323.0,319.0,6867.0,550.5,206.2503,321,3709,2015,464.1630272483531
17,1,0,1,2020,47,4,5,0,3,True,,,22.878236281175,5.1,8.1,6.6,120.3,24.3,4.2003,7,72,40,0.0
19,1,3,1,2020,47,4,5,0,3,True,,,136.12234044430002,0.0,0.0,,1018.8701,135.0,,0,577,288,0.0
20,1,0,1,2020,47,4,5,0,3,True,,,110.5941270543,67.8,53.7,48.9,516.9,102.9,45.4499,51,310,181,0.0
21,1,0,1,2020,47,4,5,0,3,True,,,623.04596429095,310.0,232.5,144.5,4645.5,489.5,162.7504,188,2568,1378,204.53897263505908
24,1,0,1,2020,47,4,5,0,3,True,,,36.03187608395,20.7,10.2,15.9,157.2,36.9,6.5762,13,97,55,0.0
31,1,3,1,2020,47,4,5,0,3,True,,,,0.0,0.0,,190.0,148.05,,0,169,85,0.0
32,1,0,1,2020,47,4,5,0,3,True,,,108.072636302125,59.400000000000006,69.3,40.8,95.1,116.1,30.750000000000004,55,106,80,7.033073735393572
33,1,0,1,2020,47,4,5,0,3,True,,,788.8516724365752,320.0,329.0,223.5,730.0,846.0,189.676,276,788,532,238.61599333411058
38,1,0,1,2020,47,4,5,0,3,True,,,88.14622737949999,43.5,33.6,25.8,95.7,101.4,30.5996,30,99,64,0.0
39,1,0,1,2020,47,4,5,0,3,True,,,403.23777902935,100.0,74.0,52.0,351.0,381.0,68.2499,63,366,214,14.783966264921597
40,1,0,1,2020,47,4,5,0,3,True,,,21.051719781175,5.4,4.8,4.5,24.3,22.5,7.2598,5,23,14,0.0
41,1,0,1,2020,47,4,5,0,3,True,,,,0.45,0.15,0.6,,,,0,0,0,0.0
42,1,0,1,2020,47,4,5,0,3,True,,,134.04813449067498,0.0,,,18.0,,,0,9,4,0.0
48,1,3,1,2020,47,4,5,0,3,True,,,29.79254130605,10.0,0.0,,994.13,10.0,,0,502,251,0.0
50,1,0,1,2020,47,4,5,0,3,True,,,,58.5,56.4,24.6,559.5,51.9,28.4999,40,306,173,0.0
51,1,0,1,2020,47,4,5,0,3,True,,,359.61522089834995,228.0,152.5,121.5,3567.0,273.5,154.4998,137,1920,1029,116.4080600218066
53,1,0,1,2020,47,4,5,0,3,True,,,,62.1,48.0,30.3,431.1,51.6,47.4,39,241,140,0.0
54,1,0,1,2020,47,4,5,0,3,True,,,953.6006189963,524.0,431.5,391.5,4034.5,609.5,423.7501,412,2322,1367,421.8812293979296
55,1,0,1,2020,47,4,5,0,3,True,,,15.5990048588,0.3,1.35,0.3,68.1,13.8,0.9003,1,41,21,0.0
56,1,0,1,2020,47,4,5,0,3,True,,,40.943113203375,0.0,0.0,0.3,428.7,37.2,1.1251,0,233,117,0.0
63,1,3,1,2020,47,4,5,0,3,True,,,,0.0,,,37.56,25.0,,0,31,16,0.0
64,1,0,1,2020,47,4,5,0,3,True,,,,7.2,3.9,3.0,159.6,18.3,3.9384,3,89,46,0.0
65,1,0,1,2020,47,4,5,0,3,True,,,155.78142658027502,58.0,49.5,43.0,862.5,183.0,46.95,46,523,284,0.0
73,1,0,1,2020,47,4,5,0,3,True,,,24.886696790300004,23.1,5.7,15.6,641.4,26.4,5.6121,11,334,172,0.0
74,1,0,1,2020,47,4,5,0,3,True,,,190.5611873804,64.5,50.0,49.0,4916.5,221.5,29.6996,50,2569,1309,43.01697551081248
77,1,0,1,2020,47,4,5,0,3,True,,,211.3241250531,117.5,105.5,52.5,232.0,222.5,40.7794,79,227,153,63.36293859121199
78,1,0,1,2020,47,4,5,0,3,True,,,70.85794988779999,50.0,25.0,14.5,72.0,78.0,19.1484,20,75,47,0.0
79,1,0,1,2020,47,4,5,0,3,True,,,150.233969185225,42.0,28.5,21.0,115.5,151.0,11.55,25,133,79,0.0
80,1,0,1,2020,47,4,5,0,3,True,,,24.15590555755,4.2,3.9,3.3,19.8,17.1,1.9048,4,18,11,0.0
86,1,0,1,2020,47,4,5,0,3,True,,,28.53173245805,3.0,1.95,1.35,21.45,11.7,1.5753,2,17,9,0.0
102,2,0,1,2020,47,4,5,0,3,True,,,,0.6,1.05,0.6,58.65,21.75,1.1254,1,40,21,0.0
103,2,0,1,2020,47,4,5,0,3,True,,,129.13491547855,0.6,0.0,7.8,253.5,94.2,5.5501,4,174,89,0.0
118,3,0,1,2020,47,4,5,0,3,True,,,,71.0,66.0,46.5,279.0,,27.899700000000003,56,140,98,31.834548543824134
0,1,3,1,2020,48,5,0,0,1,True,,,297.5321912975,71.0,107.0,120.0,3318.0002,290.0,,114,1804,959,67.79377455200108
1,1,0,1,2020,48,5,0,0,1,True,,,74.1748726462,52.2,58.8,65.4,546.9,66.9,70.25019999999999,62,307,184,4.754213636291215
2,1,0,1,2020,48,5,0,0,1,True,,,443.6211539986334,226.8,271.8,225.6,3217.8,452.7,225.0006,249,1835,1042,168.16775533475897
3,1,0,1,2020,48,5,0,0,1,True,,,657.7507422078166,298.0,416.0,323.0,8023.5,589.0,336.0003,370,4306,2338,307.29429872934156
17,1,0,1,2020,48,5,0,0,1,True,,,18.274706714216663,0.0,5.1,8.1,90.6,21.0,4.2006,7,56,31,0.0
19,1,3,1,2020,48,5,0,0,1,True,,,90.61083071275,0.0,0.0,0.0,991.78,95.0,,0,543,272,0.0
20,1,0,1,2020,48,5,0,0,1,True,,,75.80879395978334,68.4,67.8,53.7,562.2,96.0,49.95,61,329,195,0.0
21,1,0,1,2020,48,5,0,0,1,True,,,460.9269132862334,231.5,310.0,232.5,5115.0,537.5,179.9998,271,2826,1549,263.1854769125741
24,1,0,1,2020,48,5,0,0,1,True,,,27.390212237233328,13.2,20.7,10.2,137.7,30.3,8.5758,15,84,50,0.0
31,1,3,1,2020,48,5,0,0,1,True,,,60.23390368133334,0.0,0.0,0.0,117.6,143.35,,0,130,65,0.0
32,1,0,1,2020,48,5,0,0,1,True,,,77.99144124946665,54.3,59.400000000000006,69.3,103.5,79.5,50.2502,64,92,78,5.034743312485895
33,1,0,1,2020,48,5,0,0,1,True,,,629.3398841094499,305.0,320.0,329.0,731.0,661.5,270.0002,324,696,510,230.8897289433435
35,1,0,1,2020,48,5,0,0,1,True,,,,0.0,,,,,,0,0,0,0.0
38,1,0,1,2020,48,5,0,0,1,True,,,66.29540537006667,37.8,43.5,33.6,103.5,53.4,28.5997,39,78,58,0.0
39,1,0,1,2020,48,5,0,0,1,True,,,293.60885624415,77.5,100.0,74.0,369.5,317.0,66.0005,87,343,215,32.107665137781645
40,1,0,1,2020,48,5,0,0,1,True,,,14.8265469248,0.3,5.4,4.8,21.6,18.3,7.2597,5,20,13,0.0
41,1,0,1,2020,48,5,0,0,1,True,,,,0.0,0.45,0.15,,,,0,0,0,0.0
48,1,3,1,2020,48,5,0,0,1,True,,,20.01219934566667,0.0,10.0,0.0,926.34,5.0,,5,466,235,0.0
50,1,0,1,2020,48,5,0,0,1,True,,,,41.4,58.5,56.4,682.5,57.6,39.0,57,370,214,0.0
51,1,0,1,2020,48,5,0,0,1,True,,,252.28280967448336,143.0,228.0,152.5,3805.5,295.5,135.0,190,2050,1120,162.1937378803439
52,1,3,1,2020,48,5,0,0,1,True,,,60.78594669470001,12.0,0.0,0.0,242.0,40.0,,0,141,70,0.0
53,1,0,1,2020,48,5,0,0,1,True,,,,42.0,62.1,48.0,569.7,50.1,43.0003,55,310,182,0.9990982252085032
54,1,0,1,2020,48,5,0,0,1,True,,,687.1368691246666,407.0,524.0,431.5,4343.5,785.0,440.0004,478,2564,1521,430.4230137202834
55,1,0,1,2020,48,5,0,0,1,True,,,11.094702804116666,0.0,0.3,1.35,72.45,16.8,0.8247,1,45,23,0.0
56,1,0,1,2020,48,5,0,0,1,True,,,32.37415087236668,0.3,0.0,0.0,460.2,42.9,0.825,0,252,126,0.0
58,1,0,1,2020,48,5,0,0,1,True,,,,0.0,,0.0,,,,0,0,0,0.0
64,1,0,1,2020,48,5,0,0,1,True,,,,5.4,7.2,3.9,190.2,33.3,2.35,6,112,59,0.0
65,1,0,1,2020,48,5,0,0,1,True,,,,45.0,58.0,49.5,1029.0,156.0,43.0001,54,592,323,1.3342432895858003
72,1,3,1,2020,48,5,0,0,1,True,,,7.472573705799999,0.0,0.0,,719.1999000000001,50.0,,0,385,192,0.0
73,1,0,1,2020,48,5,0,0,1,True,,,18.49175121228333,2.7,23.1,5.7,760.8000000000001,30.3,5.5571,14,396,205,0.0
74,1,0,1,2020,48,5,0,0,1,True,,,151.25765407753332,54.0,64.5,50.0,5776.0,210.0,49.001000000000005,57,2993,1525,0.0
77,1,0,1,2020,48,5,0,0,1,True,,,162.16519688425,71.5,117.5,105.5,243.0,271.5,60.988400000000006,112,257,184,71.03604176234145
78,1,0,1,2020,48,5,0,0,1,True,,,47.061430251050005,18.5,50.0,25.0,60.0,88.5,18.9569,38,74,56,0.0
79,1,0,1,2020,48,5,0,0,1,True,,,93.45928478013332,27.0,42.0,28.5,139.5,179.0,19.0499,35,159,97,0.0
80,1,0,1,2020,48,5,0,0,1,True,,,14.3239431091,4.5,4.2,3.9,20.1,21.3,1.9048,4,21,12,0.0
82,1,0,1,2020,48,5,0,0,1,True,,,,1.35,,,,,,0,0,0,0.0
86,1,0,1,2020,48,5,0,0,1,True,,,17.799825979950004,2.85,3.0,1.95,22.05,12.0,1.5748,2,17,10,0.0
91,1,0,1,2020,48,5,0,0,1,True,,,9.15470719155,0.0,,0.0,,,,0,0,0,0.0
102,2,0,1,2020,48,5,0,0,1,True,,,,0.0,0.6,1.05,51.45,18.9,0.8253,1,35,18,0.0
103,2,0,1,2020,48,5,0,0,1,True,,,91.60100736510002,0.0,0.6,0.0,267.0,85.6308,4.4997,0,176,88,0.0
118,3,0,1,2020,48,5,0,0,1,True,,,,61.5,71.0,66.0,271.0,,47.0002,68,136,102,27.58500119949585
0,1,3,1,2020,49,5,2,0,2,True,,,261.20972102445,85.0,71.0,107.0,3139.0701,300.0,10.0,89,1720,904,4.849884242424096
1,1,0,1,2020,49,5,2,0,2,True,,,74.1748726462,56.55,52.2,58.8,489.75,48.6,85.2572,56,269,162,3.8871675791267326
2,1,0,1,2020,49,5,2,0,2,True,,,443.6211539986334,222.6,226.8,271.8,3057.6,398.4,273.3009,249,1728,989,170.1657214077134
3,1,0,1,2020,49,5,2,0,2,True,,,657.7507422078166,302.0,298.0,416.0,7783.0,473.5,409.6,357,4128,2243,236.68092675039435
17,1,0,1,2020,49,5,2,0,2,True,,,18.274706714216663,2.7,0.0,5.1,92.1,21.9,5.1661,3,57,30,0.0
19,1,3,1,2020,49,5,2,0,2,True,,,90.61083071275,20.0,0.0,0.0,831.85,125.0,,0,478,239,0.0
20,1,0,1,2020,49,5,2,0,2,True,,,75.80879395978334,46.8,68.4,67.8,502.5,72.0,61.4383,68,287,178,0.0
21,1,0,1,2020,49,5,2,0,2,True,,,460.9269132862334,219.0,231.5,310.0,5140.0,440.0,221.3998,271,2790,1530,183.2399873907675
24,1,0,1,2020,49,5,2,0,2,True,,,27.390212237233328,9.3,13.2,20.7,126.6,25.2,10.5488,17,76,46,0.0
31,1,3,1,2020,49,5,2,0,2,True,,,,0.0,0.0,0.0,155.4,172.65,,0,164,82,0.0
32,1,0,1,2020,49,5,2,0,2,True,,,77.99144124946665,53.7,54.3,59.400000000000006,91.8,85.5,61.807500000000005,57,89,73,10.439061055341393
33,1,0,1,2020,49,5,2,0,2,True,,,629.3398841094499,247.5,305.0,320.0,767.0,700.0,332.09970000000004,312,734,523,242.95747864075184
38,1,0,1,2020,49,5,2,0,2,True,,,66.29540537006667,31.5,37.8,43.5,83.7,84.0,35.1775,41,84,62,3.843517825383938
39,1,0,1,2020,49,5,2,0,2,True,,,293.60885624415,73.5,77.5,100.0,313.5,316.0,81.17989999999999,89,315,202,29.997444895665577
40,1,0,1,2020,49,5,2,0,2,True,,,14.8265469248,0.6,0.3,5.4,24.0,17.1,8.9291,3,21,12,0.0
41,1,0,1,2020,49,5,2,0,2,True,,,,0.0,0.0,0.45,,,,0,0,0,0.0
48,1,3,1,2020,49,5,2,0,2,True,,,20.01219934566667,5.0,0.0,10.0,860.4601,10.0,,5,435,220,0.0
50,1,0,1,2020,49,5,2,0,2,True,,,,35.099999999999994,41.4,58.5,574.5,45.6,47.9702,50,310,180,0.0
51,1,0,1,2020,49,5,2,0,2,True,,,252.28280967448336,150.0,143.0,228.0,3355.5,290.0,,186,1823,1004,136.89077883834406
52,1,3,1,2020,49,5,2,0,2,True,,,60.78594669470001,15.0,12.0,0.0,298.47,50.0,,6,174,90,0.0
53,1,0,1,2020,49,5,2,0,2,True,,,,46.2,42.0,62.1,412.8,49.2,52.8901,52,231,142,1.1391279838273027
54,1,0,1,2020,49,5,2,0,2,True,,,687.1368691246666,381.0,407.0,524.0,3839.0,480.0,541.1995000000001,466,2160,1312,363.86574841264485
55,1,0,1,2020,49,5,2,0,2,True,,,11.094702804116666,0.0,0.0,0.3,72.6,15.3,1.0148,0,44,22,0.0
56,1,0,1,2020,49,5,2,0,2,True,,,32.37415087236668,0.0,0.3,0.0,410.4,33.9,1.0142,0,222,111,0.0
64,1,0,1,2020,49,5,2,0,2,True,,,,3.6,5.4,7.2,187.2,16.2,2.8901,6,102,54,0.0
65,1,0,1,2020,49,5,2,0,2,True,,,,39.5,45.0,58.0,862.5,126.0,52.89,52,494,273,0.0
72,1,3,1,2020,49,5,2,0,2,True,,,7.472573705799999,0.0,0.0,0.0,665.1,30.0,,0,348,174,0.0
73,1,0,1,2020,49,5,2,0,2,True,,,18.49175121228333,16.5,2.7,23.1,748.2,16.2,7.038499999999999,13,382,198,0.0
74,1,0,1,2020,49,5,2,0,2,True,,,151.25765407753332,43.0,54.0,64.5,5369.0,179.0,60.2702,59,2774,1417,0.0
77,1,0,1,2020,49,5,2,0,2,True,,,162.16519688425,65.0,71.5,117.5,180.0,250.0,,94,215,155,48.81335954037198
78,1,0,1,2020,49,5,2,0,2,True,,,47.061430251050005,19.5,18.5,50.0,40.5,75.5,24.0996,34,58,46,0.0
79,1,0,1,2020,49,5,2,0,2,True,,,93.45928478013332,35.5,27.0,42.0,75.0,124.5,23.4313,34,100,67,0.0
80,1,0,1,2020,49,5,2,0,2,True,,,14.3239431091,1.5,4.5,4.2,19.2,11.7,2.3431,4,15,10,0.0
82,1,0,1,2020,49,5,2,0,2,True,,,,14.55,1.35,,,,,1,0,0,0.0
86,1,0,1,2020,49,5,2,0,2,True,,,17.799825979950004,2.85,2.85,3.0,22.35,9.9,1.9373,3,16,10,0.0
102,2,0,1,2020,49,5,2,0,2,True,,,,0.0,0.0,0.6,46.95,19.5,1.0145,0,33,17,0.0
103,2,0,1,2020,49,5,2,0,2,True,,,91.60100736510002,0.0,0.0,0.6,220.8,76.8,5.5351,0,149,75,0.0
118,3,0,1,2020,49,5,2,0,2,True,,,,45.5,61.5,71.0,205.0,,47.0001,66,102,84,19.934320083915278
0,1,3,1,2020,50,5,3,0,1,True,,,297.5321912975,95.0,85.0,71.0,3313.6802,335.0,,78,1824,951,28.176102069209634
1,1,0,1,2020,50,5,3,0,1,True,,,74.1748726462,64.2,56.55,52.2,625.35,100.95,72.2001,54,363,209,41.77491991468207
2,1,0,1,2020,50,5,3,0,1,True,,,443.6211539986334,197.1,222.6,226.8,3353.7,477.0,231.1114,225,1915,1070,210.46982330739553
3,1,0,1,2020,50,5,3,0,1,True,,,657.7507422078166,260.5,302.0,298.0,8646.5,774.5,343.1307,300,4710,2505,441.4418357456833
17,1,0,1,2020,50,5,3,0,1,True,,,18.274706714216663,6.9,2.7,0.0,133.8,19.5,4.2774,1,77,39,0.0
19,1,3,1,2020,50,5,3,0,1,True,,,80.88567590228334,10.0,20.0,0.0,938.94,105.0,,10,522,266,0.0
20,1,0,1,2020,50,5,3,0,1,True,,,75.80879395978334,56.1,46.8,68.4,584.4,92.7,51.186800000000005,58,339,198,0.0
21,1,0,1,2020,50,5,3,0,1,True,,,460.9269132862334,171.5,219.0,231.5,4828.0,497.5,183.8605,225,2663,1444,179.643772859425
24,1,0,1,2020,50,5,3,0,1,True,,,27.390212237233328,13.8,9.3,13.2,151.5,41.1,8.8006,11,96,54,0.0
30,1,0,1,2020,50,5,3,0,1,True,,,,0.0,,,,,,0,0,0,0.0
32,1,0,1,2020,50,5,3,0,1,True,,,77.99144124946665,64.8,53.7,54.3,72.3,99.9,51.5917,54,86,70,14.34310602353485
33,1,0,1,2020,50,5,3,0,1,True,,,629.3398841094499,257.5,247.5,305.0,556.5,705.5,275.7907,276,631,454,197.69009508521046
35,1,0,1,2020,50,5,3,0,1,True,,,,0.0,,0.0,,,,0,0,0,0.0
38,1,0,1,2020,50,5,3,0,1,True,,,66.29540537006667,40.8,31.5,37.8,80.4,76.8,29.222900000000003,35,79,57,0.0
39,1,0,1,2020,50,5,3,0,1,True,,,293.60885624415,87.0,73.5,77.5,328.5,325.0,66.7841,76,327,201,29.68414584508198
40,1,0,1,2020,50,5,3,0,1,True,,,14.8265469248,3.6,0.6,0.3,20.4,18.0,7.367699999999999,0,19,10,0.0
41,1,0,1,2020,50,5,3,0,1,True,,,,0.0,0.0,0.0,,,,0,0,0,0.0
50,1,0,1,2020,50,5,3,0,1,True,,,,38.1,35.099999999999994,41.4,663.9000000000001,69.9,39.9627,38,367,203,0.0
51,1,0,1,2020,50,5,3,0,1,True,,,252.28280967448336,150.0,150.0,143.0,3818.5,253.0,138.5841,146,2036,1091,138.9677397786391
52,1,3,1,2020,50,5,3,0,1,True,,,60.78594669470001,0.0,15.0,12.0,207.91,40.0,,14,124,69,0.0
53,1,0,1,2020,50,5,3,0,1,True,,,,27.0,46.2,42.0,515.7,57.3,44.1595,44,286,165,2.132234662616078
54,1,0,1,2020,50,5,3,0,1,True,,,687.1368691246666,355.0,381.0,407.0,4262.0,748.0,452.3446,394,2505,1450,336.9069545532263
55,1,0,1,2020,50,5,3,0,1,True,,,11.094702804116666,0.0,0.0,0.0,75.0,16.5,0.8353,0,46,23,0.0
56,1,0,1,2020,50,5,3,0,1,True,,,32.37415087236668,0.0,0.0,0.3,492.0,43.2,0.8353,0,268,134,0.0
58,1,0,1,2020,50,5,3,0,1,True,,,,0.0,0.0,0.0,,,,0,0,0,0.0
64,1,0,1,2020,50,5,3,0,1,True,,,,3.6,3.6,5.4,159.3,30.0,2.3993,4,95,50,0.0
65,1,0,1,2020,50,5,3,0,1,True,,,108.77711145403332,33.0,39.5,45.0,1047.0,190.0,43.6772,42,618,330,0.0
73,1,0,1,2020,50,5,3,0,1,True,,,18.49175121228333,5.699999999999999,16.5,2.7,718.2,36.9,5.755,10,378,194,0.0
74,1,0,1,2020,50,5,3,0,1,True,,,151.25765407753332,54.0,43.0,54.0,5399.5,239.5,50.1278,48,2820,1434,0.0
77,1,0,1,2020,50,5,3,0,1,True,,,162.16519688425,62.5,65.0,71.5,170.0,221.0,63.2574,68,196,132,32.97996024090183
78,1,0,1,2020,50,5,3,0,1,True,,,47.061430251050005,5.0,19.5,18.5,68.5,51.5,19.7054,19,60,40,0.0
79,1,0,1,2020,50,5,3,0,1,True,,,93.45928478013332,14.0,35.5,27.0,91.5,84.5,19.6838,31,88,60,0.0
80,1,0,1,2020,50,5,3,0,1,True,,,14.3239431091,5.7,1.5,4.5,9.3,23.1,1.9685,3,16,10,0.0
82,1,0,1,2020,50,5,3,0,1,True,,,,10.2,14.55,1.35,,,,8,0,4,0.0
86,1,0,1,2020,50,5,3,0,1,True,,,17.799825979950004,0.75,2.85,2.85,21.6,8.85,1.5924,3,15,9,0.0
91,1,0,1,2020,50,5,3,0,1,True,,,9.15470719155,0.0,,0.0,,,,0,0,0,0.0
102,2,0,1,2020,50,5,3,0,1,True,,,,0.0,0.0,0.0,43.2,19.95,0.8353,0,32,16,0.0
103,2,0,1,2020,50,5,3,0,1,True,,,91.60100736510002,0.0,0.0,0.0,238.2,89.4,4.5427,0,164,82,0.0
118,3,0,1,2020,50,5,3,0,1,True,,,,56.0,45.5,61.5,205.5,,49.9997,54,103,78,7.611222736289993
1,1,0,1,2020,51,5,2,0,1,True,,,74.1748726462,73.95,64.2,56.55,1100.25,121.65,72.6339,60,611,336,104.02396787619409
2,1,0,1,2020,51,5,2,0,1,True,,,443.6211539986334,134.7,197.1,222.6,5493.0,768.9,240.31690000000003,210,3131,1670,261.62983712905617
3,1,0,1,2020,51,5,2,0,1,True,,,657.7507422078166,92.5,260.5,302.0,13487.5,1047.5,361.0804,281,7268,3774,593.4204263987132
17,1,0,1,2020,51,5,2,0,1,True,,,18.274706714216663,5.1,6.9,2.7,227.1,33.6,4.3693,5,130,68,0.0
20,1,0,1,2020,51,5,2,0,1,True,,,75.80879395978334,36.0,56.1,46.8,976.8,136.5,51.6017,51,557,304,32.57645075268387
21,1,0,1,2020,51,5,2,0,1,True,,,460.9269132862334,66.0,171.5,219.0,8334.5,909.5,196.7636,195,4622,2409,334.6314343683477
24,1,0,1,2020,51,5,2,0,1,True,,,27.390212237233328,3.9,13.8,9.3,296.4,62.4,8.659699999999999,12,179,95,12.391041349965505
32,1,0,1,2020,51,5,2,0,1,True,,,,49.2,64.8,53.7,147.0,159.0,51.3151,59,153,106,44.05376194191556
33,1,0,1,2020,51,5,2,0,1,True,,,629.3398841094499,110.5,257.5,247.5,1016.5,1160.5,,252,1088,670,302.98300498038367
38,1,0,1,2020,51,5,2,0,1,True,,,66.29540537006667,40.5,40.8,31.5,184.5,121.2,29.6632,36,153,94,37.100436983324386
39,1,0,1,2020,51,5,2,0,1,True,,,293.60885624415,19.5,87.0,73.5,572.5,562.5,71.3374,80,568,324,83.92451726367918
40,1,0,1,2020,51,5,2,0,1,True,,,14.8265469248,1.2,3.6,0.6,33.9,28.8,7.6278,2,31,17,0.0
41,1,0,1,2020,51,5,2,0,1,True,,,,0.0,0.0,0.0,,,,0,0,0,0.0
50,1,0,1,2020,51,5,2,0,1,True,,,,21.9,38.1,35.099999999999994,984.6,67.5,40.7916,37,526,281,39.39216604266901
51,1,0,1,2020,51,5,2,0,1,True,,,252.28280967448336,27.5,150.0,150.0,5519.5,421.0,140.1716,150,2970,1560,145.38823435611656
53,1,0,1,2020,51,5,2,0,1,True,,,,36.6,27.0,46.2,882.3,82.8,45.3716,37,483,260,32.044655995679406
54,1,0,1,2020,51,5,2,0,1,True,,,687.1368691246666,96.5,355.0,381.0,6487.0,1205.5,449.1803000000001,368,3846,2107,480.42485398203587
55,1,0,1,2020,51,5,2,0,1,True,,,11.094702804116666,0.0,0.0,0.0,107.7,19.8,0.8909,0,64,32,0.0
56,1,0,1,2020,51,5,2,0,1,True,,,32.37415087236668,0.0,0.0,0.0,714.3,68.1,0.8908,0,391,196,11.831229804148776
64,1,0,1,2020,51,5,2,0,1,True,,,,6.3,3.6,3.6,299.7,47.1,2.5471,4,173,89,9.477552393288933
65,1,0,1,2020,51,5,2,0,1,True,,,,21.0,33.0,39.5,1496.0,233.0,45.854,36,864,450,31.42502623207241
73,1,0,1,2020,51,5,2,0,1,True,,,18.49175121228333,8.1,5.699999999999999,16.5,1352.4,33.9,5.7114,11,693,352,16.26989107770164
74,1,0,1,2020,51,5,2,0,1,True,,,151.25765407753332,14.5,54.0,43.0,8479.5,337.5,51.11,48,4408,2228,60.022847741327716
77,1,0,1,2020,51,5,2,0,1,True,,,162.16519688425,18.5,62.5,65.0,342.5,408.5,60.863400000000006,64,376,220,50.05206491309019
78,1,0,1,2020,51,5,2,0,1,True,,,47.061430251050005,0.0,5.0,19.5,96.0,135.0,19.524600000000003,12,116,64,0.0
79,1,0,1,2020,51,5,2,0,1,True,,,93.45928478013332,4.5,14.0,35.5,145.5,267.0,19.2224,25,206,116,0.0
82,1,0,1,2020,51,5,2,0,1,True,,,,3.3,10.2,14.55,,,,12,0,6,0.0
86,1,0,1,2020,51,5,2,0,1,True,,,17.799825979950004,0.0,0.75,2.85,35.7,14.85,1.6737,2,25,14,0.0
102,2,0,1,2020,51,5,2,0,1,True,,,,0.3,0.0,0.0,67.35,30.15,0.891,0,49,24,0.0
103,2,0,1,2020,51,5,2,0,1,True,,,91.60100736510002,0.0,0.0,0.0,352.5,136.5,4.8014,0,244,122,4.9961040902985525
118,3,0,1,2020,51,5,2,0,1,True,,,,15.5,56.0,45.5,359.5,,50.1301,51,180,115,28.48528524369079
1,1,0,1,2020,52,3,3,2,1,True,,,74.1748726462,77.55,73.95,64.2,492.15,39.15,26.6801,69,266,167,0.0
2,1,0,1,2020,52,3,3,2,1,True,,,443.6211539986334,138.9,134.7,197.1,1812.0,250.8,85.96,166,1031,599,0.0
3,1,0,1,2020,52,3,3,2,1,True,,,657.7507422078166,79.0,92.5,260.5,4999.5,436.0,126.3998,176,2718,1447,0.0
17,1,0,1,2020,52,3,3,2,1,True,,,,4.5,5.1,6.9,57.3,21.0,1.3638,6,39,23,0.0
20,1,0,1,2020,52,3,3,2,1,True,,,75.80879395978334,31.8,36.0,56.1,268.5,62.1,16.9556,46,165,106,0.0
21,1,0,1,2020,52,3,3,2,1,True,,,460.9269132862334,30.5,66.0,171.5,2612.5,346.0,62.0002,119,1479,799,0.0
24,1,0,1,2020,52,3,3,2,1,True,,,27.390212237233328,7.5,3.9,13.8,111.9,9.9,2.6378,9,61,35,0.0
32,1,0,1,2020,52,3,3,2,1,True,,,,36.6,49.2,64.8,64.8,70.5,16.6551,57,68,62,0.0
33,1,0,1,2020,52,3,3,2,1,True,,,629.3398841094499,80.0,110.5,257.5,603.5,655.5,94.3198,184,630,407,10.560419774884597
35,1,0,1,2020,52,3,3,2,1,True,,,,0.0,,0.0,,,,0,0,0,0.0
38,1,0,1,2020,52,3,3,2,1,True,,,66.29540537006667,30.0,40.5,40.8,70.8,59.7,9.1576,41,65,53,0.0
39,1,0,1,2020,52,3,3,2,1,True,,,293.60885624415,26.5,19.5,87.0,335.0,274.5,23.0573,53,305,179,0.0
40,1,0,1,2020,52,3,3,2,1,True,,,14.8265469248,0.0,1.2,3.6,21.3,15.3,2.4055,2,18,10,0.0
50,1,0,1,2020,52,3,3,2,1,True,,,,18.3,21.9,38.1,448.8,33.6,13.2736,30,241,136,0.0
51,1,0,1,2020,52,3,3,2,1,True,,,252.28280967448336,47.5,27.5,150.0,2443.5,166.0,46.0799,89,1305,697,0.0
53,1,0,1,2020,52,3,3,2,1,True,,,,42.6,36.6,27.0,302.7,38.4,14.2612,32,171,101,0.0
54,1,0,1,2020,52,3,3,2,1,True,,,687.1368691246666,98.0,96.5,355.0,2581.5,429.0,148.4,226,1505,866,0.0
55,1,0,1,2020,52,3,3,2,1,True,,,11.094702804116666,0.75,0.0,0.0,26.55,5.7,0.2829,0,16,8,0.0
58,1,0,1,2020,52,3,3,2,1,True,,,,0.0,0.0,0.0,,,,0,0,0,0.0
64,1,0,1,2020,52,3,3,2,1,True,,,,3.0,6.3,3.6,122.7,14.4,0.7863,5,69,37,0.0
65,1,0,1,2020,52,3,3,2,1,True,,,,8.5,21.0,33.0,621.5,114.5,15.4798,27,368,198,0.0
73,1,0,1,2020,52,3,3,2,1,True,,,,3.6,8.1,5.699999999999999,477.9,23.7,1.733,7,251,129,0.0
74,1,0,1,2020,52,3,3,2,1,True,,,151.25765407753332,6.0,14.5,54.0,3295.5,133.0,15.7148,34,1714,874,0.0
77,1,0,1,2020,52,3,3,2,1,True,,,162.16519688425,11.0,18.5,62.5,228.0,149.5,20.0064,40,189,115,0.0
78,1,0,1,2020,52,3,3,2,1,True,,,47.061430251050005,0.5,0.0,5.0,40.5,43.0,5.9154,2,42,22,0.0
79,1,0,1,2020,52,3,3,2,1,True,,,93.45928478013332,2.5,4.5,14.0,130.0,81.5,6.531,9,106,58,0.0
80,1,0,1,2020,52,3,3,2,1,True,,,14.3239431091,0.6,,5.7,11.4,13.5,0.5641,3,12,8,0.0
82,1,0,1,2020,52,3,3,2,1,True,,,,3.15,3.3,10.2,,,,7,0,3,0.0
86,1,0,1,2020,52,3,3,2,1,True,,,17.799825979950004,0.3,0.0,0.75,10.8,5.25,0.5338,0,8,4,0.0
91,1,0,1,2020,52,3,3,2,1,True,,,9.15470719155,0.0,,0.0,,,,0,0,0,0.0
102,2,0,1,2020,52,3,3,2,1,True,,,,0.9,0.3,0.0,16.2,10.5,0.2827,0,13,7,0.0
103,2,0,1,2020,52,3,3,2,1,True,,,91.60100736510002,0.6,0.0,0.0,96.6,71.4,1.5383,0,84,42,0.0
118,3,0,1,2020,52,3,3,2,1,True,,,,1.5,15.5,56.0,184.0,,17.1199,36,92,64,0.0
1,1,0,1,2020,53,4,1,1,3,True,,,,27.45,77.55,73.95,492.15,39.15,30.7088,76,266,171,0.0
2,1,0,1,2020,53,4,1,1,3,True,,,443.6211539986334,79.5,138.9,134.7,1812.0,250.8,94.8353,137,1031,584,63.70744882009828
3,1,0,1,2020,53,4,1,1,3,True,,,657.7507422078166,67.0,79.0,92.5,4999.5,436.0,,86,2718,1402,34.501814649027075
17,1,0,1,2020,53,4,1,1,3,True,,,,0.3,4.5,5.1,57.3,21.0,1.4254,5,39,22,0.0
20,1,0,1,2020,53,4,1,1,3,True,,,75.80879395978334,21.9,31.8,36.0,268.5,62.1,17.4042,34,165,100,0.0
21,1,0,1,2020,53,4,1,1,3,True,,,460.9269132862334,90.5,30.5,66.0,2612.5,346.0,62.4926,48,1479,764,3.352362270812941
24,1,0,1,2020,53,4,1,1,3,True,,,27.390212237233328,5.1,7.5,3.9,111.9,9.9,2.9385,6,61,33,0.0
32,1,0,1,2020,53,4,1,1,3,True,,,,35.4,36.6,49.2,64.8,70.5,17.4724,43,68,55,0.0
33,1,0,1,2020,53,4,1,1,3,True,,,629.3398841094499,55.0,80.0,110.5,603.5,655.5,94.3016,95,630,362,54.960933546844245
38,1,0,1,2020,53,4,1,1,3,True,,,66.29540537006667,21.6,30.0,40.5,70.8,59.7,9.8513,35,65,50,0.0
39,1,0,1,2020,53,4,1,1,3,True,,,293.60885624415,13.0,26.5,19.5,335.0,274.5,22.5049,23,305,164,0.0
40,1,0,1,2020,53,4,1,1,3,True,,,14.8265469248,0.6,0.0,1.2,21.3,15.3,2.4446,1,18,9,0.0
50,1,0,1,2020,53,4,1,1,3,True,,,,16.2,18.3,21.9,448.8,33.6,13.7427,20,241,131,0.0
51,1,0,1,2020,53,4,1,1,3,True,,,252.28280967448336,34.5,47.5,27.5,2443.5,166.0,47.6786,38,1305,671,35.02123679849141
53,1,0,1,2020,53,4,1,1,3,True,,,,35.1,42.6,36.6,302.7,38.4,15.2288,40,171,105,0.0
54,1,0,1,2020,53,4,1,1,3,True,,,687.1368691246666,51.5,98.0,96.5,2581.5,429.0,154.0869,97,1505,801,83.55770717479555
56,1,0,1,2020,53,4,1,1,3,True,,,32.37415087236668,0.6,0.0,0.0,240.9,21.0,0.2824,0,131,65,0.0
64,1,0,1,2020,53,4,1,1,3,True,,,,2.1,3.0,6.3,122.7,14.4,0.845,5,69,37,0.0
65,1,0,1,2020,53,4,1,1,3,True,,,,6.5,8.5,21.0,621.5,114.5,14.7618,15,368,191,0.0
73,1,0,1,2020,53,4,1,1,3,True,,,,4.5,3.6,8.1,477.9,23.7,1.9498,6,251,128,0.0
74,1,0,1,2020,53,4,1,1,3,True,,,151.25765407753332,3.5,6.0,14.5,3295.5,133.0,17.0852,10,1714,862,0.0
77,1,0,1,2020,53,4,1,1,3,True,,,162.16519688425,8.0,11.0,18.5,228.0,149.5,21.8758,15,189,102,0.0
78,1,0,1,2020,53,4,1,1,3,True,,,47.061430251050005,0.0,0.5,0.0,40.5,43.0,6.680700000000001,0,42,21,0.0
80,1,0,1,2020,53,4,1,1,3,True,,,14.3239431091,0.3,0.6,,11.4,13.5,0.6685,0,12,6,0.0
82,1,0,1,2020,53,4,1,1,3,True,,,,1.95,3.15,3.3,,,,3,0,2,0.0
86,1,0,1,2020,53,4,1,1,3,True,,,17.799825979950004,0.45,0.3,0.0,10.8,5.25,0.5255,0,8,4,0.0
102,2,0,1,2020,53,4,1,1,3,True,,,,0.3,0.9,0.3,16.2,10.5,0.2824,1,13,7,0.0
103,2,0,1,2020,53,4,1,1,3,True,,,,0.3,0.6,0.0,96.6,71.4,1.497,0,84,42,0.0
118,3,0,1,2020,53,4,1,1,3,True,,,,2.5,1.5,15.5,184.0,,17.6805,8,92,50,0.0
